{
  "version": "1.0",
  "schema": "https://darwin-public.s3.eu-west-1.amazonaws.com/darwin_json/metadata/1.0/schema.json",
  "classes": [
    {
      "name": "Sedani",
      "type": "polygon",
      "description": null,
      "color": "rgba(255,46,0,1.0)",
      "sub_types": [
        "inference"
      ],
      "properties": []
    },
    {
      "name": "Ditalini",
      "type": "polygon",
      "description": null,
      "color": "rgba(219,0,255,1.0)",
      "sub_types": [
        "inference"
      ],
      "properties": []
    },
    {
      "name": "Fusilli",
      "type": "polygon",
      "description": null,
      "color": "rgba(143,255,0,1.0)",
      "sub_types": [
        "inference"
      ],
      "properties": []
    },
    {
      "name": "Conchiglie",
      "type": "polygon",
      "description": null,
      "color": "rgba(255,153,0,1.0)",
      "sub_types": [
        "inference"
      ],
      "properties": []
    },
    {
      "name": "Farfalle",
      "type": "polygon",
      "description": null,
      "color": "rgba(0,194,255,1.0)",
      "sub_types": [
        "inference"
      ],
      "properties": []
    }
  ]
}