{
  "version": "2.0",
  "schema_ref": "https://darwin-public.s3.eu-west-1.amazonaws.com/darwin_json/2.0/schema.json",
  "item": {
    "name": "conchiglie.4qe5grqg.ingestion-5fd995d986-fwdsf.jpg",
    "path": "/",
    "source_info": {
      "item_id": "018ea5b6-3848-dbe5-3c9f-ee8483cc895d",
      "dataset": {
        "name": "Pasta",
        "slug": "pasta",
        "dataset_management_url": "https://darwin.v7labs.com/datasets/735230/dataset-management"
      },
      "team": {
        "name": "Salvino",
        "slug": "salvino"
      },
      "workview_url": "https://darwin.v7labs.com/workview?dataset=735230&item=018ea5b6-3848-dbe5-3c9f-ee8483cc895d"
    },
    "slots": [
      {
        "type": "image",
        "slot_name": "0",
        "width": 512,
        "height": 512,
        "thumbnail_url": "https://darwin.v7labs.com/api/v2/teams/salvino/files/c9e76be5-8440-4a76-a8a4-9ef31a1b25e2/thumbnail",
        "source_files": [
          {
            "file_name": "conchiglie.4qe5grqg.ingestion-5fd995d986-fwdsf.jpg",
            "url": "https://darwin.v7labs.com/api/v2/teams/salvino/uploads/bfeb5c1a-10f1-43ba-b368-758f48bb9409"
          }
        ]
      }
    ]
  },
  "annotations": [
    {
      "bounding_box": {
        "h": 114.0,
        "w": 156.0,
        "x": 225.0,
        "y": 194.0
      },
      "id": "ef09f3d7-d1b4-49c5-b89e-00062f2ac606",
      "name": "Conchiglie",
      "polygon": {
        "paths": [
          [
            {
              "x": 229.0,
              "y": 218.0
            },
            {
              "x": 229.0,
              "y": 221.0
            },
            {
              "x": 227.0,
              "y": 225.0
            },
            {
              "x": 227.0,
              "y": 229.0
            },
            {
              "x": 226.0,
              "y": 230.0
            },
            {
              "x": 226.0,
              "y": 233.0
            },
            {
              "x": 225.0,
              "y": 234.0
            },
            {
              "x": 225.0,
              "y": 242.0
            },
            {
              "x": 227.0,
              "y": 245.0
            },
            {
              "x": 227.0,
              "y": 247.0
            },
            {
              "x": 230.0,
              "y": 250.0
            },
            {
              "x": 231.0,
              "y": 250.0
            },
            {
              "x": 237.0,
              "y": 255.0
            },
            {
              "x": 241.0,
              "y": 257.0
            },
            {
              "x": 241.0,
              "y": 260.0
            },
            {
              "x": 245.0,
              "y": 265.0
            },
            {
              "x": 246.0,
              "y": 267.0
            },
            {
              "x": 246.0,
              "y": 270.0
            },
            {
              "x": 249.0,
              "y": 273.0
            },
            {
              "x": 250.0,
              "y": 277.0
            },
            {
              "x": 255.0,
              "y": 282.0
            },
            {
              "x": 255.0,
              "y": 284.0
            },
            {
              "x": 260.0,
              "y": 289.0
            },
            {
              "x": 260.0,
              "y": 290.0
            },
            {
              "x": 268.0,
              "y": 297.0
            },
            {
              "x": 272.0,
              "y": 298.0
            },
            {
              "x": 277.0,
              "y": 302.0
            },
            {
              "x": 279.0,
              "y": 303.0
            },
            {
              "x": 283.0,
              "y": 303.0
            },
            {
              "x": 285.0,
              "y": 305.0
            },
            {
              "x": 287.0,
              "y": 305.0
            },
            {
              "x": 290.0,
              "y": 307.0
            },
            {
              "x": 296.0,
              "y": 307.0
            },
            {
              "x": 297.0,
              "y": 308.0
            },
            {
              "x": 299.0,
              "y": 307.0
            },
            {
              "x": 314.0,
              "y": 307.0
            },
            {
              "x": 317.0,
              "y": 305.0
            },
            {
              "x": 322.0,
              "y": 305.0
            },
            {
              "x": 325.0,
              "y": 303.0
            },
            {
              "x": 328.0,
              "y": 303.0
            },
            {
              "x": 333.0,
              "y": 300.0
            },
            {
              "x": 337.0,
              "y": 300.0
            },
            {
              "x": 338.0,
              "y": 299.0
            },
            {
              "x": 340.0,
              "y": 299.0
            },
            {
              "x": 346.0,
              "y": 296.0
            },
            {
              "x": 349.0,
              "y": 296.0
            },
            {
              "x": 350.0,
              "y": 297.0
            },
            {
              "x": 357.0,
              "y": 297.0
            },
            {
              "x": 358.0,
              "y": 296.0
            },
            {
              "x": 359.0,
              "y": 297.0
            },
            {
              "x": 362.0,
              "y": 297.0
            },
            {
              "x": 368.0,
              "y": 294.0
            },
            {
              "x": 371.0,
              "y": 294.0
            },
            {
              "x": 375.0,
              "y": 292.0
            },
            {
              "x": 377.0,
              "y": 290.0
            },
            {
              "x": 378.0,
              "y": 287.0
            },
            {
              "x": 381.0,
              "y": 283.0
            },
            {
              "x": 381.0,
              "y": 282.0
            },
            {
              "x": 378.0,
              "y": 278.0
            },
            {
              "x": 378.0,
              "y": 273.0
            },
            {
              "x": 379.0,
              "y": 272.0
            },
            {
              "x": 379.0,
              "y": 267.0
            },
            {
              "x": 378.0,
              "y": 266.0
            },
            {
              "x": 378.0,
              "y": 264.0
            },
            {
              "x": 375.0,
              "y": 260.0
            },
            {
              "x": 375.0,
              "y": 259.0
            },
            {
              "x": 372.0,
              "y": 257.0
            },
            {
              "x": 371.0,
              "y": 254.0
            },
            {
              "x": 368.0,
              "y": 251.0
            },
            {
              "x": 366.0,
              "y": 247.0
            },
            {
              "x": 355.0,
              "y": 235.0
            },
            {
              "x": 355.0,
              "y": 232.0
            },
            {
              "x": 353.0,
              "y": 230.0
            },
            {
              "x": 351.0,
              "y": 226.0
            },
            {
              "x": 351.0,
              "y": 224.0
            },
            {
              "x": 349.0,
              "y": 222.0
            },
            {
              "x": 345.0,
              "y": 215.0
            },
            {
              "x": 341.0,
              "y": 211.0
            },
            {
              "x": 341.0,
              "y": 210.0
            },
            {
              "x": 337.0,
              "y": 206.0
            },
            {
              "x": 334.0,
              "y": 205.0
            },
            {
              "x": 331.0,
              "y": 201.0
            },
            {
              "x": 325.0,
              "y": 198.0
            },
            {
              "x": 323.0,
              "y": 198.0
            },
            {
              "x": 321.0,
              "y": 196.0
            },
            {
              "x": 319.0,
              "y": 196.0
            },
            {
              "x": 318.0,
              "y": 195.0
            },
            {
              "x": 311.0,
              "y": 195.0
            },
            {
              "x": 310.0,
              "y": 194.0
            },
            {
              "x": 296.0,
              "y": 194.0
            },
            {
              "x": 295.0,
              "y": 195.0
            },
            {
              "x": 292.0,
              "y": 195.0
            },
            {
              "x": 291.0,
              "y": 196.0
            },
            {
              "x": 287.0,
              "y": 196.0
            },
            {
              "x": 283.0,
              "y": 199.0
            },
            {
              "x": 275.0,
              "y": 201.0
            },
            {
              "x": 270.0,
              "y": 205.0
            },
            {
              "x": 262.0,
              "y": 209.0
            },
            {
              "x": 259.0,
              "y": 209.0
            },
            {
              "x": 258.0,
              "y": 210.0
            },
            {
              "x": 255.0,
              "y": 210.0
            },
            {
              "x": 254.0,
              "y": 211.0
            },
            {
              "x": 251.0,
              "y": 211.0
            },
            {
              "x": 250.0,
              "y": 212.0
            },
            {
              "x": 238.0,
              "y": 213.0
            },
            {
              "x": 237.0,
              "y": 214.0
            },
            {
              "x": 234.0,
              "y": 214.0
            },
            {
              "x": 232.0,
              "y": 216.0
            },
            {
              "x": 231.0,
              "y": 216.0
            }
          ]
        ]
      },
      "properties": [],
      "slot_names": [
        "0"
      ]
    }
  ]
}