{
  "version": "2.0",
  "schema_ref": "https://darwin-public.s3.eu-west-1.amazonaws.com/darwin_json/2.0/schema.json",
  "item": {
    "name": "conchiglie.4qe5h898.ingestion-5fd995d986-9zbdz.jpg",
    "path": "/",
    "source_info": {
      "item_id": "018ea5b6-3848-efb5-2f8b-35981fe0ee96",
      "dataset": {
        "name": "Pasta",
        "slug": "pasta",
        "dataset_management_url": "https://darwin.v7labs.com/datasets/735230/dataset-management"
      },
      "team": {
        "name": "Salvino",
        "slug": "salvino"
      },
      "workview_url": "https://darwin.v7labs.com/workview?dataset=735230&item=018ea5b6-3848-efb5-2f8b-35981fe0ee96"
    },
    "slots": [
      {
        "type": "image",
        "slot_name": "0",
        "width": 512,
        "height": 512,
        "thumbnail_url": "https://darwin.v7labs.com/api/v2/teams/salvino/files/fdd545f9-b84d-417f-ba34-486365ac201d/thumbnail",
        "source_files": [
          {
            "file_name": "conchiglie.4qe5h898.ingestion-5fd995d986-9zbdz.jpg",
            "url": "https://darwin.v7labs.com/api/v2/teams/salvino/uploads/83abf1f8-26b8-45d5-8018-6a1b1e8b3b19"
          }
        ]
      }
    ]
  },
  "annotations": [
    {
      "bounding_box": {
        "h": 231.0,
        "w": 181.0,
        "x": 65.0,
        "y": 155.0
      },
      "id": "a5648706-47ac-48f5-98b4-9b4607221baa",
      "name": "Conchiglie",
      "polygon": {
        "paths": [
          [
            {
              "x": 117.0,
              "y": 157.0
            },
            {
              "x": 110.0,
              "y": 161.0
            },
            {
              "x": 108.0,
              "y": 161.0
            },
            {
              "x": 106.0,
              "y": 163.0
            },
            {
              "x": 102.0,
              "y": 165.0
            },
            {
              "x": 102.0,
              "y": 166.0
            },
            {
              "x": 95.0,
              "y": 173.0
            },
            {
              "x": 94.0,
              "y": 175.0
            },
            {
              "x": 94.0,
              "y": 180.0
            },
            {
              "x": 95.0,
              "y": 181.0
            },
            {
              "x": 93.0,
              "y": 184.0
            },
            {
              "x": 93.0,
              "y": 191.0
            },
            {
              "x": 94.0,
              "y": 192.0
            },
            {
              "x": 94.0,
              "y": 194.0
            },
            {
              "x": 92.0,
              "y": 197.0
            },
            {
              "x": 92.0,
              "y": 203.0
            },
            {
              "x": 89.0,
              "y": 207.0
            },
            {
              "x": 88.0,
              "y": 210.0
            },
            {
              "x": 86.0,
              "y": 212.0
            },
            {
              "x": 86.0,
              "y": 214.0
            },
            {
              "x": 82.0,
              "y": 219.0
            },
            {
              "x": 80.0,
              "y": 224.0
            },
            {
              "x": 78.0,
              "y": 225.0
            },
            {
              "x": 74.0,
              "y": 234.0
            },
            {
              "x": 72.0,
              "y": 236.0
            },
            {
              "x": 72.0,
              "y": 238.0
            },
            {
              "x": 69.0,
              "y": 242.0
            },
            {
              "x": 69.0,
              "y": 245.0
            },
            {
              "x": 66.0,
              "y": 251.0
            },
            {
              "x": 66.0,
              "y": 258.0
            },
            {
              "x": 65.0,
              "y": 259.0
            },
            {
              "x": 65.0,
              "y": 273.0
            },
            {
              "x": 66.0,
              "y": 274.0
            },
            {
              "x": 67.0,
              "y": 286.0
            },
            {
              "x": 70.0,
              "y": 292.0
            },
            {
              "x": 72.0,
              "y": 294.0
            },
            {
              "x": 72.0,
              "y": 298.0
            },
            {
              "x": 74.0,
              "y": 302.0
            },
            {
              "x": 80.0,
              "y": 308.0
            },
            {
              "x": 81.0,
              "y": 312.0
            },
            {
              "x": 85.0,
              "y": 316.0
            },
            {
              "x": 86.0,
              "y": 316.0
            },
            {
              "x": 95.0,
              "y": 326.0
            },
            {
              "x": 100.0,
              "y": 328.0
            },
            {
              "x": 106.0,
              "y": 334.0
            },
            {
              "x": 108.0,
              "y": 335.0
            },
            {
              "x": 111.0,
              "y": 335.0
            },
            {
              "x": 115.0,
              "y": 337.0
            },
            {
              "x": 121.0,
              "y": 342.0
            },
            {
              "x": 125.0,
              "y": 342.0
            },
            {
              "x": 126.0,
              "y": 343.0
            },
            {
              "x": 128.0,
              "y": 343.0
            },
            {
              "x": 132.0,
              "y": 347.0
            },
            {
              "x": 136.0,
              "y": 348.0
            },
            {
              "x": 137.0,
              "y": 349.0
            },
            {
              "x": 139.0,
              "y": 349.0
            },
            {
              "x": 143.0,
              "y": 351.0
            },
            {
              "x": 147.0,
              "y": 355.0
            },
            {
              "x": 151.0,
              "y": 356.0
            },
            {
              "x": 153.0,
              "y": 358.0
            },
            {
              "x": 154.0,
              "y": 358.0
            },
            {
              "x": 157.0,
              "y": 361.0
            },
            {
              "x": 158.0,
              "y": 364.0
            },
            {
              "x": 161.0,
              "y": 367.0
            },
            {
              "x": 162.0,
              "y": 370.0
            },
            {
              "x": 164.0,
              "y": 372.0
            },
            {
              "x": 165.0,
              "y": 372.0
            },
            {
              "x": 166.0,
              "y": 374.0
            },
            {
              "x": 168.0,
              "y": 375.0
            },
            {
              "x": 169.0,
              "y": 378.0
            },
            {
              "x": 171.0,
              "y": 380.0
            },
            {
              "x": 175.0,
              "y": 380.0
            },
            {
              "x": 177.0,
              "y": 382.0
            },
            {
              "x": 181.0,
              "y": 384.0
            },
            {
              "x": 183.0,
              "y": 384.0
            },
            {
              "x": 184.0,
              "y": 385.0
            },
            {
              "x": 192.0,
              "y": 385.0
            },
            {
              "x": 193.0,
              "y": 386.0
            },
            {
              "x": 200.0,
              "y": 386.0
            },
            {
              "x": 202.0,
              "y": 385.0
            },
            {
              "x": 205.0,
              "y": 382.0
            },
            {
              "x": 206.0,
              "y": 378.0
            },
            {
              "x": 211.0,
              "y": 372.0
            },
            {
              "x": 211.0,
              "y": 371.0
            },
            {
              "x": 214.0,
              "y": 368.0
            },
            {
              "x": 219.0,
              "y": 366.0
            },
            {
              "x": 226.0,
              "y": 360.0
            },
            {
              "x": 227.0,
              "y": 356.0
            },
            {
              "x": 228.0,
              "y": 355.0
            },
            {
              "x": 228.0,
              "y": 353.0
            },
            {
              "x": 229.0,
              "y": 352.0
            },
            {
              "x": 229.0,
              "y": 347.0
            },
            {
              "x": 232.0,
              "y": 343.0
            },
            {
              "x": 232.0,
              "y": 333.0
            },
            {
              "x": 233.0,
              "y": 332.0
            },
            {
              "x": 233.0,
              "y": 322.0
            },
            {
              "x": 234.0,
              "y": 321.0
            },
            {
              "x": 234.0,
              "y": 315.0
            },
            {
              "x": 235.0,
              "y": 314.0
            },
            {
              "x": 235.0,
              "y": 312.0
            },
            {
              "x": 237.0,
              "y": 308.0
            },
            {
              "x": 237.0,
              "y": 303.0
            },
            {
              "x": 238.0,
              "y": 302.0
            },
            {
              "x": 238.0,
              "y": 300.0
            },
            {
              "x": 240.0,
              "y": 296.0
            },
            {
              "x": 240.0,
              "y": 288.0
            },
            {
              "x": 242.0,
              "y": 284.0
            },
            {
              "x": 242.0,
              "y": 279.0
            },
            {
              "x": 243.0,
              "y": 278.0
            },
            {
              "x": 243.0,
              "y": 274.0
            },
            {
              "x": 244.0,
              "y": 273.0
            },
            {
              "x": 244.0,
              "y": 270.0
            },
            {
              "x": 245.0,
              "y": 269.0
            },
            {
              "x": 245.0,
              "y": 260.0
            },
            {
              "x": 246.0,
              "y": 259.0
            },
            {
              "x": 246.0,
              "y": 250.0
            },
            {
              "x": 245.0,
              "y": 249.0
            },
            {
              "x": 245.0,
              "y": 240.0
            },
            {
              "x": 244.0,
              "y": 239.0
            },
            {
              "x": 244.0,
              "y": 236.0
            },
            {
              "x": 243.0,
              "y": 235.0
            },
            {
              "x": 243.0,
              "y": 229.0
            },
            {
              "x": 242.0,
              "y": 228.0
            },
            {
              "x": 241.0,
              "y": 223.0
            },
            {
              "x": 239.0,
              "y": 219.0
            },
            {
              "x": 237.0,
              "y": 217.0
            },
            {
              "x": 236.0,
              "y": 213.0
            },
            {
              "x": 231.0,
              "y": 207.0
            },
            {
              "x": 227.0,
              "y": 200.0
            },
            {
              "x": 223.0,
              "y": 196.0
            },
            {
              "x": 222.0,
              "y": 196.0
            },
            {
              "x": 216.0,
              "y": 190.0
            },
            {
              "x": 215.0,
              "y": 188.0
            },
            {
              "x": 213.0,
              "y": 188.0
            },
            {
              "x": 209.0,
              "y": 186.0
            },
            {
              "x": 202.0,
              "y": 180.0
            },
            {
              "x": 196.0,
              "y": 179.0
            },
            {
              "x": 195.0,
              "y": 178.0
            },
            {
              "x": 193.0,
              "y": 178.0
            },
            {
              "x": 189.0,
              "y": 176.0
            },
            {
              "x": 186.0,
              "y": 176.0
            },
            {
              "x": 185.0,
              "y": 175.0
            },
            {
              "x": 181.0,
              "y": 175.0
            },
            {
              "x": 178.0,
              "y": 173.0
            },
            {
              "x": 174.0,
              "y": 173.0
            },
            {
              "x": 173.0,
              "y": 172.0
            },
            {
              "x": 168.0,
              "y": 172.0
            },
            {
              "x": 167.0,
              "y": 171.0
            },
            {
              "x": 164.0,
              "y": 171.0
            },
            {
              "x": 156.0,
              "y": 167.0
            },
            {
              "x": 152.0,
              "y": 163.0
            },
            {
              "x": 146.0,
              "y": 161.0
            },
            {
              "x": 143.0,
              "y": 158.0
            },
            {
              "x": 143.0,
              "y": 157.0
            },
            {
              "x": 139.0,
              "y": 155.0
            },
            {
              "x": 124.0,
              "y": 155.0
            },
            {
              "x": 123.0,
              "y": 156.0
            },
            {
              "x": 120.0,
              "y": 156.0
            },
            {
              "x": 119.0,
              "y": 157.0
            }
          ]
        ]
      },
      "properties": [],
      "slot_names": [
        "0"
      ]
    }
  ]
}