{
  "version": "2.0",
  "schema_ref": "https://darwin-public.s3.eu-west-1.amazonaws.com/darwin_json/2.0/schema.json",
  "item": {
    "name": "conchiglie.4qe89mhl.ingestion-5fd995d986-fwdsf.jpg",
    "path": "/",
    "source_info": {
      "item_id": "018ea5b6-3844-82cf-2714-ba798cd17dab",
      "dataset": {
        "name": "Pasta",
        "slug": "pasta",
        "dataset_management_url": "https://darwin.v7labs.com/datasets/735230/dataset-management"
      },
      "team": {
        "name": "Salvino",
        "slug": "salvino"
      },
      "workview_url": "https://darwin.v7labs.com/workview?dataset=735230&item=018ea5b6-3844-82cf-2714-ba798cd17dab"
    },
    "slots": [
      {
        "type": "image",
        "slot_name": "0",
        "width": 512,
        "height": 512,
        "thumbnail_url": "https://darwin.v7labs.com/api/v2/teams/salvino/files/379a7178-4f99-42be-b976-688c7a372036/thumbnail",
        "source_files": [
          {
            "file_name": "conchiglie.4qe89mhl.ingestion-5fd995d986-fwdsf.jpg",
            "url": "https://darwin.v7labs.com/api/v2/teams/salvino/uploads/1d4150ae-fc3b-4a09-8349-a6c9955651ab"
          }
        ]
      }
    ]
  },
  "annotations": [
    {
      "bounding_box": {
        "h": 241.0,
        "w": 246.0,
        "x": 160.0,
        "y": 133.0
      },
      "id": "2d07b45d-5a19-43cf-9a66-2701bf41e130",
      "name": "Fusilli",
      "polygon": {
        "paths": [
          [
            {
              "x": 191.0,
              "y": 133.0
            },
            {
              "x": 189.0,
              "y": 137.0
            },
            {
              "x": 188.0,
              "y": 149.0
            },
            {
              "x": 184.0,
              "y": 157.0
            },
            {
              "x": 181.0,
              "y": 159.0
            },
            {
              "x": 178.0,
              "y": 159.0
            },
            {
              "x": 175.0,
              "y": 161.0
            },
            {
              "x": 170.0,
              "y": 162.0
            },
            {
              "x": 168.0,
              "y": 164.0
            },
            {
              "x": 167.0,
              "y": 164.0
            },
            {
              "x": 166.0,
              "y": 166.0
            },
            {
              "x": 164.0,
              "y": 167.0
            },
            {
              "x": 161.0,
              "y": 173.0
            },
            {
              "x": 161.0,
              "y": 175.0
            },
            {
              "x": 160.0,
              "y": 176.0
            },
            {
              "x": 160.0,
              "y": 179.0
            },
            {
              "x": 166.0,
              "y": 187.0
            },
            {
              "x": 167.0,
              "y": 192.0
            },
            {
              "x": 169.0,
              "y": 194.0
            },
            {
              "x": 169.0,
              "y": 196.0
            },
            {
              "x": 170.0,
              "y": 197.0
            },
            {
              "x": 170.0,
              "y": 200.0
            },
            {
              "x": 172.0,
              "y": 202.0
            },
            {
              "x": 173.0,
              "y": 207.0
            },
            {
              "x": 175.0,
              "y": 209.0
            },
            {
              "x": 175.0,
              "y": 211.0
            },
            {
              "x": 176.0,
              "y": 212.0
            },
            {
              "x": 176.0,
              "y": 215.0
            },
            {
              "x": 179.0,
              "y": 218.0
            },
            {
              "x": 179.0,
              "y": 220.0
            },
            {
              "x": 180.0,
              "y": 220.0
            },
            {
              "x": 181.0,
              "y": 222.0
            },
            {
              "x": 185.0,
              "y": 225.0
            },
            {
              "x": 187.0,
              "y": 225.0
            },
            {
              "x": 188.0,
              "y": 226.0
            },
            {
              "x": 192.0,
              "y": 226.0
            },
            {
              "x": 196.0,
              "y": 230.0
            },
            {
              "x": 196.0,
              "y": 237.0
            },
            {
              "x": 197.0,
              "y": 238.0
            },
            {
              "x": 197.0,
              "y": 242.0
            },
            {
              "x": 198.0,
              "y": 243.0
            },
            {
              "x": 198.0,
              "y": 245.0
            },
            {
              "x": 202.0,
              "y": 249.0
            },
            {
              "x": 206.0,
              "y": 250.0
            },
            {
              "x": 207.0,
              "y": 251.0
            },
            {
              "x": 212.0,
              "y": 251.0
            },
            {
              "x": 218.0,
              "y": 254.0
            },
            {
              "x": 219.0,
              "y": 266.0
            },
            {
              "x": 221.0,
              "y": 268.0
            },
            {
              "x": 223.0,
              "y": 272.0
            },
            {
              "x": 232.0,
              "y": 277.0
            },
            {
              "x": 243.0,
              "y": 277.0
            },
            {
              "x": 246.0,
              "y": 280.0
            },
            {
              "x": 246.0,
              "y": 286.0
            },
            {
              "x": 247.0,
              "y": 287.0
            },
            {
              "x": 247.0,
              "y": 290.0
            },
            {
              "x": 250.0,
              "y": 296.0
            },
            {
              "x": 251.0,
              "y": 296.0
            },
            {
              "x": 254.0,
              "y": 299.0
            },
            {
              "x": 258.0,
              "y": 300.0
            },
            {
              "x": 260.0,
              "y": 302.0
            },
            {
              "x": 270.0,
              "y": 302.0
            },
            {
              "x": 271.0,
              "y": 303.0
            },
            {
              "x": 273.0,
              "y": 303.0
            },
            {
              "x": 275.0,
              "y": 307.0
            },
            {
              "x": 275.0,
              "y": 311.0
            },
            {
              "x": 276.0,
              "y": 312.0
            },
            {
              "x": 277.0,
              "y": 317.0
            },
            {
              "x": 281.0,
              "y": 322.0
            },
            {
              "x": 291.0,
              "y": 327.0
            },
            {
              "x": 296.0,
              "y": 327.0
            },
            {
              "x": 297.0,
              "y": 328.0
            },
            {
              "x": 299.0,
              "y": 328.0
            },
            {
              "x": 302.0,
              "y": 332.0
            },
            {
              "x": 302.0,
              "y": 335.0
            },
            {
              "x": 306.0,
              "y": 343.0
            },
            {
              "x": 307.0,
              "y": 343.0
            },
            {
              "x": 308.0,
              "y": 345.0
            },
            {
              "x": 309.0,
              "y": 345.0
            },
            {
              "x": 312.0,
              "y": 348.0
            },
            {
              "x": 318.0,
              "y": 351.0
            },
            {
              "x": 321.0,
              "y": 351.0
            },
            {
              "x": 322.0,
              "y": 352.0
            },
            {
              "x": 326.0,
              "y": 352.0
            },
            {
              "x": 328.0,
              "y": 353.0
            },
            {
              "x": 332.0,
              "y": 361.0
            },
            {
              "x": 334.0,
              "y": 363.0
            },
            {
              "x": 334.0,
              "y": 364.0
            },
            {
              "x": 335.0,
              "y": 364.0
            },
            {
              "x": 337.0,
              "y": 366.0
            },
            {
              "x": 337.0,
              "y": 367.0
            },
            {
              "x": 338.0,
              "y": 367.0
            },
            {
              "x": 343.0,
              "y": 371.0
            },
            {
              "x": 346.0,
              "y": 371.0
            },
            {
              "x": 349.0,
              "y": 373.0
            },
            {
              "x": 353.0,
              "y": 373.0
            },
            {
              "x": 354.0,
              "y": 374.0
            },
            {
              "x": 367.0,
              "y": 374.0
            },
            {
              "x": 368.0,
              "y": 373.0
            },
            {
              "x": 372.0,
              "y": 373.0
            },
            {
              "x": 373.0,
              "y": 372.0
            },
            {
              "x": 381.0,
              "y": 370.0
            },
            {
              "x": 383.0,
              "y": 368.0
            },
            {
              "x": 387.0,
              "y": 368.0
            },
            {
              "x": 388.0,
              "y": 367.0
            },
            {
              "x": 390.0,
              "y": 367.0
            },
            {
              "x": 394.0,
              "y": 363.0
            },
            {
              "x": 394.0,
              "y": 356.0
            },
            {
              "x": 392.0,
              "y": 354.0
            },
            {
              "x": 390.0,
              "y": 349.0
            },
            {
              "x": 387.0,
              "y": 346.0
            },
            {
              "x": 387.0,
              "y": 344.0
            },
            {
              "x": 385.0,
              "y": 343.0
            },
            {
              "x": 383.0,
              "y": 339.0
            },
            {
              "x": 383.0,
              "y": 336.0
            },
            {
              "x": 385.0,
              "y": 332.0
            },
            {
              "x": 387.0,
              "y": 331.0
            },
            {
              "x": 387.0,
              "y": 330.0
            },
            {
              "x": 393.0,
              "y": 325.0
            },
            {
              "x": 400.0,
              "y": 324.0
            },
            {
              "x": 402.0,
              "y": 322.0
            },
            {
              "x": 403.0,
              "y": 322.0
            },
            {
              "x": 406.0,
              "y": 318.0
            },
            {
              "x": 406.0,
              "y": 315.0
            },
            {
              "x": 400.0,
              "y": 310.0
            },
            {
              "x": 391.0,
              "y": 310.0
            },
            {
              "x": 390.0,
              "y": 311.0
            },
            {
              "x": 386.0,
              "y": 311.0
            },
            {
              "x": 385.0,
              "y": 312.0
            },
            {
              "x": 379.0,
              "y": 312.0
            },
            {
              "x": 378.0,
              "y": 313.0
            },
            {
              "x": 376.0,
              "y": 311.0
            },
            {
              "x": 376.0,
              "y": 306.0
            },
            {
              "x": 380.0,
              "y": 298.0
            },
            {
              "x": 380.0,
              "y": 295.0
            },
            {
              "x": 379.0,
              "y": 293.0
            },
            {
              "x": 375.0,
              "y": 289.0
            },
            {
              "x": 373.0,
              "y": 289.0
            },
            {
              "x": 372.0,
              "y": 288.0
            },
            {
              "x": 362.0,
              "y": 288.0
            },
            {
              "x": 361.0,
              "y": 289.0
            },
            {
              "x": 358.0,
              "y": 289.0
            },
            {
              "x": 356.0,
              "y": 291.0
            },
            {
              "x": 350.0,
              "y": 291.0
            },
            {
              "x": 349.0,
              "y": 290.0
            },
            {
              "x": 349.0,
              "y": 288.0
            },
            {
              "x": 350.0,
              "y": 287.0
            },
            {
              "x": 350.0,
              "y": 285.0
            },
            {
              "x": 352.0,
              "y": 281.0
            },
            {
              "x": 352.0,
              "y": 276.0
            },
            {
              "x": 351.0,
              "y": 275.0
            },
            {
              "x": 350.0,
              "y": 269.0
            },
            {
              "x": 349.0,
              "y": 269.0
            },
            {
              "x": 347.0,
              "y": 266.0
            },
            {
              "x": 343.0,
              "y": 264.0
            },
            {
              "x": 325.0,
              "y": 264.0
            },
            {
              "x": 324.0,
              "y": 263.0
            },
            {
              "x": 324.0,
              "y": 249.0
            },
            {
              "x": 322.0,
              "y": 245.0
            },
            {
              "x": 321.0,
              "y": 245.0
            },
            {
              "x": 316.0,
              "y": 241.0
            },
            {
              "x": 311.0,
              "y": 241.0
            },
            {
              "x": 310.0,
              "y": 240.0
            },
            {
              "x": 302.0,
              "y": 240.0
            },
            {
              "x": 299.0,
              "y": 237.0
            },
            {
              "x": 298.0,
              "y": 227.0
            },
            {
              "x": 295.0,
              "y": 223.0
            },
            {
              "x": 291.0,
              "y": 221.0
            },
            {
              "x": 283.0,
              "y": 220.0
            },
            {
              "x": 282.0,
              "y": 219.0
            },
            {
              "x": 277.0,
              "y": 219.0
            },
            {
              "x": 275.0,
              "y": 218.0
            },
            {
              "x": 274.0,
              "y": 217.0
            },
            {
              "x": 274.0,
              "y": 208.0
            },
            {
              "x": 273.0,
              "y": 207.0
            },
            {
              "x": 273.0,
              "y": 204.0
            },
            {
              "x": 271.0,
              "y": 202.0
            },
            {
              "x": 270.0,
              "y": 199.0
            },
            {
              "x": 269.0,
              "y": 199.0
            },
            {
              "x": 265.0,
              "y": 196.0
            },
            {
              "x": 263.0,
              "y": 196.0
            },
            {
              "x": 262.0,
              "y": 195.0
            },
            {
              "x": 257.0,
              "y": 195.0
            },
            {
              "x": 253.0,
              "y": 193.0
            },
            {
              "x": 251.0,
              "y": 191.0
            },
            {
              "x": 251.0,
              "y": 182.0
            },
            {
              "x": 249.0,
              "y": 179.0
            },
            {
              "x": 249.0,
              "y": 177.0
            },
            {
              "x": 245.0,
              "y": 173.0
            },
            {
              "x": 243.0,
              "y": 173.0
            },
            {
              "x": 241.0,
              "y": 171.0
            },
            {
              "x": 235.0,
              "y": 170.0
            },
            {
              "x": 233.0,
              "y": 168.0
            },
            {
              "x": 228.0,
              "y": 168.0
            },
            {
              "x": 225.0,
              "y": 165.0
            },
            {
              "x": 224.0,
              "y": 161.0
            },
            {
              "x": 220.0,
              "y": 153.0
            },
            {
              "x": 218.0,
              "y": 151.0
            },
            {
              "x": 217.0,
              "y": 148.0
            },
            {
              "x": 216.0,
              "y": 148.0
            },
            {
              "x": 215.0,
              "y": 146.0
            },
            {
              "x": 214.0,
              "y": 146.0
            },
            {
              "x": 205.0,
              "y": 137.0
            },
            {
              "x": 204.0,
              "y": 137.0
            },
            {
              "x": 199.0,
              "y": 133.0
            }
          ]
        ]
      },
      "properties": [],
      "slot_names": [
        "0"
      ]
    }
  ]
}