{
  "version": "2.0",
  "schema_ref": "https://darwin-public.s3.eu-west-1.amazonaws.com/darwin_json/2.0/schema.json",
  "item": {
    "name": "conchiglie.4qe5g4nh.ingestion-5fd995d986-l5rgx.jpg",
    "path": "/",
    "source_info": {
      "item_id": "018ea5b6-3846-6b64-bba1-02b55c52d1ec",
      "dataset": {
        "name": "Pasta",
        "slug": "pasta",
        "dataset_management_url": "https://darwin.v7labs.com/datasets/735230/dataset-management"
      },
      "team": {
        "name": "Salvino",
        "slug": "salvino"
      },
      "workview_url": "https://darwin.v7labs.com/workview?dataset=735230&item=018ea5b6-3846-6b64-bba1-02b55c52d1ec"
    },
    "slots": [
      {
        "type": "image",
        "slot_name": "0",
        "width": 512,
        "height": 512,
        "thumbnail_url": "https://darwin.v7labs.com/api/v2/teams/salvino/files/f4700238-35a9-418f-b948-0cca6a537891/thumbnail",
        "source_files": [
          {
            "file_name": "conchiglie.4qe5g4nh.ingestion-5fd995d986-l5rgx.jpg",
            "url": "https://darwin.v7labs.com/api/v2/teams/salvino/uploads/24a7398d-a9c8-4b97-b5f6-38e4e84876bd"
          }
        ]
      }
    ]
  },
  "annotations": [
    {
      "bounding_box": {
        "h": 158.0,
        "w": 108.0,
        "x": 179.0,
        "y": 143.0
      },
      "id": "5feb8c3a-42e6-4924-bdf6-931b51e14420",
      "name": "Conchiglie",
      "polygon": {
        "paths": [
          [
            {
              "x": 246.0,
              "y": 143.0
            },
            {
              "x": 229.0,
              "y": 144.0
            },
            {
              "x": 228.0,
              "y": 145.0
            },
            {
              "x": 223.0,
              "y": 145.0
            },
            {
              "x": 221.0,
              "y": 146.0
            },
            {
              "x": 220.0,
              "y": 149.0
            },
            {
              "x": 216.0,
              "y": 154.0
            },
            {
              "x": 215.0,
              "y": 157.0
            },
            {
              "x": 211.0,
              "y": 161.0
            },
            {
              "x": 211.0,
              "y": 163.0
            },
            {
              "x": 207.0,
              "y": 167.0
            },
            {
              "x": 204.0,
              "y": 173.0
            },
            {
              "x": 202.0,
              "y": 174.0
            },
            {
              "x": 201.0,
              "y": 176.0
            },
            {
              "x": 200.0,
              "y": 176.0
            },
            {
              "x": 200.0,
              "y": 177.0
            },
            {
              "x": 188.0,
              "y": 190.0
            },
            {
              "x": 181.0,
              "y": 204.0
            },
            {
              "x": 181.0,
              "y": 211.0
            },
            {
              "x": 180.0,
              "y": 212.0
            },
            {
              "x": 180.0,
              "y": 215.0
            },
            {
              "x": 179.0,
              "y": 217.0
            },
            {
              "x": 180.0,
              "y": 218.0
            },
            {
              "x": 180.0,
              "y": 228.0
            },
            {
              "x": 181.0,
              "y": 229.0
            },
            {
              "x": 181.0,
              "y": 232.0
            },
            {
              "x": 183.0,
              "y": 235.0
            },
            {
              "x": 183.0,
              "y": 240.0
            },
            {
              "x": 186.0,
              "y": 244.0
            },
            {
              "x": 186.0,
              "y": 246.0
            },
            {
              "x": 188.0,
              "y": 248.0
            },
            {
              "x": 188.0,
              "y": 249.0
            },
            {
              "x": 190.0,
              "y": 250.0
            },
            {
              "x": 190.0,
              "y": 252.0
            },
            {
              "x": 195.0,
              "y": 258.0
            },
            {
              "x": 196.0,
              "y": 261.0
            },
            {
              "x": 200.0,
              "y": 265.0
            },
            {
              "x": 200.0,
              "y": 268.0
            },
            {
              "x": 202.0,
              "y": 269.0
            },
            {
              "x": 202.0,
              "y": 270.0
            },
            {
              "x": 204.0,
              "y": 272.0
            },
            {
              "x": 204.0,
              "y": 274.0
            },
            {
              "x": 206.0,
              "y": 275.0
            },
            {
              "x": 207.0,
              "y": 279.0
            },
            {
              "x": 209.0,
              "y": 281.0
            },
            {
              "x": 211.0,
              "y": 286.0
            },
            {
              "x": 215.0,
              "y": 290.0
            },
            {
              "x": 215.0,
              "y": 291.0
            },
            {
              "x": 219.0,
              "y": 294.0
            },
            {
              "x": 225.0,
              "y": 294.0
            },
            {
              "x": 226.0,
              "y": 295.0
            },
            {
              "x": 229.0,
              "y": 295.0
            },
            {
              "x": 235.0,
              "y": 301.0
            },
            {
              "x": 239.0,
              "y": 301.0
            },
            {
              "x": 242.0,
              "y": 298.0
            },
            {
              "x": 245.0,
              "y": 297.0
            },
            {
              "x": 251.0,
              "y": 291.0
            },
            {
              "x": 252.0,
              "y": 291.0
            },
            {
              "x": 252.0,
              "y": 290.0
            },
            {
              "x": 254.0,
              "y": 288.0
            },
            {
              "x": 255.0,
              "y": 286.0
            },
            {
              "x": 255.0,
              "y": 280.0
            },
            {
              "x": 256.0,
              "y": 279.0
            },
            {
              "x": 256.0,
              "y": 277.0
            },
            {
              "x": 259.0,
              "y": 274.0
            },
            {
              "x": 261.0,
              "y": 269.0
            },
            {
              "x": 266.0,
              "y": 265.0
            },
            {
              "x": 266.0,
              "y": 264.0
            },
            {
              "x": 272.0,
              "y": 258.0
            },
            {
              "x": 273.0,
              "y": 255.0
            },
            {
              "x": 276.0,
              "y": 253.0
            },
            {
              "x": 277.0,
              "y": 249.0
            },
            {
              "x": 281.0,
              "y": 244.0
            },
            {
              "x": 281.0,
              "y": 241.0
            },
            {
              "x": 283.0,
              "y": 239.0
            },
            {
              "x": 284.0,
              "y": 237.0
            },
            {
              "x": 284.0,
              "y": 234.0
            },
            {
              "x": 285.0,
              "y": 233.0
            },
            {
              "x": 285.0,
              "y": 226.0
            },
            {
              "x": 287.0,
              "y": 222.0
            },
            {
              "x": 287.0,
              "y": 219.0
            },
            {
              "x": 286.0,
              "y": 218.0
            },
            {
              "x": 286.0,
              "y": 212.0
            },
            {
              "x": 285.0,
              "y": 211.0
            },
            {
              "x": 285.0,
              "y": 208.0
            },
            {
              "x": 283.0,
              "y": 205.0
            },
            {
              "x": 283.0,
              "y": 203.0
            },
            {
              "x": 281.0,
              "y": 201.0
            },
            {
              "x": 281.0,
              "y": 199.0
            },
            {
              "x": 279.0,
              "y": 195.0
            },
            {
              "x": 277.0,
              "y": 194.0
            },
            {
              "x": 275.0,
              "y": 189.0
            },
            {
              "x": 273.0,
              "y": 188.0
            },
            {
              "x": 273.0,
              "y": 187.0
            },
            {
              "x": 270.0,
              "y": 184.0
            },
            {
              "x": 269.0,
              "y": 181.0
            },
            {
              "x": 265.0,
              "y": 177.0
            },
            {
              "x": 264.0,
              "y": 174.0
            },
            {
              "x": 262.0,
              "y": 172.0
            },
            {
              "x": 259.0,
              "y": 166.0
            },
            {
              "x": 259.0,
              "y": 163.0
            },
            {
              "x": 258.0,
              "y": 162.0
            },
            {
              "x": 257.0,
              "y": 155.0
            },
            {
              "x": 254.0,
              "y": 149.0
            },
            {
              "x": 248.0,
              "y": 144.0
            },
            {
              "x": 247.0,
              "y": 144.0
            }
          ]
        ]
      },
      "properties": [],
      "slot_names": [
        "0"
      ]
    }
  ]
}