{
  "version": "2.0",
  "schema_ref": "https://darwin-public.s3.eu-west-1.amazonaws.com/darwin_json/2.0/schema.json",
  "item": {
    "name": "conchiglie.4qe87ht3.ingestion-5fd995d986-fwdsf.jpg",
    "path": "/",
    "source_info": {
      "item_id": "018ea5b6-384b-7dc6-468c-0e536197be0b",
      "dataset": {
        "name": "Pasta",
        "slug": "pasta",
        "dataset_management_url": "https://darwin.v7labs.com/datasets/735230/dataset-management"
      },
      "team": {
        "name": "Salvino",
        "slug": "salvino"
      },
      "workview_url": "https://darwin.v7labs.com/workview?dataset=735230&item=018ea5b6-384b-7dc6-468c-0e536197be0b"
    },
    "slots": [
      {
        "type": "image",
        "slot_name": "0",
        "width": 512,
        "height": 512,
        "thumbnail_url": "https://darwin.v7labs.com/api/v2/teams/salvino/files/d12d41b8-78d4-4865-b887-d0cf4ec7ef8e/thumbnail",
        "source_files": [
          {
            "file_name": "conchiglie.4qe87ht3.ingestion-5fd995d986-fwdsf.jpg",
            "url": "https://darwin.v7labs.com/api/v2/teams/salvino/uploads/19a91d46-5e6d-4399-ab81-2d01bbc30b00"
          }
        ]
      }
    ]
  },
  "annotations": [
    {
      "bounding_box": {
        "h": 187.0,
        "w": 196.0,
        "x": 93.0,
        "y": 210.0
      },
      "id": "5dc143ac-dd6d-4a05-8d56-7b67f8810b2a",
      "name": "Farfalle",
      "polygon": {
        "paths": [
          [
            {
              "x": 224.0,
              "y": 211.0
            },
            {
              "x": 221.0,
              "y": 211.0
            },
            {
              "x": 220.0,
              "y": 210.0
            },
            {
              "x": 219.0,
              "y": 211.0
            },
            {
              "x": 217.0,
              "y": 211.0
            },
            {
              "x": 210.0,
              "y": 219.0
            },
            {
              "x": 207.0,
              "y": 219.0
            },
            {
              "x": 199.0,
              "y": 210.0
            },
            {
              "x": 195.0,
              "y": 211.0
            },
            {
              "x": 191.0,
              "y": 216.0
            },
            {
              "x": 191.0,
              "y": 217.0
            },
            {
              "x": 188.0,
              "y": 219.0
            },
            {
              "x": 185.0,
              "y": 218.0
            },
            {
              "x": 177.0,
              "y": 211.0
            },
            {
              "x": 173.0,
              "y": 211.0
            },
            {
              "x": 171.0,
              "y": 215.0
            },
            {
              "x": 171.0,
              "y": 217.0
            },
            {
              "x": 169.0,
              "y": 219.0
            },
            {
              "x": 169.0,
              "y": 220.0
            },
            {
              "x": 166.0,
              "y": 222.0
            },
            {
              "x": 164.0,
              "y": 222.0
            },
            {
              "x": 156.0,
              "y": 218.0
            },
            {
              "x": 152.0,
              "y": 218.0
            },
            {
              "x": 150.0,
              "y": 220.0
            },
            {
              "x": 149.0,
              "y": 226.0
            },
            {
              "x": 146.0,
              "y": 229.0
            },
            {
              "x": 140.0,
              "y": 229.0
            },
            {
              "x": 139.0,
              "y": 228.0
            },
            {
              "x": 135.0,
              "y": 228.0
            },
            {
              "x": 134.0,
              "y": 227.0
            },
            {
              "x": 133.0,
              "y": 228.0
            },
            {
              "x": 131.0,
              "y": 228.0
            },
            {
              "x": 130.0,
              "y": 229.0
            },
            {
              "x": 130.0,
              "y": 238.0
            },
            {
              "x": 128.0,
              "y": 241.0
            },
            {
              "x": 112.0,
              "y": 241.0
            },
            {
              "x": 111.0,
              "y": 242.0
            },
            {
              "x": 111.0,
              "y": 245.0
            },
            {
              "x": 113.0,
              "y": 249.0
            },
            {
              "x": 113.0,
              "y": 254.0
            },
            {
              "x": 112.0,
              "y": 255.0
            },
            {
              "x": 97.0,
              "y": 255.0
            },
            {
              "x": 93.0,
              "y": 260.0
            },
            {
              "x": 93.0,
              "y": 268.0
            },
            {
              "x": 101.0,
              "y": 275.0
            },
            {
              "x": 103.0,
              "y": 275.0
            },
            {
              "x": 112.0,
              "y": 283.0
            },
            {
              "x": 119.0,
              "y": 287.0
            },
            {
              "x": 122.0,
              "y": 290.0
            },
            {
              "x": 130.0,
              "y": 294.0
            },
            {
              "x": 132.0,
              "y": 294.0
            },
            {
              "x": 136.0,
              "y": 296.0
            },
            {
              "x": 140.0,
              "y": 296.0
            },
            {
              "x": 141.0,
              "y": 297.0
            },
            {
              "x": 162.0,
              "y": 297.0
            },
            {
              "x": 163.0,
              "y": 298.0
            },
            {
              "x": 166.0,
              "y": 298.0
            },
            {
              "x": 170.0,
              "y": 301.0
            },
            {
              "x": 168.0,
              "y": 305.0
            },
            {
              "x": 168.0,
              "y": 308.0
            },
            {
              "x": 167.0,
              "y": 310.0
            },
            {
              "x": 163.0,
              "y": 314.0
            },
            {
              "x": 162.0,
              "y": 317.0
            },
            {
              "x": 159.0,
              "y": 320.0
            },
            {
              "x": 156.0,
              "y": 326.0
            },
            {
              "x": 156.0,
              "y": 328.0
            },
            {
              "x": 153.0,
              "y": 333.0
            },
            {
              "x": 153.0,
              "y": 335.0
            },
            {
              "x": 152.0,
              "y": 336.0
            },
            {
              "x": 152.0,
              "y": 340.0
            },
            {
              "x": 151.0,
              "y": 341.0
            },
            {
              "x": 151.0,
              "y": 347.0
            },
            {
              "x": 150.0,
              "y": 348.0
            },
            {
              "x": 150.0,
              "y": 351.0
            },
            {
              "x": 149.0,
              "y": 352.0
            },
            {
              "x": 149.0,
              "y": 358.0
            },
            {
              "x": 150.0,
              "y": 359.0
            },
            {
              "x": 150.0,
              "y": 365.0
            },
            {
              "x": 149.0,
              "y": 366.0
            },
            {
              "x": 149.0,
              "y": 389.0
            },
            {
              "x": 152.0,
              "y": 395.0
            },
            {
              "x": 154.0,
              "y": 395.0
            },
            {
              "x": 156.0,
              "y": 397.0
            },
            {
              "x": 164.0,
              "y": 397.0
            },
            {
              "x": 166.0,
              "y": 395.0
            },
            {
              "x": 167.0,
              "y": 395.0
            },
            {
              "x": 167.0,
              "y": 393.0
            },
            {
              "x": 169.0,
              "y": 391.0
            },
            {
              "x": 171.0,
              "y": 387.0
            },
            {
              "x": 173.0,
              "y": 385.0
            },
            {
              "x": 174.0,
              "y": 385.0
            },
            {
              "x": 177.0,
              "y": 387.0
            },
            {
              "x": 181.0,
              "y": 394.0
            },
            {
              "x": 184.0,
              "y": 397.0
            },
            {
              "x": 188.0,
              "y": 397.0
            },
            {
              "x": 191.0,
              "y": 394.0
            },
            {
              "x": 194.0,
              "y": 387.0
            },
            {
              "x": 197.0,
              "y": 384.0
            },
            {
              "x": 200.0,
              "y": 384.0
            },
            {
              "x": 202.0,
              "y": 386.0
            },
            {
              "x": 203.0,
              "y": 386.0
            },
            {
              "x": 204.0,
              "y": 388.0
            },
            {
              "x": 208.0,
              "y": 390.0
            },
            {
              "x": 211.0,
              "y": 393.0
            },
            {
              "x": 213.0,
              "y": 393.0
            },
            {
              "x": 216.0,
              "y": 389.0
            },
            {
              "x": 217.0,
              "y": 382.0
            },
            {
              "x": 219.0,
              "y": 379.0
            },
            {
              "x": 219.0,
              "y": 377.0
            },
            {
              "x": 221.0,
              "y": 375.0
            },
            {
              "x": 222.0,
              "y": 376.0
            },
            {
              "x": 226.0,
              "y": 377.0
            },
            {
              "x": 228.0,
              "y": 379.0
            },
            {
              "x": 232.0,
              "y": 381.0
            },
            {
              "x": 236.0,
              "y": 381.0
            },
            {
              "x": 239.0,
              "y": 378.0
            },
            {
              "x": 240.0,
              "y": 366.0
            },
            {
              "x": 242.0,
              "y": 364.0
            },
            {
              "x": 245.0,
              "y": 364.0
            },
            {
              "x": 248.0,
              "y": 366.0
            },
            {
              "x": 250.0,
              "y": 366.0
            },
            {
              "x": 254.0,
              "y": 368.0
            },
            {
              "x": 258.0,
              "y": 368.0
            },
            {
              "x": 260.0,
              "y": 365.0
            },
            {
              "x": 260.0,
              "y": 361.0
            },
            {
              "x": 259.0,
              "y": 360.0
            },
            {
              "x": 259.0,
              "y": 357.0
            },
            {
              "x": 258.0,
              "y": 356.0
            },
            {
              "x": 258.0,
              "y": 351.0
            },
            {
              "x": 259.0,
              "y": 350.0
            },
            {
              "x": 262.0,
              "y": 350.0
            },
            {
              "x": 263.0,
              "y": 349.0
            },
            {
              "x": 270.0,
              "y": 349.0
            },
            {
              "x": 271.0,
              "y": 350.0
            },
            {
              "x": 273.0,
              "y": 350.0
            },
            {
              "x": 276.0,
              "y": 347.0
            },
            {
              "x": 276.0,
              "y": 344.0
            },
            {
              "x": 273.0,
              "y": 340.0
            },
            {
              "x": 273.0,
              "y": 338.0
            },
            {
              "x": 271.0,
              "y": 335.0
            },
            {
              "x": 271.0,
              "y": 332.0
            },
            {
              "x": 272.0,
              "y": 331.0
            },
            {
              "x": 275.0,
              "y": 331.0
            },
            {
              "x": 276.0,
              "y": 330.0
            },
            {
              "x": 282.0,
              "y": 330.0
            },
            {
              "x": 283.0,
              "y": 329.0
            },
            {
              "x": 285.0,
              "y": 329.0
            },
            {
              "x": 287.0,
              "y": 328.0
            },
            {
              "x": 288.0,
              "y": 326.0
            },
            {
              "x": 288.0,
              "y": 323.0
            },
            {
              "x": 289.0,
              "y": 321.0
            },
            {
              "x": 288.0,
              "y": 320.0
            },
            {
              "x": 287.0,
              "y": 315.0
            },
            {
              "x": 284.0,
              "y": 312.0
            },
            {
              "x": 279.0,
              "y": 310.0
            },
            {
              "x": 276.0,
              "y": 307.0
            },
            {
              "x": 274.0,
              "y": 307.0
            },
            {
              "x": 267.0,
              "y": 302.0
            },
            {
              "x": 265.0,
              "y": 302.0
            },
            {
              "x": 259.0,
              "y": 299.0
            },
            {
              "x": 257.0,
              "y": 297.0
            },
            {
              "x": 255.0,
              "y": 297.0
            },
            {
              "x": 244.0,
              "y": 291.0
            },
            {
              "x": 238.0,
              "y": 290.0
            },
            {
              "x": 237.0,
              "y": 289.0
            },
            {
              "x": 231.0,
              "y": 288.0
            },
            {
              "x": 230.0,
              "y": 287.0
            },
            {
              "x": 218.0,
              "y": 287.0
            },
            {
              "x": 216.0,
              "y": 286.0
            },
            {
              "x": 210.0,
              "y": 279.0
            },
            {
              "x": 210.0,
              "y": 276.0
            },
            {
              "x": 212.0,
              "y": 275.0
            },
            {
              "x": 222.0,
              "y": 264.0
            },
            {
              "x": 224.0,
              "y": 260.0
            },
            {
              "x": 226.0,
              "y": 252.0
            },
            {
              "x": 227.0,
              "y": 251.0
            },
            {
              "x": 227.0,
              "y": 247.0
            },
            {
              "x": 228.0,
              "y": 246.0
            },
            {
              "x": 228.0,
              "y": 239.0
            },
            {
              "x": 229.0,
              "y": 238.0
            },
            {
              "x": 229.0,
              "y": 216.0
            },
            {
              "x": 228.0,
              "y": 214.0
            },
            {
              "x": 226.0,
              "y": 212.0
            },
            {
              "x": 225.0,
              "y": 212.0
            }
          ]
        ]
      },
      "properties": [],
      "slot_names": [
        "0"
      ]
    }
  ]
}