{
  "version": "2.0",
  "schema_ref": "https://darwin-public.s3.eu-west-1.amazonaws.com/darwin_json/2.0/schema.json",
  "item": {
    "name": "conchiglie.4qe5gsts.ingestion-5fd995d986-l5rgx.jpg",
    "path": "/",
    "source_info": {
      "item_id": "018ea5b6-3848-19e0-2b1a-89940d2a8fb9",
      "dataset": {
        "name": "Pasta",
        "slug": "pasta",
        "dataset_management_url": "https://darwin.v7labs.com/datasets/735230/dataset-management"
      },
      "team": {
        "name": "Salvino",
        "slug": "salvino"
      },
      "workview_url": "https://darwin.v7labs.com/workview?dataset=735230&item=018ea5b6-3848-19e0-2b1a-89940d2a8fb9"
    },
    "slots": [
      {
        "type": "image",
        "slot_name": "0",
        "width": 512,
        "height": 512,
        "thumbnail_url": "https://darwin.v7labs.com/api/v2/teams/salvino/files/fe8d6d20-0676-459a-b868-1df7c0917e9a/thumbnail",
        "source_files": [
          {
            "file_name": "conchiglie.4qe5gsts.ingestion-5fd995d986-l5rgx.jpg",
            "url": "https://darwin.v7labs.com/api/v2/teams/salvino/uploads/68f5f2c9-eb30-4a72-8976-ac0e35d0d7d1"
          }
        ]
      }
    ]
  },
  "annotations": [
    {
      "bounding_box": {
        "h": 119.0,
        "w": 124.0,
        "x": 103.0,
        "y": 187.0
      },
      "id": "aa295fb3-204c-4d88-85ef-8a2dd04f79dc",
      "name": "Conchiglie",
      "polygon": {
        "paths": [
          [
            {
              "x": 106.0,
              "y": 199.0
            },
            {
              "x": 105.0,
              "y": 201.0
            },
            {
              "x": 105.0,
              "y": 204.0
            },
            {
              "x": 103.0,
              "y": 207.0
            },
            {
              "x": 103.0,
              "y": 210.0
            },
            {
              "x": 104.0,
              "y": 211.0
            },
            {
              "x": 104.0,
              "y": 217.0
            },
            {
              "x": 106.0,
              "y": 217.0
            },
            {
              "x": 107.0,
              "y": 218.0
            },
            {
              "x": 107.0,
              "y": 219.0
            },
            {
              "x": 109.0,
              "y": 221.0
            },
            {
              "x": 109.0,
              "y": 224.0
            },
            {
              "x": 111.0,
              "y": 226.0
            },
            {
              "x": 111.0,
              "y": 228.0
            },
            {
              "x": 110.0,
              "y": 229.0
            },
            {
              "x": 110.0,
              "y": 231.0
            },
            {
              "x": 111.0,
              "y": 232.0
            },
            {
              "x": 111.0,
              "y": 242.0
            },
            {
              "x": 110.0,
              "y": 243.0
            },
            {
              "x": 110.0,
              "y": 255.0
            },
            {
              "x": 111.0,
              "y": 256.0
            },
            {
              "x": 111.0,
              "y": 263.0
            },
            {
              "x": 113.0,
              "y": 266.0
            },
            {
              "x": 113.0,
              "y": 268.0
            },
            {
              "x": 115.0,
              "y": 272.0
            },
            {
              "x": 119.0,
              "y": 276.0
            },
            {
              "x": 120.0,
              "y": 279.0
            },
            {
              "x": 121.0,
              "y": 279.0
            },
            {
              "x": 128.0,
              "y": 286.0
            },
            {
              "x": 130.0,
              "y": 286.0
            },
            {
              "x": 135.0,
              "y": 290.0
            },
            {
              "x": 137.0,
              "y": 290.0
            },
            {
              "x": 144.0,
              "y": 294.0
            },
            {
              "x": 149.0,
              "y": 294.0
            },
            {
              "x": 152.0,
              "y": 296.0
            },
            {
              "x": 160.0,
              "y": 296.0
            },
            {
              "x": 161.0,
              "y": 297.0
            },
            {
              "x": 172.0,
              "y": 297.0
            },
            {
              "x": 173.0,
              "y": 298.0
            },
            {
              "x": 175.0,
              "y": 297.0
            },
            {
              "x": 176.0,
              "y": 298.0
            },
            {
              "x": 185.0,
              "y": 299.0
            },
            {
              "x": 187.0,
              "y": 300.0
            },
            {
              "x": 191.0,
              "y": 304.0
            },
            {
              "x": 193.0,
              "y": 305.0
            },
            {
              "x": 196.0,
              "y": 305.0
            },
            {
              "x": 197.0,
              "y": 306.0
            },
            {
              "x": 211.0,
              "y": 306.0
            },
            {
              "x": 212.0,
              "y": 305.0
            },
            {
              "x": 214.0,
              "y": 305.0
            },
            {
              "x": 218.0,
              "y": 303.0
            },
            {
              "x": 219.0,
              "y": 299.0
            },
            {
              "x": 220.0,
              "y": 298.0
            },
            {
              "x": 221.0,
              "y": 292.0
            },
            {
              "x": 227.0,
              "y": 284.0
            },
            {
              "x": 227.0,
              "y": 278.0
            },
            {
              "x": 226.0,
              "y": 277.0
            },
            {
              "x": 226.0,
              "y": 272.0
            },
            {
              "x": 223.0,
              "y": 267.0
            },
            {
              "x": 222.0,
              "y": 259.0
            },
            {
              "x": 221.0,
              "y": 258.0
            },
            {
              "x": 221.0,
              "y": 254.0
            },
            {
              "x": 219.0,
              "y": 250.0
            },
            {
              "x": 219.0,
              "y": 237.0
            },
            {
              "x": 218.0,
              "y": 236.0
            },
            {
              "x": 218.0,
              "y": 230.0
            },
            {
              "x": 216.0,
              "y": 227.0
            },
            {
              "x": 216.0,
              "y": 224.0
            },
            {
              "x": 215.0,
              "y": 223.0
            },
            {
              "x": 214.0,
              "y": 217.0
            },
            {
              "x": 212.0,
              "y": 215.0
            },
            {
              "x": 211.0,
              "y": 212.0
            },
            {
              "x": 208.0,
              "y": 209.0
            },
            {
              "x": 207.0,
              "y": 206.0
            },
            {
              "x": 205.0,
              "y": 205.0
            },
            {
              "x": 204.0,
              "y": 203.0
            },
            {
              "x": 203.0,
              "y": 203.0
            },
            {
              "x": 194.0,
              "y": 195.0
            },
            {
              "x": 190.0,
              "y": 194.0
            },
            {
              "x": 183.0,
              "y": 190.0
            },
            {
              "x": 178.0,
              "y": 190.0
            },
            {
              "x": 177.0,
              "y": 189.0
            },
            {
              "x": 162.0,
              "y": 189.0
            },
            {
              "x": 161.0,
              "y": 190.0
            },
            {
              "x": 139.0,
              "y": 190.0
            },
            {
              "x": 138.0,
              "y": 189.0
            },
            {
              "x": 133.0,
              "y": 189.0
            },
            {
              "x": 130.0,
              "y": 187.0
            },
            {
              "x": 124.0,
              "y": 187.0
            },
            {
              "x": 112.0,
              "y": 193.0
            }
          ]
        ]
      },
      "properties": [],
      "slot_names": [
        "0"
      ]
    }
  ]
}