{
  "version": "2.0",
  "schema_ref": "https://darwin-public.s3.eu-west-1.amazonaws.com/darwin_json/2.0/schema.json",
  "item": {
    "name": "conchiglie.4qe7sgsu.ingestion-5fd995d986-9zbdz.jpg",
    "path": "/",
    "source_info": {
      "item_id": "018ea5b6-3844-7c97-0643-1626cd743523",
      "dataset": {
        "name": "Pasta",
        "slug": "pasta",
        "dataset_management_url": "https://darwin.v7labs.com/datasets/735230/dataset-management"
      },
      "team": {
        "name": "Salvino",
        "slug": "salvino"
      },
      "workview_url": "https://darwin.v7labs.com/workview?dataset=735230&item=018ea5b6-3844-7c97-0643-1626cd743523"
    },
    "slots": [
      {
        "type": "image",
        "slot_name": "0",
        "width": 512,
        "height": 512,
        "thumbnail_url": "https://darwin.v7labs.com/api/v2/teams/salvino/files/7557596a-8a9f-4d20-86c4-30cd7da633b8/thumbnail",
        "source_files": [
          {
            "file_name": "conchiglie.4qe7sgsu.ingestion-5fd995d986-9zbdz.jpg",
            "url": "https://darwin.v7labs.com/api/v2/teams/salvino/uploads/7c8cff02-c3df-4821-b30e-79a07e190bc4"
          }
        ]
      }
    ]
  },
  "annotations": [
    {
      "bounding_box": {
        "h": 158.0,
        "w": 197.0,
        "x": 103.0,
        "y": 101.0
      },
      "id": "a1e6b8f7-6c9e-47dd-a4db-c0b29e530860",
      "name": "Farfalle",
      "polygon": {
        "paths": [
          [
            {
              "x": 259.0,
              "y": 113.0
            },
            {
              "x": 245.0,
              "y": 113.0
            },
            {
              "x": 243.0,
              "y": 111.0
            },
            {
              "x": 243.0,
              "y": 105.0
            },
            {
              "x": 241.0,
              "y": 102.0
            },
            {
              "x": 236.0,
              "y": 102.0
            },
            {
              "x": 235.0,
              "y": 101.0
            },
            {
              "x": 230.0,
              "y": 102.0
            },
            {
              "x": 227.0,
              "y": 105.0
            },
            {
              "x": 226.0,
              "y": 105.0
            },
            {
              "x": 223.0,
              "y": 108.0
            },
            {
              "x": 222.0,
              "y": 108.0
            },
            {
              "x": 211.0,
              "y": 119.0
            },
            {
              "x": 211.0,
              "y": 120.0
            },
            {
              "x": 207.0,
              "y": 124.0
            },
            {
              "x": 207.0,
              "y": 126.0
            },
            {
              "x": 205.0,
              "y": 128.0
            },
            {
              "x": 205.0,
              "y": 130.0
            },
            {
              "x": 203.0,
              "y": 133.0
            },
            {
              "x": 203.0,
              "y": 137.0
            },
            {
              "x": 202.0,
              "y": 138.0
            },
            {
              "x": 202.0,
              "y": 143.0
            },
            {
              "x": 201.0,
              "y": 145.0
            },
            {
              "x": 198.0,
              "y": 148.0
            },
            {
              "x": 195.0,
              "y": 148.0
            },
            {
              "x": 194.0,
              "y": 149.0
            },
            {
              "x": 185.0,
              "y": 149.0
            },
            {
              "x": 184.0,
              "y": 148.0
            },
            {
              "x": 181.0,
              "y": 148.0
            },
            {
              "x": 172.0,
              "y": 142.0
            },
            {
              "x": 169.0,
              "y": 142.0
            },
            {
              "x": 168.0,
              "y": 141.0
            },
            {
              "x": 166.0,
              "y": 141.0
            },
            {
              "x": 160.0,
              "y": 138.0
            },
            {
              "x": 152.0,
              "y": 138.0
            },
            {
              "x": 151.0,
              "y": 137.0
            },
            {
              "x": 141.0,
              "y": 137.0
            },
            {
              "x": 140.0,
              "y": 136.0
            },
            {
              "x": 119.0,
              "y": 136.0
            },
            {
              "x": 115.0,
              "y": 138.0
            },
            {
              "x": 112.0,
              "y": 142.0
            },
            {
              "x": 112.0,
              "y": 147.0
            },
            {
              "x": 114.0,
              "y": 150.0
            },
            {
              "x": 114.0,
              "y": 153.0
            },
            {
              "x": 109.0,
              "y": 156.0
            },
            {
              "x": 107.0,
              "y": 156.0
            },
            {
              "x": 106.0,
              "y": 158.0
            },
            {
              "x": 106.0,
              "y": 162.0
            },
            {
              "x": 107.0,
              "y": 164.0
            },
            {
              "x": 113.0,
              "y": 169.0
            },
            {
              "x": 110.0,
              "y": 172.0
            },
            {
              "x": 107.0,
              "y": 173.0
            },
            {
              "x": 103.0,
              "y": 178.0
            },
            {
              "x": 103.0,
              "y": 180.0
            },
            {
              "x": 105.0,
              "y": 184.0
            },
            {
              "x": 109.0,
              "y": 185.0
            },
            {
              "x": 113.0,
              "y": 187.0
            },
            {
              "x": 115.0,
              "y": 189.0
            },
            {
              "x": 113.0,
              "y": 193.0
            },
            {
              "x": 110.0,
              "y": 196.0
            },
            {
              "x": 109.0,
              "y": 201.0
            },
            {
              "x": 111.0,
              "y": 205.0
            },
            {
              "x": 117.0,
              "y": 206.0
            },
            {
              "x": 121.0,
              "y": 208.0
            },
            {
              "x": 121.0,
              "y": 210.0
            },
            {
              "x": 118.0,
              "y": 213.0
            },
            {
              "x": 118.0,
              "y": 215.0
            },
            {
              "x": 117.0,
              "y": 216.0
            },
            {
              "x": 117.0,
              "y": 219.0
            },
            {
              "x": 118.0,
              "y": 221.0
            },
            {
              "x": 121.0,
              "y": 223.0
            },
            {
              "x": 131.0,
              "y": 223.0
            },
            {
              "x": 134.0,
              "y": 225.0
            },
            {
              "x": 134.0,
              "y": 227.0
            },
            {
              "x": 132.0,
              "y": 231.0
            },
            {
              "x": 132.0,
              "y": 238.0
            },
            {
              "x": 133.0,
              "y": 239.0
            },
            {
              "x": 137.0,
              "y": 241.0
            },
            {
              "x": 139.0,
              "y": 240.0
            },
            {
              "x": 142.0,
              "y": 240.0
            },
            {
              "x": 143.0,
              "y": 239.0
            },
            {
              "x": 146.0,
              "y": 239.0
            },
            {
              "x": 147.0,
              "y": 238.0
            },
            {
              "x": 149.0,
              "y": 238.0
            },
            {
              "x": 150.0,
              "y": 239.0
            },
            {
              "x": 150.0,
              "y": 244.0
            },
            {
              "x": 149.0,
              "y": 245.0
            },
            {
              "x": 149.0,
              "y": 248.0
            },
            {
              "x": 148.0,
              "y": 249.0
            },
            {
              "x": 149.0,
              "y": 250.0
            },
            {
              "x": 150.0,
              "y": 255.0
            },
            {
              "x": 151.0,
              "y": 255.0
            },
            {
              "x": 155.0,
              "y": 259.0
            },
            {
              "x": 165.0,
              "y": 259.0
            },
            {
              "x": 167.0,
              "y": 258.0
            },
            {
              "x": 167.0,
              "y": 257.0
            },
            {
              "x": 169.0,
              "y": 256.0
            },
            {
              "x": 170.0,
              "y": 254.0
            },
            {
              "x": 173.0,
              "y": 251.0
            },
            {
              "x": 174.0,
              "y": 251.0
            },
            {
              "x": 174.0,
              "y": 250.0
            },
            {
              "x": 176.0,
              "y": 248.0
            },
            {
              "x": 177.0,
              "y": 248.0
            },
            {
              "x": 177.0,
              "y": 247.0
            },
            {
              "x": 179.0,
              "y": 246.0
            },
            {
              "x": 187.0,
              "y": 237.0
            },
            {
              "x": 188.0,
              "y": 237.0
            },
            {
              "x": 188.0,
              "y": 236.0
            },
            {
              "x": 195.0,
              "y": 229.0
            },
            {
              "x": 195.0,
              "y": 228.0
            },
            {
              "x": 197.0,
              "y": 226.0
            },
            {
              "x": 198.0,
              "y": 226.0
            },
            {
              "x": 198.0,
              "y": 225.0
            },
            {
              "x": 201.0,
              "y": 222.0
            },
            {
              "x": 202.0,
              "y": 219.0
            },
            {
              "x": 206.0,
              "y": 214.0
            },
            {
              "x": 206.0,
              "y": 211.0
            },
            {
              "x": 207.0,
              "y": 210.0
            },
            {
              "x": 207.0,
              "y": 207.0
            },
            {
              "x": 208.0,
              "y": 206.0
            },
            {
              "x": 208.0,
              "y": 203.0
            },
            {
              "x": 209.0,
              "y": 202.0
            },
            {
              "x": 210.0,
              "y": 195.0
            },
            {
              "x": 213.0,
              "y": 193.0
            },
            {
              "x": 221.0,
              "y": 194.0
            },
            {
              "x": 225.0,
              "y": 197.0
            },
            {
              "x": 229.0,
              "y": 199.0
            },
            {
              "x": 231.0,
              "y": 199.0
            },
            {
              "x": 234.0,
              "y": 201.0
            },
            {
              "x": 236.0,
              "y": 201.0
            },
            {
              "x": 240.0,
              "y": 204.0
            },
            {
              "x": 246.0,
              "y": 205.0
            },
            {
              "x": 247.0,
              "y": 206.0
            },
            {
              "x": 250.0,
              "y": 206.0
            },
            {
              "x": 251.0,
              "y": 207.0
            },
            {
              "x": 261.0,
              "y": 208.0
            },
            {
              "x": 262.0,
              "y": 209.0
            },
            {
              "x": 271.0,
              "y": 209.0
            },
            {
              "x": 272.0,
              "y": 210.0
            },
            {
              "x": 287.0,
              "y": 211.0
            },
            {
              "x": 288.0,
              "y": 212.0
            },
            {
              "x": 292.0,
              "y": 212.0
            },
            {
              "x": 293.0,
              "y": 211.0
            },
            {
              "x": 295.0,
              "y": 211.0
            },
            {
              "x": 299.0,
              "y": 207.0
            },
            {
              "x": 300.0,
              "y": 202.0
            },
            {
              "x": 299.0,
              "y": 201.0
            },
            {
              "x": 299.0,
              "y": 199.0
            },
            {
              "x": 295.0,
              "y": 195.0
            },
            {
              "x": 295.0,
              "y": 194.0
            },
            {
              "x": 291.0,
              "y": 191.0
            },
            {
              "x": 291.0,
              "y": 189.0
            },
            {
              "x": 293.0,
              "y": 187.0
            },
            {
              "x": 298.0,
              "y": 185.0
            },
            {
              "x": 300.0,
              "y": 181.0
            },
            {
              "x": 299.0,
              "y": 180.0
            },
            {
              "x": 299.0,
              "y": 178.0
            },
            {
              "x": 298.0,
              "y": 177.0
            },
            {
              "x": 296.0,
              "y": 177.0
            },
            {
              "x": 290.0,
              "y": 171.0
            },
            {
              "x": 290.0,
              "y": 169.0
            },
            {
              "x": 295.0,
              "y": 165.0
            },
            {
              "x": 295.0,
              "y": 164.0
            },
            {
              "x": 297.0,
              "y": 162.0
            },
            {
              "x": 297.0,
              "y": 159.0
            },
            {
              "x": 295.0,
              "y": 157.0
            },
            {
              "x": 291.0,
              "y": 157.0
            },
            {
              "x": 290.0,
              "y": 156.0
            },
            {
              "x": 284.0,
              "y": 156.0
            },
            {
              "x": 283.0,
              "y": 155.0
            },
            {
              "x": 283.0,
              "y": 153.0
            },
            {
              "x": 285.0,
              "y": 151.0
            },
            {
              "x": 287.0,
              "y": 147.0
            },
            {
              "x": 287.0,
              "y": 144.0
            },
            {
              "x": 283.0,
              "y": 141.0
            },
            {
              "x": 275.0,
              "y": 141.0
            },
            {
              "x": 273.0,
              "y": 139.0
            },
            {
              "x": 273.0,
              "y": 137.0
            },
            {
              "x": 275.0,
              "y": 133.0
            },
            {
              "x": 275.0,
              "y": 129.0
            },
            {
              "x": 274.0,
              "y": 127.0
            },
            {
              "x": 272.0,
              "y": 126.0
            },
            {
              "x": 265.0,
              "y": 126.0
            },
            {
              "x": 264.0,
              "y": 127.0
            },
            {
              "x": 263.0,
              "y": 126.0
            },
            {
              "x": 261.0,
              "y": 126.0
            },
            {
              "x": 260.0,
              "y": 125.0
            },
            {
              "x": 260.0,
              "y": 115.0
            },
            {
              "x": 259.0,
              "y": 114.0
            }
          ]
        ]
      },
      "properties": [],
      "slot_names": [
        "0"
      ]
    }
  ]
}