{
  "version": "2.0",
  "schema_ref": "https://darwin-public.s3.eu-west-1.amazonaws.com/darwin_json/2.0/schema.json",
  "item": {
    "name": "conchiglie.4qe5hbqd.ingestion-5fd995d986-fwdsf.jpg",
    "path": "/",
    "source_info": {
      "item_id": "018ea5b6-3849-c3a7-7a08-4a2e355c92b7",
      "dataset": {
        "name": "Pasta",
        "slug": "pasta",
        "dataset_management_url": "https://darwin.v7labs.com/datasets/735230/dataset-management"
      },
      "team": {
        "name": "Salvino",
        "slug": "salvino"
      },
      "workview_url": "https://darwin.v7labs.com/workview?dataset=735230&item=018ea5b6-3849-c3a7-7a08-4a2e355c92b7"
    },
    "slots": [
      {
        "type": "image",
        "slot_name": "0",
        "width": 512,
        "height": 512,
        "thumbnail_url": "https://darwin.v7labs.com/api/v2/teams/salvino/files/ab73df2f-6018-42bf-9d1e-9329dc4be889/thumbnail",
        "source_files": [
          {
            "file_name": "conchiglie.4qe5hbqd.ingestion-5fd995d986-fwdsf.jpg",
            "url": "https://darwin.v7labs.com/api/v2/teams/salvino/uploads/afd947ad-9fed-4c88-af2a-775bb1aae16a"
          }
        ]
      }
    ]
  },
  "annotations": [
    {
      "bounding_box": {
        "h": 135.0,
        "w": 181.0,
        "x": 205.0,
        "y": 122.0
      },
      "id": "a674367a-aefa-4df3-9d85-8c63b02f0eb9",
      "name": "Conchiglie",
      "polygon": {
        "paths": [
          [
            {
              "x": 273.0,
              "y": 126.0
            },
            {
              "x": 269.0,
              "y": 129.0
            },
            {
              "x": 267.0,
              "y": 129.0
            },
            {
              "x": 261.0,
              "y": 134.0
            },
            {
              "x": 259.0,
              "y": 134.0
            },
            {
              "x": 257.0,
              "y": 136.0
            },
            {
              "x": 257.0,
              "y": 137.0
            },
            {
              "x": 253.0,
              "y": 141.0
            },
            {
              "x": 252.0,
              "y": 141.0
            },
            {
              "x": 249.0,
              "y": 147.0
            },
            {
              "x": 245.0,
              "y": 151.0
            },
            {
              "x": 242.0,
              "y": 159.0
            },
            {
              "x": 239.0,
              "y": 162.0
            },
            {
              "x": 234.0,
              "y": 171.0
            },
            {
              "x": 229.0,
              "y": 175.0
            },
            {
              "x": 228.0,
              "y": 178.0
            },
            {
              "x": 224.0,
              "y": 182.0
            },
            {
              "x": 222.0,
              "y": 183.0
            },
            {
              "x": 222.0,
              "y": 184.0
            },
            {
              "x": 219.0,
              "y": 187.0
            },
            {
              "x": 219.0,
              "y": 188.0
            },
            {
              "x": 218.0,
              "y": 189.0
            },
            {
              "x": 216.0,
              "y": 189.0
            },
            {
              "x": 214.0,
              "y": 191.0
            },
            {
              "x": 212.0,
              "y": 195.0
            },
            {
              "x": 209.0,
              "y": 198.0
            },
            {
              "x": 207.0,
              "y": 202.0
            },
            {
              "x": 207.0,
              "y": 206.0
            },
            {
              "x": 206.0,
              "y": 207.0
            },
            {
              "x": 206.0,
              "y": 219.0
            },
            {
              "x": 205.0,
              "y": 220.0
            },
            {
              "x": 205.0,
              "y": 226.0
            },
            {
              "x": 206.0,
              "y": 228.0
            },
            {
              "x": 213.0,
              "y": 234.0
            },
            {
              "x": 224.0,
              "y": 240.0
            },
            {
              "x": 233.0,
              "y": 240.0
            },
            {
              "x": 234.0,
              "y": 239.0
            },
            {
              "x": 241.0,
              "y": 239.0
            },
            {
              "x": 242.0,
              "y": 238.0
            },
            {
              "x": 244.0,
              "y": 238.0
            },
            {
              "x": 249.0,
              "y": 241.0
            },
            {
              "x": 255.0,
              "y": 242.0
            },
            {
              "x": 259.0,
              "y": 245.0
            },
            {
              "x": 267.0,
              "y": 247.0
            },
            {
              "x": 269.0,
              "y": 249.0
            },
            {
              "x": 274.0,
              "y": 250.0
            },
            {
              "x": 277.0,
              "y": 252.0
            },
            {
              "x": 279.0,
              "y": 252.0
            },
            {
              "x": 283.0,
              "y": 254.0
            },
            {
              "x": 287.0,
              "y": 254.0
            },
            {
              "x": 290.0,
              "y": 256.0
            },
            {
              "x": 296.0,
              "y": 256.0
            },
            {
              "x": 297.0,
              "y": 257.0
            },
            {
              "x": 304.0,
              "y": 257.0
            },
            {
              "x": 305.0,
              "y": 256.0
            },
            {
              "x": 317.0,
              "y": 256.0
            },
            {
              "x": 319.0,
              "y": 254.0
            },
            {
              "x": 328.0,
              "y": 252.0
            },
            {
              "x": 339.0,
              "y": 242.0
            },
            {
              "x": 340.0,
              "y": 242.0
            },
            {
              "x": 343.0,
              "y": 239.0
            },
            {
              "x": 343.0,
              "y": 236.0
            },
            {
              "x": 347.0,
              "y": 233.0
            },
            {
              "x": 349.0,
              "y": 227.0
            },
            {
              "x": 353.0,
              "y": 224.0
            },
            {
              "x": 355.0,
              "y": 219.0
            },
            {
              "x": 366.0,
              "y": 207.0
            },
            {
              "x": 367.0,
              "y": 204.0
            },
            {
              "x": 370.0,
              "y": 202.0
            },
            {
              "x": 372.0,
              "y": 202.0
            },
            {
              "x": 378.0,
              "y": 196.0
            },
            {
              "x": 380.0,
              "y": 196.0
            },
            {
              "x": 380.0,
              "y": 195.0
            },
            {
              "x": 383.0,
              "y": 192.0
            },
            {
              "x": 385.0,
              "y": 188.0
            },
            {
              "x": 386.0,
              "y": 178.0
            },
            {
              "x": 380.0,
              "y": 166.0
            },
            {
              "x": 378.0,
              "y": 164.0
            },
            {
              "x": 377.0,
              "y": 164.0
            },
            {
              "x": 376.0,
              "y": 162.0
            },
            {
              "x": 372.0,
              "y": 158.0
            },
            {
              "x": 371.0,
              "y": 158.0
            },
            {
              "x": 369.0,
              "y": 156.0
            },
            {
              "x": 367.0,
              "y": 156.0
            },
            {
              "x": 361.0,
              "y": 151.0
            },
            {
              "x": 357.0,
              "y": 151.0
            },
            {
              "x": 356.0,
              "y": 150.0
            },
            {
              "x": 348.0,
              "y": 148.0
            },
            {
              "x": 346.0,
              "y": 146.0
            },
            {
              "x": 344.0,
              "y": 146.0
            },
            {
              "x": 342.0,
              "y": 144.0
            },
            {
              "x": 341.0,
              "y": 144.0
            },
            {
              "x": 340.0,
              "y": 142.0
            },
            {
              "x": 337.0,
              "y": 141.0
            },
            {
              "x": 335.0,
              "y": 139.0
            },
            {
              "x": 331.0,
              "y": 137.0
            },
            {
              "x": 325.0,
              "y": 131.0
            },
            {
              "x": 323.0,
              "y": 131.0
            },
            {
              "x": 321.0,
              "y": 129.0
            },
            {
              "x": 317.0,
              "y": 127.0
            },
            {
              "x": 312.0,
              "y": 126.0
            },
            {
              "x": 309.0,
              "y": 124.0
            },
            {
              "x": 302.0,
              "y": 123.0
            },
            {
              "x": 301.0,
              "y": 122.0
            },
            {
              "x": 290.0,
              "y": 122.0
            },
            {
              "x": 289.0,
              "y": 123.0
            },
            {
              "x": 286.0,
              "y": 123.0
            },
            {
              "x": 285.0,
              "y": 124.0
            },
            {
              "x": 282.0,
              "y": 124.0
            },
            {
              "x": 281.0,
              "y": 125.0
            },
            {
              "x": 278.0,
              "y": 125.0
            },
            {
              "x": 277.0,
              "y": 126.0
            }
          ]
        ]
      },
      "properties": [],
      "slot_names": [
        "0"
      ]
    }
  ]
}