{
  "version": "2.0",
  "schema_ref": "https://darwin-public.s3.eu-west-1.amazonaws.com/darwin_json/2.0/schema.json",
  "item": {
    "name": "conchiglie.4qe5g5nm.ingestion-5fd995d986-fwdsf.jpg",
    "path": "/",
    "source_info": {
      "item_id": "018ea5b6-3846-f759-133d-ee2e247b86e9",
      "dataset": {
        "name": "Pasta",
        "slug": "pasta",
        "dataset_management_url": "https://darwin.v7labs.com/datasets/735230/dataset-management"
      },
      "team": {
        "name": "Salvino",
        "slug": "salvino"
      },
      "workview_url": "https://darwin.v7labs.com/workview?dataset=735230&item=018ea5b6-3846-f759-133d-ee2e247b86e9"
    },
    "slots": [
      {
        "type": "image",
        "slot_name": "0",
        "width": 512,
        "height": 512,
        "thumbnail_url": "https://darwin.v7labs.com/api/v2/teams/salvino/files/9a4d0a13-a7f9-4bc6-bcd6-346218f938cd/thumbnail",
        "source_files": [
          {
            "file_name": "conchiglie.4qe5g5nm.ingestion-5fd995d986-fwdsf.jpg",
            "url": "https://darwin.v7labs.com/api/v2/teams/salvino/uploads/560b83f4-6905-4648-baaa-bc15486e8e2e"
          }
        ]
      }
    ]
  },
  "annotations": [
    {
      "bounding_box": {
        "h": 148.0,
        "w": 103.0,
        "x": 206.0,
        "y": 196.0
      },
      "id": "9843ecd9-49e1-4158-9a3b-d5b2ad1c1899",
      "name": "Conchiglie",
      "polygon": {
        "paths": [
          [
            {
              "x": 252.0,
              "y": 196.0
            },
            {
              "x": 248.0,
              "y": 198.0
            },
            {
              "x": 245.0,
              "y": 198.0
            },
            {
              "x": 239.0,
              "y": 202.0
            },
            {
              "x": 238.0,
              "y": 206.0
            },
            {
              "x": 235.0,
              "y": 210.0
            },
            {
              "x": 235.0,
              "y": 213.0
            },
            {
              "x": 229.0,
              "y": 221.0
            },
            {
              "x": 228.0,
              "y": 225.0
            },
            {
              "x": 225.0,
              "y": 228.0
            },
            {
              "x": 223.0,
              "y": 232.0
            },
            {
              "x": 221.0,
              "y": 234.0
            },
            {
              "x": 220.0,
              "y": 234.0
            },
            {
              "x": 220.0,
              "y": 235.0
            },
            {
              "x": 215.0,
              "y": 240.0
            },
            {
              "x": 211.0,
              "y": 248.0
            },
            {
              "x": 211.0,
              "y": 250.0
            },
            {
              "x": 208.0,
              "y": 254.0
            },
            {
              "x": 208.0,
              "y": 258.0
            },
            {
              "x": 206.0,
              "y": 262.0
            },
            {
              "x": 206.0,
              "y": 279.0
            },
            {
              "x": 207.0,
              "y": 280.0
            },
            {
              "x": 209.0,
              "y": 288.0
            },
            {
              "x": 212.0,
              "y": 292.0
            },
            {
              "x": 212.0,
              "y": 294.0
            },
            {
              "x": 214.0,
              "y": 296.0
            },
            {
              "x": 214.0,
              "y": 297.0
            },
            {
              "x": 224.0,
              "y": 308.0
            },
            {
              "x": 224.0,
              "y": 309.0
            },
            {
              "x": 226.0,
              "y": 310.0
            },
            {
              "x": 229.0,
              "y": 313.0
            },
            {
              "x": 229.0,
              "y": 314.0
            },
            {
              "x": 231.0,
              "y": 315.0
            },
            {
              "x": 233.0,
              "y": 317.0
            },
            {
              "x": 233.0,
              "y": 318.0
            },
            {
              "x": 234.0,
              "y": 318.0
            },
            {
              "x": 235.0,
              "y": 320.0
            },
            {
              "x": 239.0,
              "y": 323.0
            },
            {
              "x": 239.0,
              "y": 324.0
            },
            {
              "x": 244.0,
              "y": 329.0
            },
            {
              "x": 246.0,
              "y": 333.0
            },
            {
              "x": 255.0,
              "y": 341.0
            },
            {
              "x": 258.0,
              "y": 341.0
            },
            {
              "x": 259.0,
              "y": 340.0
            },
            {
              "x": 264.0,
              "y": 339.0
            },
            {
              "x": 265.0,
              "y": 340.0
            },
            {
              "x": 269.0,
              "y": 341.0
            },
            {
              "x": 271.0,
              "y": 343.0
            },
            {
              "x": 271.0,
              "y": 344.0
            },
            {
              "x": 274.0,
              "y": 344.0
            },
            {
              "x": 274.0,
              "y": 343.0
            },
            {
              "x": 276.0,
              "y": 341.0
            },
            {
              "x": 277.0,
              "y": 341.0
            },
            {
              "x": 280.0,
              "y": 337.0
            },
            {
              "x": 281.0,
              "y": 337.0
            },
            {
              "x": 282.0,
              "y": 334.0
            },
            {
              "x": 284.0,
              "y": 332.0
            },
            {
              "x": 284.0,
              "y": 330.0
            },
            {
              "x": 287.0,
              "y": 326.0
            },
            {
              "x": 287.0,
              "y": 320.0
            },
            {
              "x": 288.0,
              "y": 319.0
            },
            {
              "x": 288.0,
              "y": 316.0
            },
            {
              "x": 292.0,
              "y": 308.0
            },
            {
              "x": 294.0,
              "y": 306.0
            },
            {
              "x": 295.0,
              "y": 303.0
            },
            {
              "x": 299.0,
              "y": 298.0
            },
            {
              "x": 299.0,
              "y": 296.0
            },
            {
              "x": 301.0,
              "y": 294.0
            },
            {
              "x": 303.0,
              "y": 290.0
            },
            {
              "x": 303.0,
              "y": 288.0
            },
            {
              "x": 305.0,
              "y": 285.0
            },
            {
              "x": 305.0,
              "y": 283.0
            },
            {
              "x": 307.0,
              "y": 280.0
            },
            {
              "x": 307.0,
              "y": 278.0
            },
            {
              "x": 308.0,
              "y": 277.0
            },
            {
              "x": 308.0,
              "y": 270.0
            },
            {
              "x": 309.0,
              "y": 269.0
            },
            {
              "x": 309.0,
              "y": 265.0
            },
            {
              "x": 308.0,
              "y": 264.0
            },
            {
              "x": 307.0,
              "y": 251.0
            },
            {
              "x": 304.0,
              "y": 248.0
            },
            {
              "x": 303.0,
              "y": 244.0
            },
            {
              "x": 299.0,
              "y": 240.0
            },
            {
              "x": 299.0,
              "y": 239.0
            },
            {
              "x": 297.0,
              "y": 238.0
            },
            {
              "x": 294.0,
              "y": 235.0
            },
            {
              "x": 294.0,
              "y": 234.0
            },
            {
              "x": 292.0,
              "y": 233.0
            },
            {
              "x": 287.0,
              "y": 228.0
            },
            {
              "x": 287.0,
              "y": 227.0
            },
            {
              "x": 283.0,
              "y": 224.0
            },
            {
              "x": 281.0,
              "y": 220.0
            },
            {
              "x": 280.0,
              "y": 220.0
            },
            {
              "x": 278.0,
              "y": 218.0
            },
            {
              "x": 277.0,
              "y": 216.0
            },
            {
              "x": 277.0,
              "y": 212.0
            },
            {
              "x": 274.0,
              "y": 207.0
            },
            {
              "x": 274.0,
              "y": 204.0
            },
            {
              "x": 273.0,
              "y": 202.0
            },
            {
              "x": 271.0,
              "y": 201.0
            },
            {
              "x": 267.0,
              "y": 197.0
            },
            {
              "x": 265.0,
              "y": 197.0
            },
            {
              "x": 264.0,
              "y": 196.0
            }
          ]
        ]
      },
      "properties": [],
      "slot_names": [
        "0"
      ]
    }
  ]
}