{
  "version": "2.0",
  "schema_ref": "https://darwin-public.s3.eu-west-1.amazonaws.com/darwin_json/2.0/schema.json",
  "item": {
    "name": "conchiglie.4qe7ssdu.ingestion-5fd995d986-fwdsf.jpg",
    "path": "/",
    "source_info": {
      "item_id": "018ea5b6-3849-84f9-77b9-6cba99daa72b",
      "dataset": {
        "name": "Pasta",
        "slug": "pasta",
        "dataset_management_url": "https://darwin.v7labs.com/datasets/735230/dataset-management"
      },
      "team": {
        "name": "Salvino",
        "slug": "salvino"
      },
      "workview_url": "https://darwin.v7labs.com/workview?dataset=735230&item=018ea5b6-3849-84f9-77b9-6cba99daa72b"
    },
    "slots": [
      {
        "type": "image",
        "slot_name": "0",
        "width": 512,
        "height": 512,
        "thumbnail_url": "https://darwin.v7labs.com/api/v2/teams/salvino/files/0ba682dd-4dfb-4263-88fd-afd5fd975d29/thumbnail",
        "source_files": [
          {
            "file_name": "conchiglie.4qe7ssdu.ingestion-5fd995d986-fwdsf.jpg",
            "url": "https://darwin.v7labs.com/api/v2/teams/salvino/uploads/54a19036-3694-4256-9706-d3a66aa94b0c"
          }
        ]
      }
    ]
  },
  "annotations": [
    {
      "bounding_box": {
        "h": 240.0,
        "w": 203.0,
        "x": 249.0,
        "y": 140.0
      },
      "id": "cd3ddb92-caf5-4c32-b785-b0903b5651b6",
      "name": "Farfalle",
      "polygon": {
        "paths": [
          [
            {
              "x": 274.0,
              "y": 160.0
            },
            {
              "x": 269.0,
              "y": 166.0
            },
            {
              "x": 269.0,
              "y": 170.0
            },
            {
              "x": 268.0,
              "y": 171.0
            },
            {
              "x": 269.0,
              "y": 172.0
            },
            {
              "x": 270.0,
              "y": 178.0
            },
            {
              "x": 273.0,
              "y": 183.0
            },
            {
              "x": 275.0,
              "y": 191.0
            },
            {
              "x": 278.0,
              "y": 196.0
            },
            {
              "x": 278.0,
              "y": 198.0
            },
            {
              "x": 280.0,
              "y": 200.0
            },
            {
              "x": 284.0,
              "y": 209.0
            },
            {
              "x": 286.0,
              "y": 211.0
            },
            {
              "x": 288.0,
              "y": 217.0
            },
            {
              "x": 299.0,
              "y": 230.0
            },
            {
              "x": 302.0,
              "y": 231.0
            },
            {
              "x": 304.0,
              "y": 233.0
            },
            {
              "x": 308.0,
              "y": 235.0
            },
            {
              "x": 313.0,
              "y": 240.0
            },
            {
              "x": 319.0,
              "y": 241.0
            },
            {
              "x": 323.0,
              "y": 244.0
            },
            {
              "x": 323.0,
              "y": 248.0
            },
            {
              "x": 322.0,
              "y": 249.0
            },
            {
              "x": 323.0,
              "y": 253.0
            },
            {
              "x": 319.0,
              "y": 258.0
            },
            {
              "x": 313.0,
              "y": 259.0
            },
            {
              "x": 312.0,
              "y": 260.0
            },
            {
              "x": 308.0,
              "y": 260.0
            },
            {
              "x": 307.0,
              "y": 261.0
            },
            {
              "x": 304.0,
              "y": 261.0
            },
            {
              "x": 303.0,
              "y": 262.0
            },
            {
              "x": 299.0,
              "y": 262.0
            },
            {
              "x": 293.0,
              "y": 267.0
            },
            {
              "x": 292.0,
              "y": 267.0
            },
            {
              "x": 282.0,
              "y": 276.0
            },
            {
              "x": 282.0,
              "y": 277.0
            },
            {
              "x": 276.0,
              "y": 283.0
            },
            {
              "x": 276.0,
              "y": 284.0
            },
            {
              "x": 268.0,
              "y": 293.0
            },
            {
              "x": 268.0,
              "y": 294.0
            },
            {
              "x": 265.0,
              "y": 297.0
            },
            {
              "x": 263.0,
              "y": 301.0
            },
            {
              "x": 257.0,
              "y": 308.0
            },
            {
              "x": 256.0,
              "y": 311.0
            },
            {
              "x": 251.0,
              "y": 317.0
            },
            {
              "x": 249.0,
              "y": 321.0
            },
            {
              "x": 249.0,
              "y": 329.0
            },
            {
              "x": 250.0,
              "y": 331.0
            },
            {
              "x": 254.0,
              "y": 335.0
            },
            {
              "x": 256.0,
              "y": 336.0
            },
            {
              "x": 262.0,
              "y": 336.0
            },
            {
              "x": 263.0,
              "y": 335.0
            },
            {
              "x": 269.0,
              "y": 334.0
            },
            {
              "x": 270.0,
              "y": 333.0
            },
            {
              "x": 274.0,
              "y": 332.0
            },
            {
              "x": 276.0,
              "y": 334.0
            },
            {
              "x": 276.0,
              "y": 346.0
            },
            {
              "x": 275.0,
              "y": 347.0
            },
            {
              "x": 275.0,
              "y": 351.0
            },
            {
              "x": 276.0,
              "y": 353.0
            },
            {
              "x": 285.0,
              "y": 353.0
            },
            {
              "x": 290.0,
              "y": 350.0
            },
            {
              "x": 298.0,
              "y": 349.0
            },
            {
              "x": 300.0,
              "y": 351.0
            },
            {
              "x": 301.0,
              "y": 355.0
            },
            {
              "x": 302.0,
              "y": 356.0
            },
            {
              "x": 302.0,
              "y": 363.0
            },
            {
              "x": 303.0,
              "y": 364.0
            },
            {
              "x": 303.0,
              "y": 367.0
            },
            {
              "x": 304.0,
              "y": 368.0
            },
            {
              "x": 309.0,
              "y": 368.0
            },
            {
              "x": 315.0,
              "y": 365.0
            },
            {
              "x": 320.0,
              "y": 361.0
            },
            {
              "x": 326.0,
              "y": 360.0
            },
            {
              "x": 329.0,
              "y": 363.0
            },
            {
              "x": 334.0,
              "y": 373.0
            },
            {
              "x": 336.0,
              "y": 375.0
            },
            {
              "x": 341.0,
              "y": 376.0
            },
            {
              "x": 345.0,
              "y": 374.0
            },
            {
              "x": 350.0,
              "y": 369.0
            },
            {
              "x": 352.0,
              "y": 365.0
            },
            {
              "x": 356.0,
              "y": 365.0
            },
            {
              "x": 361.0,
              "y": 370.0
            },
            {
              "x": 361.0,
              "y": 371.0
            },
            {
              "x": 369.0,
              "y": 379.0
            },
            {
              "x": 371.0,
              "y": 380.0
            },
            {
              "x": 375.0,
              "y": 378.0
            },
            {
              "x": 377.0,
              "y": 373.0
            },
            {
              "x": 385.0,
              "y": 363.0
            },
            {
              "x": 389.0,
              "y": 365.0
            },
            {
              "x": 392.0,
              "y": 369.0
            },
            {
              "x": 396.0,
              "y": 370.0
            },
            {
              "x": 399.0,
              "y": 373.0
            },
            {
              "x": 405.0,
              "y": 373.0
            },
            {
              "x": 409.0,
              "y": 368.0
            },
            {
              "x": 409.0,
              "y": 366.0
            },
            {
              "x": 410.0,
              "y": 365.0
            },
            {
              "x": 410.0,
              "y": 361.0
            },
            {
              "x": 411.0,
              "y": 360.0
            },
            {
              "x": 411.0,
              "y": 358.0
            },
            {
              "x": 413.0,
              "y": 356.0
            },
            {
              "x": 415.0,
              "y": 356.0
            },
            {
              "x": 420.0,
              "y": 361.0
            },
            {
              "x": 427.0,
              "y": 365.0
            },
            {
              "x": 433.0,
              "y": 365.0
            },
            {
              "x": 435.0,
              "y": 364.0
            },
            {
              "x": 441.0,
              "y": 358.0
            },
            {
              "x": 442.0,
              "y": 356.0
            },
            {
              "x": 442.0,
              "y": 352.0
            },
            {
              "x": 441.0,
              "y": 351.0
            },
            {
              "x": 441.0,
              "y": 346.0
            },
            {
              "x": 440.0,
              "y": 345.0
            },
            {
              "x": 440.0,
              "y": 341.0
            },
            {
              "x": 439.0,
              "y": 340.0
            },
            {
              "x": 439.0,
              "y": 338.0
            },
            {
              "x": 436.0,
              "y": 333.0
            },
            {
              "x": 436.0,
              "y": 330.0
            },
            {
              "x": 433.0,
              "y": 324.0
            },
            {
              "x": 433.0,
              "y": 322.0
            },
            {
              "x": 432.0,
              "y": 321.0
            },
            {
              "x": 431.0,
              "y": 316.0
            },
            {
              "x": 429.0,
              "y": 313.0
            },
            {
              "x": 428.0,
              "y": 308.0
            },
            {
              "x": 426.0,
              "y": 306.0
            },
            {
              "x": 426.0,
              "y": 304.0
            },
            {
              "x": 420.0,
              "y": 292.0
            },
            {
              "x": 408.0,
              "y": 277.0
            },
            {
              "x": 405.0,
              "y": 276.0
            },
            {
              "x": 402.0,
              "y": 273.0
            },
            {
              "x": 399.0,
              "y": 272.0
            },
            {
              "x": 397.0,
              "y": 270.0
            },
            {
              "x": 391.0,
              "y": 267.0
            },
            {
              "x": 389.0,
              "y": 267.0
            },
            {
              "x": 388.0,
              "y": 266.0
            },
            {
              "x": 384.0,
              "y": 265.0
            },
            {
              "x": 380.0,
              "y": 261.0
            },
            {
              "x": 379.0,
              "y": 259.0
            },
            {
              "x": 379.0,
              "y": 253.0
            },
            {
              "x": 380.0,
              "y": 251.0
            },
            {
              "x": 384.0,
              "y": 248.0
            },
            {
              "x": 387.0,
              "y": 248.0
            },
            {
              "x": 388.0,
              "y": 247.0
            },
            {
              "x": 393.0,
              "y": 246.0
            },
            {
              "x": 398.0,
              "y": 243.0
            },
            {
              "x": 400.0,
              "y": 243.0
            },
            {
              "x": 410.0,
              "y": 238.0
            },
            {
              "x": 415.0,
              "y": 233.0
            },
            {
              "x": 416.0,
              "y": 233.0
            },
            {
              "x": 421.0,
              "y": 228.0
            },
            {
              "x": 423.0,
              "y": 227.0
            },
            {
              "x": 425.0,
              "y": 223.0
            },
            {
              "x": 431.0,
              "y": 217.0
            },
            {
              "x": 432.0,
              "y": 214.0
            },
            {
              "x": 436.0,
              "y": 210.0
            },
            {
              "x": 437.0,
              "y": 207.0
            },
            {
              "x": 439.0,
              "y": 205.0
            },
            {
              "x": 439.0,
              "y": 204.0
            },
            {
              "x": 443.0,
              "y": 199.0
            },
            {
              "x": 445.0,
              "y": 194.0
            },
            {
              "x": 447.0,
              "y": 192.0
            },
            {
              "x": 452.0,
              "y": 182.0
            },
            {
              "x": 452.0,
              "y": 176.0
            },
            {
              "x": 451.0,
              "y": 174.0
            },
            {
              "x": 445.0,
              "y": 168.0
            },
            {
              "x": 440.0,
              "y": 168.0
            },
            {
              "x": 434.0,
              "y": 171.0
            },
            {
              "x": 427.0,
              "y": 172.0
            },
            {
              "x": 425.0,
              "y": 170.0
            },
            {
              "x": 425.0,
              "y": 167.0
            },
            {
              "x": 424.0,
              "y": 166.0
            },
            {
              "x": 424.0,
              "y": 158.0
            },
            {
              "x": 422.0,
              "y": 154.0
            },
            {
              "x": 415.0,
              "y": 154.0
            },
            {
              "x": 410.0,
              "y": 157.0
            },
            {
              "x": 402.0,
              "y": 159.0
            },
            {
              "x": 398.0,
              "y": 155.0
            },
            {
              "x": 397.0,
              "y": 149.0
            },
            {
              "x": 393.0,
              "y": 141.0
            },
            {
              "x": 390.0,
              "y": 141.0
            },
            {
              "x": 376.0,
              "y": 154.0
            },
            {
              "x": 374.0,
              "y": 154.0
            },
            {
              "x": 371.0,
              "y": 151.0
            },
            {
              "x": 369.0,
              "y": 146.0
            },
            {
              "x": 365.0,
              "y": 141.0
            },
            {
              "x": 359.0,
              "y": 141.0
            },
            {
              "x": 354.0,
              "y": 146.0
            },
            {
              "x": 354.0,
              "y": 147.0
            },
            {
              "x": 349.0,
              "y": 152.0
            },
            {
              "x": 347.0,
              "y": 153.0
            },
            {
              "x": 345.0,
              "y": 152.0
            },
            {
              "x": 334.0,
              "y": 140.0
            },
            {
              "x": 331.0,
              "y": 140.0
            },
            {
              "x": 328.0,
              "y": 143.0
            },
            {
              "x": 326.0,
              "y": 147.0
            },
            {
              "x": 326.0,
              "y": 149.0
            },
            {
              "x": 321.0,
              "y": 155.0
            },
            {
              "x": 318.0,
              "y": 155.0
            },
            {
              "x": 314.0,
              "y": 153.0
            },
            {
              "x": 310.0,
              "y": 149.0
            },
            {
              "x": 304.0,
              "y": 147.0
            },
            {
              "x": 300.0,
              "y": 150.0
            },
            {
              "x": 299.0,
              "y": 152.0
            },
            {
              "x": 299.0,
              "y": 155.0
            },
            {
              "x": 298.0,
              "y": 156.0
            },
            {
              "x": 298.0,
              "y": 160.0
            },
            {
              "x": 295.0,
              "y": 164.0
            },
            {
              "x": 291.0,
              "y": 164.0
            },
            {
              "x": 280.0,
              "y": 159.0
            },
            {
              "x": 276.0,
              "y": 159.0
            },
            {
              "x": 275.0,
              "y": 160.0
            }
          ]
        ]
      },
      "properties": [],
      "slot_names": [
        "0"
      ]
    }
  ]
}