{
  "version": "2.0",
  "schema_ref": "https://darwin-public.s3.eu-west-1.amazonaws.com/darwin_json/2.0/schema.json",
  "item": {
    "name": "conchiglie.4qe5h6nv.ingestion-5fd995d986-l5rgx.jpg",
    "path": "/",
    "source_info": {
      "item_id": "018ea5b6-3848-d28b-39b1-b971b73fbf6c",
      "dataset": {
        "name": "Pasta",
        "slug": "pasta",
        "dataset_management_url": "https://darwin.v7labs.com/datasets/735230/dataset-management"
      },
      "team": {
        "name": "Salvino",
        "slug": "salvino"
      },
      "workview_url": "https://darwin.v7labs.com/workview?dataset=735230&item=018ea5b6-3848-d28b-39b1-b971b73fbf6c"
    },
    "slots": [
      {
        "type": "image",
        "slot_name": "0",
        "width": 512,
        "height": 512,
        "thumbnail_url": "https://darwin.v7labs.com/api/v2/teams/salvino/files/95ee9107-7df7-404c-b497-a11c8fa6e6cc/thumbnail",
        "source_files": [
          {
            "file_name": "conchiglie.4qe5h6nv.ingestion-5fd995d986-l5rgx.jpg",
            "url": "https://darwin.v7labs.com/api/v2/teams/salvino/uploads/e4ddeec7-61ee-4884-b7d0-50136335e2b2"
          }
        ]
      }
    ]
  },
  "annotations": [
    {
      "bounding_box": {
        "h": 121.0,
        "w": 112.0,
        "x": 223.0,
        "y": 131.0
      },
      "id": "54e2fb4f-33ed-4b5e-99b0-4b2dbcac1572",
      "name": "Conchiglie",
      "polygon": {
        "paths": [
          [
            {
              "x": 234.0,
              "y": 133.0
            },
            {
              "x": 224.0,
              "y": 143.0
            },
            {
              "x": 223.0,
              "y": 145.0
            },
            {
              "x": 223.0,
              "y": 151.0
            },
            {
              "x": 224.0,
              "y": 152.0
            },
            {
              "x": 224.0,
              "y": 157.0
            },
            {
              "x": 228.0,
              "y": 164.0
            },
            {
              "x": 228.0,
              "y": 167.0
            },
            {
              "x": 229.0,
              "y": 168.0
            },
            {
              "x": 228.0,
              "y": 169.0
            },
            {
              "x": 228.0,
              "y": 171.0
            },
            {
              "x": 229.0,
              "y": 172.0
            },
            {
              "x": 229.0,
              "y": 174.0
            },
            {
              "x": 228.0,
              "y": 175.0
            },
            {
              "x": 228.0,
              "y": 194.0
            },
            {
              "x": 229.0,
              "y": 195.0
            },
            {
              "x": 229.0,
              "y": 200.0
            },
            {
              "x": 232.0,
              "y": 206.0
            },
            {
              "x": 232.0,
              "y": 208.0
            },
            {
              "x": 236.0,
              "y": 215.0
            },
            {
              "x": 244.0,
              "y": 224.0
            },
            {
              "x": 245.0,
              "y": 224.0
            },
            {
              "x": 249.0,
              "y": 228.0
            },
            {
              "x": 250.0,
              "y": 228.0
            },
            {
              "x": 252.0,
              "y": 230.0
            },
            {
              "x": 254.0,
              "y": 230.0
            },
            {
              "x": 259.0,
              "y": 234.0
            },
            {
              "x": 263.0,
              "y": 234.0
            },
            {
              "x": 266.0,
              "y": 236.0
            },
            {
              "x": 271.0,
              "y": 236.0
            },
            {
              "x": 274.0,
              "y": 238.0
            },
            {
              "x": 281.0,
              "y": 238.0
            },
            {
              "x": 284.0,
              "y": 240.0
            },
            {
              "x": 290.0,
              "y": 240.0
            },
            {
              "x": 298.0,
              "y": 244.0
            },
            {
              "x": 302.0,
              "y": 249.0
            },
            {
              "x": 305.0,
              "y": 249.0
            },
            {
              "x": 308.0,
              "y": 251.0
            },
            {
              "x": 315.0,
              "y": 251.0
            },
            {
              "x": 316.0,
              "y": 252.0
            },
            {
              "x": 320.0,
              "y": 252.0
            },
            {
              "x": 321.0,
              "y": 251.0
            },
            {
              "x": 325.0,
              "y": 250.0
            },
            {
              "x": 327.0,
              "y": 247.0
            },
            {
              "x": 327.0,
              "y": 244.0
            },
            {
              "x": 328.0,
              "y": 242.0
            },
            {
              "x": 335.0,
              "y": 233.0
            },
            {
              "x": 335.0,
              "y": 228.0
            },
            {
              "x": 334.0,
              "y": 227.0
            },
            {
              "x": 334.0,
              "y": 224.0
            },
            {
              "x": 335.0,
              "y": 223.0
            },
            {
              "x": 333.0,
              "y": 219.0
            },
            {
              "x": 332.0,
              "y": 211.0
            },
            {
              "x": 331.0,
              "y": 210.0
            },
            {
              "x": 331.0,
              "y": 178.0
            },
            {
              "x": 330.0,
              "y": 177.0
            },
            {
              "x": 330.0,
              "y": 169.0
            },
            {
              "x": 329.0,
              "y": 168.0
            },
            {
              "x": 329.0,
              "y": 164.0
            },
            {
              "x": 327.0,
              "y": 162.0
            },
            {
              "x": 325.0,
              "y": 156.0
            },
            {
              "x": 317.0,
              "y": 148.0
            },
            {
              "x": 317.0,
              "y": 147.0
            },
            {
              "x": 315.0,
              "y": 145.0
            },
            {
              "x": 312.0,
              "y": 144.0
            },
            {
              "x": 311.0,
              "y": 142.0
            },
            {
              "x": 308.0,
              "y": 141.0
            },
            {
              "x": 306.0,
              "y": 139.0
            },
            {
              "x": 304.0,
              "y": 139.0
            },
            {
              "x": 301.0,
              "y": 137.0
            },
            {
              "x": 299.0,
              "y": 137.0
            },
            {
              "x": 295.0,
              "y": 135.0
            },
            {
              "x": 290.0,
              "y": 135.0
            },
            {
              "x": 289.0,
              "y": 134.0
            },
            {
              "x": 281.0,
              "y": 134.0
            },
            {
              "x": 280.0,
              "y": 135.0
            },
            {
              "x": 266.0,
              "y": 135.0
            },
            {
              "x": 265.0,
              "y": 136.0
            },
            {
              "x": 261.0,
              "y": 136.0
            },
            {
              "x": 260.0,
              "y": 135.0
            },
            {
              "x": 257.0,
              "y": 135.0
            },
            {
              "x": 256.0,
              "y": 134.0
            },
            {
              "x": 250.0,
              "y": 133.0
            },
            {
              "x": 246.0,
              "y": 131.0
            },
            {
              "x": 239.0,
              "y": 131.0
            },
            {
              "x": 236.0,
              "y": 133.0
            }
          ]
        ]
      },
      "properties": [],
      "slot_names": [
        "0"
      ]
    }
  ]
}