{
  "version": "2.0",
  "schema_ref": "https://darwin-public.s3.eu-west-1.amazonaws.com/darwin_json/2.0/schema.json",
  "item": {
    "name": "conchiglie.4qe896ag.ingestion-5fd995d986-l5rgx.jpg",
    "path": "/",
    "source_info": {
      "item_id": "018ea5b6-384c-51c6-14c5-b3914174e8da",
      "dataset": {
        "name": "Pasta",
        "slug": "pasta",
        "dataset_management_url": "https://darwin.v7labs.com/datasets/735230/dataset-management"
      },
      "team": {
        "name": "Salvino",
        "slug": "salvino"
      },
      "workview_url": "https://darwin.v7labs.com/workview?dataset=735230&item=018ea5b6-384c-51c6-14c5-b3914174e8da"
    },
    "slots": [
      {
        "type": "image",
        "slot_name": "0",
        "width": 512,
        "height": 512,
        "thumbnail_url": "https://darwin.v7labs.com/api/v2/teams/salvino/files/bbc67a91-0f4c-483b-80dd-9965aef018a1/thumbnail",
        "source_files": [
          {
            "file_name": "conchiglie.4qe896ag.ingestion-5fd995d986-l5rgx.jpg",
            "url": "https://darwin.v7labs.com/api/v2/teams/salvino/uploads/fa1bbdc0-29a5-4942-a3e4-f2b04c9e01d5"
          }
        ]
      }
    ]
  },
  "annotations": [
    {
      "bounding_box": {
        "h": 177.0,
        "w": 183.0,
        "x": 160.0,
        "y": 197.0
      },
      "id": "d292b52d-90e2-418e-91a1-09de633405e9",
      "name": "Fusilli",
      "polygon": {
        "paths": [
          [
            {
              "x": 172.0,
              "y": 204.0
            },
            {
              "x": 174.0,
              "y": 208.0
            },
            {
              "x": 174.0,
              "y": 210.0
            },
            {
              "x": 180.0,
              "y": 222.0
            },
            {
              "x": 177.0,
              "y": 226.0
            },
            {
              "x": 173.0,
              "y": 228.0
            },
            {
              "x": 169.0,
              "y": 228.0
            },
            {
              "x": 163.0,
              "y": 231.0
            },
            {
              "x": 160.0,
              "y": 235.0
            },
            {
              "x": 161.0,
              "y": 237.0
            },
            {
              "x": 163.0,
              "y": 239.0
            },
            {
              "x": 167.0,
              "y": 239.0
            },
            {
              "x": 168.0,
              "y": 240.0
            },
            {
              "x": 171.0,
              "y": 240.0
            },
            {
              "x": 172.0,
              "y": 239.0
            },
            {
              "x": 184.0,
              "y": 239.0
            },
            {
              "x": 185.0,
              "y": 240.0
            },
            {
              "x": 185.0,
              "y": 241.0
            },
            {
              "x": 181.0,
              "y": 245.0
            },
            {
              "x": 181.0,
              "y": 246.0
            },
            {
              "x": 176.0,
              "y": 252.0
            },
            {
              "x": 176.0,
              "y": 257.0
            },
            {
              "x": 177.0,
              "y": 257.0
            },
            {
              "x": 178.0,
              "y": 259.0
            },
            {
              "x": 183.0,
              "y": 259.0
            },
            {
              "x": 184.0,
              "y": 260.0
            },
            {
              "x": 194.0,
              "y": 259.0
            },
            {
              "x": 195.0,
              "y": 258.0
            },
            {
              "x": 198.0,
              "y": 259.0
            },
            {
              "x": 199.0,
              "y": 261.0
            },
            {
              "x": 197.0,
              "y": 263.0
            },
            {
              "x": 194.0,
              "y": 269.0
            },
            {
              "x": 194.0,
              "y": 275.0
            },
            {
              "x": 197.0,
              "y": 278.0
            },
            {
              "x": 212.0,
              "y": 278.0
            },
            {
              "x": 213.0,
              "y": 277.0
            },
            {
              "x": 216.0,
              "y": 277.0
            },
            {
              "x": 217.0,
              "y": 278.0
            },
            {
              "x": 217.0,
              "y": 281.0
            },
            {
              "x": 215.0,
              "y": 283.0
            },
            {
              "x": 215.0,
              "y": 285.0
            },
            {
              "x": 213.0,
              "y": 288.0
            },
            {
              "x": 213.0,
              "y": 294.0
            },
            {
              "x": 214.0,
              "y": 296.0
            },
            {
              "x": 217.0,
              "y": 298.0
            },
            {
              "x": 221.0,
              "y": 298.0
            },
            {
              "x": 222.0,
              "y": 299.0
            },
            {
              "x": 234.0,
              "y": 298.0
            },
            {
              "x": 235.0,
              "y": 299.0
            },
            {
              "x": 233.0,
              "y": 303.0
            },
            {
              "x": 233.0,
              "y": 306.0
            },
            {
              "x": 232.0,
              "y": 307.0
            },
            {
              "x": 232.0,
              "y": 312.0
            },
            {
              "x": 233.0,
              "y": 313.0
            },
            {
              "x": 233.0,
              "y": 315.0
            },
            {
              "x": 234.0,
              "y": 315.0
            },
            {
              "x": 238.0,
              "y": 318.0
            },
            {
              "x": 242.0,
              "y": 318.0
            },
            {
              "x": 243.0,
              "y": 319.0
            },
            {
              "x": 250.0,
              "y": 319.0
            },
            {
              "x": 251.0,
              "y": 320.0
            },
            {
              "x": 251.0,
              "y": 327.0
            },
            {
              "x": 254.0,
              "y": 332.0
            },
            {
              "x": 258.0,
              "y": 334.0
            },
            {
              "x": 260.0,
              "y": 334.0
            },
            {
              "x": 261.0,
              "y": 335.0
            },
            {
              "x": 267.0,
              "y": 335.0
            },
            {
              "x": 270.0,
              "y": 338.0
            },
            {
              "x": 270.0,
              "y": 342.0
            },
            {
              "x": 274.0,
              "y": 347.0
            },
            {
              "x": 275.0,
              "y": 347.0
            },
            {
              "x": 277.0,
              "y": 349.0
            },
            {
              "x": 280.0,
              "y": 349.0
            },
            {
              "x": 284.0,
              "y": 351.0
            },
            {
              "x": 288.0,
              "y": 351.0
            },
            {
              "x": 290.0,
              "y": 352.0
            },
            {
              "x": 291.0,
              "y": 353.0
            },
            {
              "x": 291.0,
              "y": 356.0
            },
            {
              "x": 295.0,
              "y": 364.0
            },
            {
              "x": 300.0,
              "y": 369.0
            },
            {
              "x": 300.0,
              "y": 370.0
            },
            {
              "x": 301.0,
              "y": 370.0
            },
            {
              "x": 306.0,
              "y": 374.0
            },
            {
              "x": 310.0,
              "y": 374.0
            },
            {
              "x": 312.0,
              "y": 372.0
            },
            {
              "x": 313.0,
              "y": 372.0
            },
            {
              "x": 319.0,
              "y": 360.0
            },
            {
              "x": 336.0,
              "y": 360.0
            },
            {
              "x": 338.0,
              "y": 358.0
            },
            {
              "x": 339.0,
              "y": 358.0
            },
            {
              "x": 342.0,
              "y": 355.0
            },
            {
              "x": 342.0,
              "y": 353.0
            },
            {
              "x": 343.0,
              "y": 352.0
            },
            {
              "x": 343.0,
              "y": 347.0
            },
            {
              "x": 342.0,
              "y": 346.0
            },
            {
              "x": 342.0,
              "y": 343.0
            },
            {
              "x": 340.0,
              "y": 340.0
            },
            {
              "x": 340.0,
              "y": 338.0
            },
            {
              "x": 338.0,
              "y": 336.0
            },
            {
              "x": 335.0,
              "y": 329.0
            },
            {
              "x": 333.0,
              "y": 327.0
            },
            {
              "x": 333.0,
              "y": 325.0
            },
            {
              "x": 331.0,
              "y": 323.0
            },
            {
              "x": 326.0,
              "y": 313.0
            },
            {
              "x": 322.0,
              "y": 309.0
            },
            {
              "x": 320.0,
              "y": 309.0
            },
            {
              "x": 313.0,
              "y": 305.0
            },
            {
              "x": 312.0,
              "y": 297.0
            },
            {
              "x": 308.0,
              "y": 292.0
            },
            {
              "x": 307.0,
              "y": 292.0
            },
            {
              "x": 305.0,
              "y": 290.0
            },
            {
              "x": 293.0,
              "y": 290.0
            },
            {
              "x": 291.0,
              "y": 286.0
            },
            {
              "x": 290.0,
              "y": 278.0
            },
            {
              "x": 287.0,
              "y": 275.0
            },
            {
              "x": 286.0,
              "y": 275.0
            },
            {
              "x": 281.0,
              "y": 271.0
            },
            {
              "x": 273.0,
              "y": 271.0
            },
            {
              "x": 271.0,
              "y": 268.0
            },
            {
              "x": 271.0,
              "y": 264.0
            },
            {
              "x": 269.0,
              "y": 260.0
            },
            {
              "x": 265.0,
              "y": 256.0
            },
            {
              "x": 257.0,
              "y": 253.0
            },
            {
              "x": 255.0,
              "y": 251.0
            },
            {
              "x": 255.0,
              "y": 249.0
            },
            {
              "x": 253.0,
              "y": 247.0
            },
            {
              "x": 253.0,
              "y": 245.0
            },
            {
              "x": 248.0,
              "y": 239.0
            },
            {
              "x": 245.0,
              "y": 238.0
            },
            {
              "x": 243.0,
              "y": 236.0
            },
            {
              "x": 238.0,
              "y": 235.0
            },
            {
              "x": 236.0,
              "y": 233.0
            },
            {
              "x": 235.0,
              "y": 229.0
            },
            {
              "x": 233.0,
              "y": 227.0
            },
            {
              "x": 233.0,
              "y": 226.0
            },
            {
              "x": 226.0,
              "y": 219.0
            },
            {
              "x": 224.0,
              "y": 219.0
            },
            {
              "x": 220.0,
              "y": 216.0
            },
            {
              "x": 218.0,
              "y": 210.0
            },
            {
              "x": 210.0,
              "y": 201.0
            },
            {
              "x": 206.0,
              "y": 199.0
            },
            {
              "x": 204.0,
              "y": 199.0
            },
            {
              "x": 201.0,
              "y": 197.0
            },
            {
              "x": 186.0,
              "y": 197.0
            },
            {
              "x": 185.0,
              "y": 198.0
            },
            {
              "x": 180.0,
              "y": 199.0
            },
            {
              "x": 177.0,
              "y": 201.0
            },
            {
              "x": 175.0,
              "y": 201.0
            }
          ]
        ]
      },
      "properties": [],
      "slot_names": [
        "0"
      ]
    }
  ]
}