{
  "version": "2.0",
  "schema_ref": "https://darwin-public.s3.eu-west-1.amazonaws.com/darwin_json/2.0/schema.json",
  "item": {
    "name": "conchiglie.4qe898hu.ingestion-5fd995d986-fwdsf.jpg",
    "path": "/",
    "source_info": {
      "item_id": "018ea5b6-384c-2387-9a6e-48439d958359",
      "dataset": {
        "name": "Pasta",
        "slug": "pasta",
        "dataset_management_url": "https://darwin.v7labs.com/datasets/735230/dataset-management"
      },
      "team": {
        "name": "Salvino",
        "slug": "salvino"
      },
      "workview_url": "https://darwin.v7labs.com/workview?dataset=735230&item=018ea5b6-384c-2387-9a6e-48439d958359"
    },
    "slots": [
      {
        "type": "image",
        "slot_name": "0",
        "width": 512,
        "height": 512,
        "thumbnail_url": "https://darwin.v7labs.com/api/v2/teams/salvino/files/caba89d0-c982-4204-8e6b-ea5d6e549dba/thumbnail",
        "source_files": [
          {
            "file_name": "conchiglie.4qe898hu.ingestion-5fd995d986-fwdsf.jpg",
            "url": "https://darwin.v7labs.com/api/v2/teams/salvino/uploads/1b922548-da85-46ef-8bdb-d96bfbceb0b0"
          }
        ]
      }
    ]
  },
  "annotations": [
    {
      "bounding_box": {
        "h": 180.0,
        "w": 267.0,
        "x": 121.0,
        "y": 158.0
      },
      "id": "1127cddd-549f-4d26-8eff-ea229131477a",
      "name": "Fusilli",
      "polygon": {
        "paths": [
          [
            {
              "x": 135.0,
              "y": 174.0
            },
            {
              "x": 135.0,
              "y": 178.0
            },
            {
              "x": 143.0,
              "y": 189.0
            },
            {
              "x": 143.0,
              "y": 193.0
            },
            {
              "x": 139.0,
              "y": 200.0
            },
            {
              "x": 135.0,
              "y": 204.0
            },
            {
              "x": 127.0,
              "y": 206.0
            },
            {
              "x": 122.0,
              "y": 210.0
            },
            {
              "x": 121.0,
              "y": 217.0
            },
            {
              "x": 124.0,
              "y": 221.0
            },
            {
              "x": 124.0,
              "y": 222.0
            },
            {
              "x": 126.0,
              "y": 222.0
            },
            {
              "x": 127.0,
              "y": 223.0
            },
            {
              "x": 143.0,
              "y": 223.0
            },
            {
              "x": 144.0,
              "y": 222.0
            },
            {
              "x": 147.0,
              "y": 222.0
            },
            {
              "x": 148.0,
              "y": 223.0
            },
            {
              "x": 148.0,
              "y": 234.0
            },
            {
              "x": 149.0,
              "y": 235.0
            },
            {
              "x": 149.0,
              "y": 238.0
            },
            {
              "x": 150.0,
              "y": 240.0
            },
            {
              "x": 151.0,
              "y": 240.0
            },
            {
              "x": 155.0,
              "y": 244.0
            },
            {
              "x": 161.0,
              "y": 244.0
            },
            {
              "x": 162.0,
              "y": 245.0
            },
            {
              "x": 163.0,
              "y": 244.0
            },
            {
              "x": 175.0,
              "y": 244.0
            },
            {
              "x": 176.0,
              "y": 245.0
            },
            {
              "x": 176.0,
              "y": 247.0
            },
            {
              "x": 178.0,
              "y": 251.0
            },
            {
              "x": 178.0,
              "y": 254.0
            },
            {
              "x": 180.0,
              "y": 258.0
            },
            {
              "x": 187.0,
              "y": 262.0
            },
            {
              "x": 189.0,
              "y": 262.0
            },
            {
              "x": 190.0,
              "y": 263.0
            },
            {
              "x": 198.0,
              "y": 263.0
            },
            {
              "x": 199.0,
              "y": 262.0
            },
            {
              "x": 203.0,
              "y": 262.0
            },
            {
              "x": 204.0,
              "y": 261.0
            },
            {
              "x": 206.0,
              "y": 262.0
            },
            {
              "x": 208.0,
              "y": 264.0
            },
            {
              "x": 208.0,
              "y": 268.0
            },
            {
              "x": 209.0,
              "y": 269.0
            },
            {
              "x": 209.0,
              "y": 271.0
            },
            {
              "x": 211.0,
              "y": 275.0
            },
            {
              "x": 212.0,
              "y": 275.0
            },
            {
              "x": 215.0,
              "y": 279.0
            },
            {
              "x": 219.0,
              "y": 280.0
            },
            {
              "x": 220.0,
              "y": 281.0
            },
            {
              "x": 236.0,
              "y": 281.0
            },
            {
              "x": 237.0,
              "y": 282.0
            },
            {
              "x": 237.0,
              "y": 284.0
            },
            {
              "x": 239.0,
              "y": 286.0
            },
            {
              "x": 240.0,
              "y": 290.0
            },
            {
              "x": 246.0,
              "y": 296.0
            },
            {
              "x": 250.0,
              "y": 297.0
            },
            {
              "x": 253.0,
              "y": 299.0
            },
            {
              "x": 259.0,
              "y": 299.0
            },
            {
              "x": 260.0,
              "y": 300.0
            },
            {
              "x": 264.0,
              "y": 300.0
            },
            {
              "x": 268.0,
              "y": 302.0
            },
            {
              "x": 271.0,
              "y": 306.0
            },
            {
              "x": 274.0,
              "y": 307.0
            },
            {
              "x": 278.0,
              "y": 310.0
            },
            {
              "x": 280.0,
              "y": 310.0
            },
            {
              "x": 281.0,
              "y": 311.0
            },
            {
              "x": 286.0,
              "y": 311.0
            },
            {
              "x": 287.0,
              "y": 312.0
            },
            {
              "x": 292.0,
              "y": 312.0
            },
            {
              "x": 299.0,
              "y": 319.0
            },
            {
              "x": 301.0,
              "y": 320.0
            },
            {
              "x": 307.0,
              "y": 321.0
            },
            {
              "x": 308.0,
              "y": 322.0
            },
            {
              "x": 315.0,
              "y": 322.0
            },
            {
              "x": 318.0,
              "y": 324.0
            },
            {
              "x": 320.0,
              "y": 324.0
            },
            {
              "x": 322.0,
              "y": 326.0
            },
            {
              "x": 322.0,
              "y": 327.0
            },
            {
              "x": 326.0,
              "y": 331.0
            },
            {
              "x": 329.0,
              "y": 332.0
            },
            {
              "x": 330.0,
              "y": 334.0
            },
            {
              "x": 336.0,
              "y": 337.0
            },
            {
              "x": 338.0,
              "y": 337.0
            },
            {
              "x": 339.0,
              "y": 338.0
            },
            {
              "x": 346.0,
              "y": 338.0
            },
            {
              "x": 347.0,
              "y": 337.0
            },
            {
              "x": 349.0,
              "y": 337.0
            },
            {
              "x": 352.0,
              "y": 333.0
            },
            {
              "x": 352.0,
              "y": 328.0
            },
            {
              "x": 353.0,
              "y": 327.0
            },
            {
              "x": 353.0,
              "y": 324.0
            },
            {
              "x": 356.0,
              "y": 321.0
            },
            {
              "x": 359.0,
              "y": 321.0
            },
            {
              "x": 360.0,
              "y": 320.0
            },
            {
              "x": 362.0,
              "y": 321.0
            },
            {
              "x": 370.0,
              "y": 321.0
            },
            {
              "x": 371.0,
              "y": 320.0
            },
            {
              "x": 374.0,
              "y": 320.0
            },
            {
              "x": 375.0,
              "y": 319.0
            },
            {
              "x": 377.0,
              "y": 319.0
            },
            {
              "x": 379.0,
              "y": 317.0
            },
            {
              "x": 381.0,
              "y": 317.0
            },
            {
              "x": 382.0,
              "y": 316.0
            },
            {
              "x": 386.0,
              "y": 315.0
            },
            {
              "x": 388.0,
              "y": 311.0
            },
            {
              "x": 386.0,
              "y": 309.0
            },
            {
              "x": 386.0,
              "y": 308.0
            },
            {
              "x": 383.0,
              "y": 307.0
            },
            {
              "x": 380.0,
              "y": 304.0
            },
            {
              "x": 379.0,
              "y": 304.0
            },
            {
              "x": 373.0,
              "y": 298.0
            },
            {
              "x": 371.0,
              "y": 293.0
            },
            {
              "x": 368.0,
              "y": 290.0
            },
            {
              "x": 365.0,
              "y": 284.0
            },
            {
              "x": 363.0,
              "y": 283.0
            },
            {
              "x": 360.0,
              "y": 277.0
            },
            {
              "x": 357.0,
              "y": 274.0
            },
            {
              "x": 357.0,
              "y": 272.0
            },
            {
              "x": 355.0,
              "y": 270.0
            },
            {
              "x": 355.0,
              "y": 269.0
            },
            {
              "x": 354.0,
              "y": 269.0
            },
            {
              "x": 351.0,
              "y": 265.0
            },
            {
              "x": 349.0,
              "y": 264.0
            },
            {
              "x": 343.0,
              "y": 264.0
            },
            {
              "x": 339.0,
              "y": 266.0
            },
            {
              "x": 336.0,
              "y": 269.0
            },
            {
              "x": 335.0,
              "y": 269.0
            },
            {
              "x": 333.0,
              "y": 267.0
            },
            {
              "x": 332.0,
              "y": 265.0
            },
            {
              "x": 332.0,
              "y": 263.0
            },
            {
              "x": 333.0,
              "y": 262.0
            },
            {
              "x": 333.0,
              "y": 257.0
            },
            {
              "x": 332.0,
              "y": 256.0
            },
            {
              "x": 332.0,
              "y": 253.0
            },
            {
              "x": 329.0,
              "y": 248.0
            },
            {
              "x": 325.0,
              "y": 246.0
            },
            {
              "x": 322.0,
              "y": 246.0
            },
            {
              "x": 321.0,
              "y": 247.0
            },
            {
              "x": 319.0,
              "y": 247.0
            },
            {
              "x": 310.0,
              "y": 255.0
            },
            {
              "x": 307.0,
              "y": 255.0
            },
            {
              "x": 305.0,
              "y": 251.0
            },
            {
              "x": 305.0,
              "y": 244.0
            },
            {
              "x": 304.0,
              "y": 243.0
            },
            {
              "x": 304.0,
              "y": 241.0
            },
            {
              "x": 302.0,
              "y": 239.0
            },
            {
              "x": 302.0,
              "y": 237.0
            },
            {
              "x": 299.0,
              "y": 233.0
            },
            {
              "x": 298.0,
              "y": 233.0
            },
            {
              "x": 296.0,
              "y": 231.0
            },
            {
              "x": 288.0,
              "y": 231.0
            },
            {
              "x": 286.0,
              "y": 233.0
            },
            {
              "x": 279.0,
              "y": 236.0
            },
            {
              "x": 276.0,
              "y": 232.0
            },
            {
              "x": 276.0,
              "y": 229.0
            },
            {
              "x": 273.0,
              "y": 223.0
            },
            {
              "x": 273.0,
              "y": 221.0
            },
            {
              "x": 269.0,
              "y": 217.0
            },
            {
              "x": 269.0,
              "y": 216.0
            },
            {
              "x": 267.0,
              "y": 216.0
            },
            {
              "x": 266.0,
              "y": 215.0
            },
            {
              "x": 255.0,
              "y": 215.0
            },
            {
              "x": 254.0,
              "y": 216.0
            },
            {
              "x": 251.0,
              "y": 216.0
            },
            {
              "x": 248.0,
              "y": 212.0
            },
            {
              "x": 248.0,
              "y": 210.0
            },
            {
              "x": 246.0,
              "y": 207.0
            },
            {
              "x": 245.0,
              "y": 203.0
            },
            {
              "x": 243.0,
              "y": 201.0
            },
            {
              "x": 243.0,
              "y": 200.0
            },
            {
              "x": 242.0,
              "y": 200.0
            },
            {
              "x": 240.0,
              "y": 198.0
            },
            {
              "x": 238.0,
              "y": 198.0
            },
            {
              "x": 237.0,
              "y": 197.0
            },
            {
              "x": 226.0,
              "y": 197.0
            },
            {
              "x": 225.0,
              "y": 198.0
            },
            {
              "x": 220.0,
              "y": 198.0
            },
            {
              "x": 217.0,
              "y": 192.0
            },
            {
              "x": 217.0,
              "y": 189.0
            },
            {
              "x": 209.0,
              "y": 180.0
            },
            {
              "x": 207.0,
              "y": 179.0
            },
            {
              "x": 192.0,
              "y": 179.0
            },
            {
              "x": 190.0,
              "y": 177.0
            },
            {
              "x": 188.0,
              "y": 169.0
            },
            {
              "x": 185.0,
              "y": 166.0
            },
            {
              "x": 185.0,
              "y": 165.0
            },
            {
              "x": 183.0,
              "y": 163.0
            },
            {
              "x": 180.0,
              "y": 162.0
            },
            {
              "x": 179.0,
              "y": 160.0
            },
            {
              "x": 177.0,
              "y": 159.0
            },
            {
              "x": 174.0,
              "y": 159.0
            },
            {
              "x": 173.0,
              "y": 158.0
            },
            {
              "x": 157.0,
              "y": 158.0
            },
            {
              "x": 156.0,
              "y": 159.0
            },
            {
              "x": 154.0,
              "y": 159.0
            },
            {
              "x": 151.0,
              "y": 162.0
            },
            {
              "x": 149.0,
              "y": 162.0
            },
            {
              "x": 147.0,
              "y": 164.0
            },
            {
              "x": 146.0,
              "y": 164.0
            },
            {
              "x": 143.0,
              "y": 167.0
            },
            {
              "x": 139.0,
              "y": 169.0
            },
            {
              "x": 138.0,
              "y": 171.0
            }
          ]
        ]
      },
      "properties": [],
      "slot_names": [
        "0"
      ]
    }
  ]
}