{
  "version": "2.0",
  "schema_ref": "https://darwin-public.s3.eu-west-1.amazonaws.com/darwin_json/2.0/schema.json",
  "item": {
    "name": "conchiglie.4qe5gm8n.ingestion-5fd995d986-fwdsf.jpg",
    "path": "/",
    "source_info": {
      "item_id": "018ea5b6-3847-7852-f3a0-44486b6657de",
      "dataset": {
        "name": "Pasta",
        "slug": "pasta",
        "dataset_management_url": "https://darwin.v7labs.com/datasets/735230/dataset-management"
      },
      "team": {
        "name": "Salvino",
        "slug": "salvino"
      },
      "workview_url": "https://darwin.v7labs.com/workview?dataset=735230&item=018ea5b6-3847-7852-f3a0-44486b6657de"
    },
    "slots": [
      {
        "type": "image",
        "slot_name": "0",
        "width": 512,
        "height": 512,
        "thumbnail_url": "https://darwin.v7labs.com/api/v2/teams/salvino/files/f21b5d4e-2017-4565-a9a2-6ce6ec53dc65/thumbnail",
        "source_files": [
          {
            "file_name": "conchiglie.4qe5gm8n.ingestion-5fd995d986-fwdsf.jpg",
            "url": "https://darwin.v7labs.com/api/v2/teams/salvino/uploads/0298211e-b0ea-45dd-8998-4688bdaafd25"
          }
        ]
      }
    ]
  },
  "annotations": [
    {
      "bounding_box": {
        "h": 110.0,
        "w": 103.0,
        "x": 211.0,
        "y": 211.0
      },
      "id": "41eac28f-608f-4d5a-b5b6-b29d072aed2c",
      "name": "Conchiglie",
      "polygon": {
        "paths": [
          [
            {
              "x": 268.0,
              "y": 211.0
            },
            {
              "x": 263.0,
              "y": 211.0
            },
            {
              "x": 262.0,
              "y": 212.0
            },
            {
              "x": 260.0,
              "y": 212.0
            },
            {
              "x": 259.0,
              "y": 213.0
            },
            {
              "x": 255.0,
              "y": 214.0
            },
            {
              "x": 247.0,
              "y": 222.0
            },
            {
              "x": 233.0,
              "y": 229.0
            },
            {
              "x": 230.0,
              "y": 232.0
            },
            {
              "x": 226.0,
              "y": 234.0
            },
            {
              "x": 217.0,
              "y": 242.0
            },
            {
              "x": 213.0,
              "y": 250.0
            },
            {
              "x": 213.0,
              "y": 253.0
            },
            {
              "x": 212.0,
              "y": 254.0
            },
            {
              "x": 212.0,
              "y": 259.0
            },
            {
              "x": 211.0,
              "y": 260.0
            },
            {
              "x": 211.0,
              "y": 267.0
            },
            {
              "x": 212.0,
              "y": 268.0
            },
            {
              "x": 212.0,
              "y": 272.0
            },
            {
              "x": 213.0,
              "y": 273.0
            },
            {
              "x": 214.0,
              "y": 278.0
            },
            {
              "x": 218.0,
              "y": 285.0
            },
            {
              "x": 223.0,
              "y": 290.0
            },
            {
              "x": 223.0,
              "y": 291.0
            },
            {
              "x": 238.0,
              "y": 305.0
            },
            {
              "x": 240.0,
              "y": 311.0
            },
            {
              "x": 245.0,
              "y": 315.0
            },
            {
              "x": 246.0,
              "y": 315.0
            },
            {
              "x": 249.0,
              "y": 318.0
            },
            {
              "x": 253.0,
              "y": 320.0
            },
            {
              "x": 255.0,
              "y": 320.0
            },
            {
              "x": 256.0,
              "y": 321.0
            },
            {
              "x": 268.0,
              "y": 321.0
            },
            {
              "x": 269.0,
              "y": 320.0
            },
            {
              "x": 271.0,
              "y": 320.0
            },
            {
              "x": 279.0,
              "y": 313.0
            },
            {
              "x": 281.0,
              "y": 313.0
            },
            {
              "x": 285.0,
              "y": 310.0
            },
            {
              "x": 287.0,
              "y": 310.0
            },
            {
              "x": 289.0,
              "y": 308.0
            },
            {
              "x": 293.0,
              "y": 306.0
            },
            {
              "x": 296.0,
              "y": 303.0
            },
            {
              "x": 300.0,
              "y": 301.0
            },
            {
              "x": 300.0,
              "y": 300.0
            },
            {
              "x": 304.0,
              "y": 296.0
            },
            {
              "x": 305.0,
              "y": 292.0
            },
            {
              "x": 309.0,
              "y": 287.0
            },
            {
              "x": 312.0,
              "y": 281.0
            },
            {
              "x": 312.0,
              "y": 278.0
            },
            {
              "x": 313.0,
              "y": 277.0
            },
            {
              "x": 313.0,
              "y": 274.0
            },
            {
              "x": 314.0,
              "y": 273.0
            },
            {
              "x": 314.0,
              "y": 261.0
            },
            {
              "x": 313.0,
              "y": 260.0
            },
            {
              "x": 313.0,
              "y": 253.0
            },
            {
              "x": 312.0,
              "y": 251.0
            },
            {
              "x": 304.0,
              "y": 242.0
            },
            {
              "x": 304.0,
              "y": 241.0
            },
            {
              "x": 302.0,
              "y": 240.0
            },
            {
              "x": 297.0,
              "y": 235.0
            },
            {
              "x": 296.0,
              "y": 235.0
            },
            {
              "x": 290.0,
              "y": 229.0
            },
            {
              "x": 289.0,
              "y": 226.0
            },
            {
              "x": 281.0,
              "y": 218.0
            },
            {
              "x": 279.0,
              "y": 217.0
            },
            {
              "x": 275.0,
              "y": 217.0
            },
            {
              "x": 274.0,
              "y": 216.0
            },
            {
              "x": 272.0,
              "y": 216.0
            },
            {
              "x": 270.0,
              "y": 214.0
            },
            {
              "x": 270.0,
              "y": 212.0
            },
            {
              "x": 269.0,
              "y": 212.0
            }
          ]
        ]
      },
      "properties": [],
      "slot_names": [
        "0"
      ]
    }
  ]
}