{
  "version": "2.0",
  "schema_ref": "https://darwin-public.s3.eu-west-1.amazonaws.com/darwin_json/2.0/schema.json",
  "item": {
    "name": "conchiglie.4qe8933f.ingestion-5fd995d986-9zbdz.jpg",
    "path": "/",
    "source_info": {
      "item_id": "018ea5b6-384c-ac93-6fc3-8759262fed0a",
      "dataset": {
        "name": "Pasta",
        "slug": "pasta",
        "dataset_management_url": "https://darwin.v7labs.com/datasets/735230/dataset-management"
      },
      "team": {
        "name": "Salvino",
        "slug": "salvino"
      },
      "workview_url": "https://darwin.v7labs.com/workview?dataset=735230&item=018ea5b6-384c-ac93-6fc3-8759262fed0a"
    },
    "slots": [
      {
        "type": "image",
        "slot_name": "0",
        "width": 512,
        "height": 512,
        "thumbnail_url": "https://darwin.v7labs.com/api/v2/teams/salvino/files/0817b553-3930-413d-aa6d-1097780853c2/thumbnail",
        "source_files": [
          {
            "file_name": "conchiglie.4qe8933f.ingestion-5fd995d986-9zbdz.jpg",
            "url": "https://darwin.v7labs.com/api/v2/teams/salvino/uploads/13678c0e-5f6d-4d1f-b9c8-ad77e3cfc81c"
          }
        ]
      }
    ]
  },
  "annotations": [
    {
      "bounding_box": {
        "h": 70.0,
        "w": 226.0,
        "x": 158.0,
        "y": 289.0
      },
      "id": "91943d23-28d3-42ef-a567-ea22d6fc9709",
      "name": "Fusilli",
      "polygon": {
        "paths": [
          [
            {
              "x": 158.0,
              "y": 325.0
            },
            {
              "x": 158.0,
              "y": 329.0
            },
            {
              "x": 162.0,
              "y": 334.0
            },
            {
              "x": 162.0,
              "y": 341.0
            },
            {
              "x": 163.0,
              "y": 342.0
            },
            {
              "x": 163.0,
              "y": 345.0
            },
            {
              "x": 165.0,
              "y": 347.0
            },
            {
              "x": 165.0,
              "y": 348.0
            },
            {
              "x": 169.0,
              "y": 351.0
            },
            {
              "x": 177.0,
              "y": 352.0
            },
            {
              "x": 178.0,
              "y": 351.0
            },
            {
              "x": 182.0,
              "y": 351.0
            },
            {
              "x": 186.0,
              "y": 348.0
            },
            {
              "x": 189.0,
              "y": 347.0
            },
            {
              "x": 196.0,
              "y": 355.0
            },
            {
              "x": 207.0,
              "y": 355.0
            },
            {
              "x": 214.0,
              "y": 351.0
            },
            {
              "x": 217.0,
              "y": 351.0
            },
            {
              "x": 222.0,
              "y": 355.0
            },
            {
              "x": 226.0,
              "y": 356.0
            },
            {
              "x": 227.0,
              "y": 357.0
            },
            {
              "x": 232.0,
              "y": 357.0
            },
            {
              "x": 233.0,
              "y": 356.0
            },
            {
              "x": 236.0,
              "y": 356.0
            },
            {
              "x": 242.0,
              "y": 352.0
            },
            {
              "x": 245.0,
              "y": 352.0
            },
            {
              "x": 251.0,
              "y": 357.0
            },
            {
              "x": 255.0,
              "y": 359.0
            },
            {
              "x": 262.0,
              "y": 359.0
            },
            {
              "x": 263.0,
              "y": 358.0
            },
            {
              "x": 266.0,
              "y": 358.0
            },
            {
              "x": 271.0,
              "y": 355.0
            },
            {
              "x": 274.0,
              "y": 355.0
            },
            {
              "x": 280.0,
              "y": 359.0
            },
            {
              "x": 294.0,
              "y": 359.0
            },
            {
              "x": 298.0,
              "y": 357.0
            },
            {
              "x": 305.0,
              "y": 357.0
            },
            {
              "x": 306.0,
              "y": 358.0
            },
            {
              "x": 316.0,
              "y": 358.0
            },
            {
              "x": 317.0,
              "y": 357.0
            },
            {
              "x": 320.0,
              "y": 357.0
            },
            {
              "x": 324.0,
              "y": 355.0
            },
            {
              "x": 337.0,
              "y": 355.0
            },
            {
              "x": 338.0,
              "y": 354.0
            },
            {
              "x": 344.0,
              "y": 353.0
            },
            {
              "x": 350.0,
              "y": 349.0
            },
            {
              "x": 364.0,
              "y": 346.0
            },
            {
              "x": 369.0,
              "y": 339.0
            },
            {
              "x": 372.0,
              "y": 339.0
            },
            {
              "x": 381.0,
              "y": 334.0
            },
            {
              "x": 384.0,
              "y": 330.0
            },
            {
              "x": 384.0,
              "y": 328.0
            },
            {
              "x": 382.0,
              "y": 326.0
            },
            {
              "x": 379.0,
              "y": 326.0
            },
            {
              "x": 378.0,
              "y": 325.0
            },
            {
              "x": 375.0,
              "y": 325.0
            },
            {
              "x": 374.0,
              "y": 326.0
            },
            {
              "x": 368.0,
              "y": 326.0
            },
            {
              "x": 367.0,
              "y": 325.0
            },
            {
              "x": 368.0,
              "y": 323.0
            },
            {
              "x": 368.0,
              "y": 320.0
            },
            {
              "x": 372.0,
              "y": 312.0
            },
            {
              "x": 372.0,
              "y": 305.0
            },
            {
              "x": 370.0,
              "y": 303.0
            },
            {
              "x": 364.0,
              "y": 300.0
            },
            {
              "x": 358.0,
              "y": 299.0
            },
            {
              "x": 357.0,
              "y": 298.0
            },
            {
              "x": 344.0,
              "y": 298.0
            },
            {
              "x": 343.0,
              "y": 299.0
            },
            {
              "x": 341.0,
              "y": 299.0
            },
            {
              "x": 335.0,
              "y": 305.0
            },
            {
              "x": 334.0,
              "y": 305.0
            },
            {
              "x": 329.0,
              "y": 298.0
            },
            {
              "x": 328.0,
              "y": 298.0
            },
            {
              "x": 324.0,
              "y": 295.0
            },
            {
              "x": 322.0,
              "y": 295.0
            },
            {
              "x": 317.0,
              "y": 298.0
            },
            {
              "x": 317.0,
              "y": 299.0
            },
            {
              "x": 315.0,
              "y": 301.0
            },
            {
              "x": 315.0,
              "y": 303.0
            },
            {
              "x": 312.0,
              "y": 307.0
            },
            {
              "x": 309.0,
              "y": 305.0
            },
            {
              "x": 309.0,
              "y": 304.0
            },
            {
              "x": 306.0,
              "y": 301.0
            },
            {
              "x": 306.0,
              "y": 300.0
            },
            {
              "x": 298.0,
              "y": 296.0
            },
            {
              "x": 295.0,
              "y": 296.0
            },
            {
              "x": 291.0,
              "y": 298.0
            },
            {
              "x": 285.0,
              "y": 304.0
            },
            {
              "x": 284.0,
              "y": 304.0
            },
            {
              "x": 282.0,
              "y": 303.0
            },
            {
              "x": 275.0,
              "y": 296.0
            },
            {
              "x": 269.0,
              "y": 296.0
            },
            {
              "x": 268.0,
              "y": 297.0
            },
            {
              "x": 264.0,
              "y": 298.0
            },
            {
              "x": 261.0,
              "y": 301.0
            },
            {
              "x": 259.0,
              "y": 301.0
            },
            {
              "x": 257.0,
              "y": 300.0
            },
            {
              "x": 256.0,
              "y": 298.0
            },
            {
              "x": 255.0,
              "y": 298.0
            },
            {
              "x": 252.0,
              "y": 295.0
            },
            {
              "x": 250.0,
              "y": 295.0
            },
            {
              "x": 249.0,
              "y": 294.0
            },
            {
              "x": 245.0,
              "y": 294.0
            },
            {
              "x": 244.0,
              "y": 295.0
            },
            {
              "x": 241.0,
              "y": 295.0
            },
            {
              "x": 233.0,
              "y": 300.0
            },
            {
              "x": 227.0,
              "y": 294.0
            },
            {
              "x": 225.0,
              "y": 293.0
            },
            {
              "x": 219.0,
              "y": 292.0
            },
            {
              "x": 218.0,
              "y": 293.0
            },
            {
              "x": 212.0,
              "y": 294.0
            },
            {
              "x": 208.0,
              "y": 297.0
            },
            {
              "x": 206.0,
              "y": 297.0
            },
            {
              "x": 201.0,
              "y": 292.0
            },
            {
              "x": 200.0,
              "y": 292.0
            },
            {
              "x": 198.0,
              "y": 290.0
            },
            {
              "x": 195.0,
              "y": 290.0
            },
            {
              "x": 194.0,
              "y": 289.0
            },
            {
              "x": 192.0,
              "y": 289.0
            },
            {
              "x": 191.0,
              "y": 290.0
            },
            {
              "x": 186.0,
              "y": 290.0
            },
            {
              "x": 184.0,
              "y": 292.0
            },
            {
              "x": 182.0,
              "y": 292.0
            },
            {
              "x": 181.0,
              "y": 293.0
            },
            {
              "x": 178.0,
              "y": 292.0
            },
            {
              "x": 174.0,
              "y": 289.0
            },
            {
              "x": 168.0,
              "y": 289.0
            },
            {
              "x": 166.0,
              "y": 290.0
            },
            {
              "x": 165.0,
              "y": 291.0
            },
            {
              "x": 165.0,
              "y": 294.0
            },
            {
              "x": 166.0,
              "y": 296.0
            },
            {
              "x": 171.0,
              "y": 301.0
            },
            {
              "x": 171.0,
              "y": 302.0
            },
            {
              "x": 169.0,
              "y": 306.0
            },
            {
              "x": 163.0,
              "y": 314.0
            },
            {
              "x": 159.0,
              "y": 322.0
            },
            {
              "x": 159.0,
              "y": 324.0
            }
          ]
        ]
      },
      "properties": [],
      "slot_names": [
        "0"
      ]
    }
  ]
}