{
  "version": "2.0",
  "schema_ref": "https://darwin-public.s3.eu-west-1.amazonaws.com/darwin_json/2.0/schema.json",
  "item": {
    "name": "conchiglie.4qe5g8ep.ingestion-5fd995d986-fwdsf.jpg",
    "path": "/",
    "source_info": {
      "item_id": "018ea5b6-3847-fe53-2b6e-11903e490999",
      "dataset": {
        "name": "Pasta",
        "slug": "pasta",
        "dataset_management_url": "https://darwin.v7labs.com/datasets/735230/dataset-management"
      },
      "team": {
        "name": "Salvino",
        "slug": "salvino"
      },
      "workview_url": "https://darwin.v7labs.com/workview?dataset=735230&item=018ea5b6-3847-fe53-2b6e-11903e490999"
    },
    "slots": [
      {
        "type": "image",
        "slot_name": "0",
        "width": 512,
        "height": 512,
        "thumbnail_url": "https://darwin.v7labs.com/api/v2/teams/salvino/files/f2eb2836-3bd1-436a-9077-38a4e188658d/thumbnail",
        "source_files": [
          {
            "file_name": "conchiglie.4qe5g8ep.ingestion-5fd995d986-fwdsf.jpg",
            "url": "https://darwin.v7labs.com/api/v2/teams/salvino/uploads/90990771-2e6d-43b5-be2d-e0d17ff9bebc"
          }
        ]
      }
    ]
  },
  "annotations": [
    {
      "bounding_box": {
        "h": 144.0,
        "w": 117.0,
        "x": 260.0,
        "y": 176.0
      },
      "id": "1d5d5f20-e3e5-4271-b5f6-21007d83637a",
      "name": "Conchiglie",
      "polygon": {
        "paths": [
          [
            {
              "x": 361.0,
              "y": 180.0
            },
            {
              "x": 358.0,
              "y": 180.0
            },
            {
              "x": 357.0,
              "y": 179.0
            },
            {
              "x": 355.0,
              "y": 179.0
            },
            {
              "x": 351.0,
              "y": 177.0
            },
            {
              "x": 348.0,
              "y": 177.0
            },
            {
              "x": 347.0,
              "y": 176.0
            },
            {
              "x": 337.0,
              "y": 176.0
            },
            {
              "x": 332.0,
              "y": 180.0
            },
            {
              "x": 331.0,
              "y": 180.0
            },
            {
              "x": 328.0,
              "y": 183.0
            },
            {
              "x": 319.0,
              "y": 188.0
            },
            {
              "x": 317.0,
              "y": 188.0
            },
            {
              "x": 311.0,
              "y": 191.0
            },
            {
              "x": 308.0,
              "y": 191.0
            },
            {
              "x": 307.0,
              "y": 192.0
            },
            {
              "x": 305.0,
              "y": 192.0
            },
            {
              "x": 304.0,
              "y": 193.0
            },
            {
              "x": 296.0,
              "y": 195.0
            },
            {
              "x": 292.0,
              "y": 197.0
            },
            {
              "x": 287.0,
              "y": 201.0
            },
            {
              "x": 283.0,
              "y": 202.0
            },
            {
              "x": 282.0,
              "y": 204.0
            },
            {
              "x": 278.0,
              "y": 208.0
            },
            {
              "x": 277.0,
              "y": 208.0
            },
            {
              "x": 269.0,
              "y": 217.0
            },
            {
              "x": 269.0,
              "y": 218.0
            },
            {
              "x": 265.0,
              "y": 223.0
            },
            {
              "x": 262.0,
              "y": 229.0
            },
            {
              "x": 262.0,
              "y": 233.0
            },
            {
              "x": 261.0,
              "y": 234.0
            },
            {
              "x": 261.0,
              "y": 240.0
            },
            {
              "x": 260.0,
              "y": 241.0
            },
            {
              "x": 260.0,
              "y": 250.0
            },
            {
              "x": 261.0,
              "y": 251.0
            },
            {
              "x": 261.0,
              "y": 258.0
            },
            {
              "x": 262.0,
              "y": 259.0
            },
            {
              "x": 262.0,
              "y": 263.0
            },
            {
              "x": 263.0,
              "y": 264.0
            },
            {
              "x": 263.0,
              "y": 266.0
            },
            {
              "x": 265.0,
              "y": 270.0
            },
            {
              "x": 265.0,
              "y": 273.0
            },
            {
              "x": 267.0,
              "y": 276.0
            },
            {
              "x": 268.0,
              "y": 282.0
            },
            {
              "x": 270.0,
              "y": 285.0
            },
            {
              "x": 270.0,
              "y": 289.0
            },
            {
              "x": 272.0,
              "y": 293.0
            },
            {
              "x": 272.0,
              "y": 297.0
            },
            {
              "x": 273.0,
              "y": 298.0
            },
            {
              "x": 273.0,
              "y": 302.0
            },
            {
              "x": 274.0,
              "y": 303.0
            },
            {
              "x": 274.0,
              "y": 305.0
            },
            {
              "x": 278.0,
              "y": 308.0
            },
            {
              "x": 283.0,
              "y": 308.0
            },
            {
              "x": 285.0,
              "y": 309.0
            },
            {
              "x": 287.0,
              "y": 311.0
            },
            {
              "x": 287.0,
              "y": 317.0
            },
            {
              "x": 288.0,
              "y": 319.0
            },
            {
              "x": 290.0,
              "y": 320.0
            },
            {
              "x": 295.0,
              "y": 320.0
            },
            {
              "x": 296.0,
              "y": 319.0
            },
            {
              "x": 300.0,
              "y": 319.0
            },
            {
              "x": 301.0,
              "y": 318.0
            },
            {
              "x": 308.0,
              "y": 317.0
            },
            {
              "x": 312.0,
              "y": 314.0
            },
            {
              "x": 313.0,
              "y": 314.0
            },
            {
              "x": 319.0,
              "y": 308.0
            },
            {
              "x": 320.0,
              "y": 308.0
            },
            {
              "x": 327.0,
              "y": 302.0
            },
            {
              "x": 335.0,
              "y": 300.0
            },
            {
              "x": 344.0,
              "y": 295.0
            },
            {
              "x": 348.0,
              "y": 294.0
            },
            {
              "x": 352.0,
              "y": 290.0
            },
            {
              "x": 355.0,
              "y": 289.0
            },
            {
              "x": 360.0,
              "y": 284.0
            },
            {
              "x": 361.0,
              "y": 284.0
            },
            {
              "x": 369.0,
              "y": 275.0
            },
            {
              "x": 373.0,
              "y": 267.0
            },
            {
              "x": 373.0,
              "y": 265.0
            },
            {
              "x": 375.0,
              "y": 261.0
            },
            {
              "x": 375.0,
              "y": 258.0
            },
            {
              "x": 376.0,
              "y": 257.0
            },
            {
              "x": 376.0,
              "y": 251.0
            },
            {
              "x": 377.0,
              "y": 250.0
            },
            {
              "x": 377.0,
              "y": 246.0
            },
            {
              "x": 375.0,
              "y": 242.0
            },
            {
              "x": 374.0,
              "y": 234.0
            },
            {
              "x": 373.0,
              "y": 233.0
            },
            {
              "x": 373.0,
              "y": 231.0
            },
            {
              "x": 371.0,
              "y": 227.0
            },
            {
              "x": 371.0,
              "y": 223.0
            },
            {
              "x": 368.0,
              "y": 219.0
            },
            {
              "x": 367.0,
              "y": 209.0
            },
            {
              "x": 369.0,
              "y": 205.0
            },
            {
              "x": 369.0,
              "y": 192.0
            },
            {
              "x": 368.0,
              "y": 191.0
            },
            {
              "x": 368.0,
              "y": 189.0
            },
            {
              "x": 366.0,
              "y": 185.0
            }
          ]
        ]
      },
      "properties": [],
      "slot_names": [
        "0"
      ]
    }
  ]
}