{
  "version": "2.0",
  "schema_ref": "https://darwin-public.s3.eu-west-1.amazonaws.com/darwin_json/2.0/schema.json",
  "item": {
    "name": "conchiglie.4qe5gnim.ingestion-5fd995d986-l5rgx.jpg",
    "path": "/",
    "source_info": {
      "item_id": "018ea5b6-3848-5333-da05-5b411ebb4b1a",
      "dataset": {
        "name": "Pasta",
        "slug": "pasta",
        "dataset_management_url": "https://darwin.v7labs.com/datasets/735230/dataset-management"
      },
      "team": {
        "name": "Salvino",
        "slug": "salvino"
      },
      "workview_url": "https://darwin.v7labs.com/workview?dataset=735230&item=018ea5b6-3848-5333-da05-5b411ebb4b1a"
    },
    "slots": [
      {
        "type": "image",
        "slot_name": "0",
        "width": 512,
        "height": 512,
        "thumbnail_url": "https://darwin.v7labs.com/api/v2/teams/salvino/files/64232911-a43f-4c4b-a21c-dd89c4bf1b8a/thumbnail",
        "source_files": [
          {
            "file_name": "conchiglie.4qe5gnim.ingestion-5fd995d986-l5rgx.jpg",
            "url": "https://darwin.v7labs.com/api/v2/teams/salvino/uploads/a3f264e1-1124-4d67-b50c-d74e6874155a"
          }
        ]
      }
    ]
  },
  "annotations": [
    {
      "bounding_box": {
        "h": 143.0,
        "w": 113.0,
        "x": 256.0,
        "y": 306.0
      },
      "id": "3f78a8f4-8057-4b07-bb3e-e3910cde05cf",
      "name": "Conchiglie",
      "polygon": {
        "paths": [
          [
            {
              "x": 301.0,
              "y": 306.0
            },
            {
              "x": 289.0,
              "y": 312.0
            },
            {
              "x": 288.0,
              "y": 314.0
            },
            {
              "x": 288.0,
              "y": 317.0
            },
            {
              "x": 286.0,
              "y": 320.0
            },
            {
              "x": 285.0,
              "y": 324.0
            },
            {
              "x": 282.0,
              "y": 327.0
            },
            {
              "x": 282.0,
              "y": 328.0
            },
            {
              "x": 273.0,
              "y": 336.0
            },
            {
              "x": 273.0,
              "y": 337.0
            },
            {
              "x": 266.0,
              "y": 344.0
            },
            {
              "x": 266.0,
              "y": 345.0
            },
            {
              "x": 261.0,
              "y": 351.0
            },
            {
              "x": 260.0,
              "y": 355.0
            },
            {
              "x": 258.0,
              "y": 357.0
            },
            {
              "x": 258.0,
              "y": 361.0
            },
            {
              "x": 257.0,
              "y": 362.0
            },
            {
              "x": 257.0,
              "y": 366.0
            },
            {
              "x": 256.0,
              "y": 367.0
            },
            {
              "x": 256.0,
              "y": 383.0
            },
            {
              "x": 258.0,
              "y": 387.0
            },
            {
              "x": 258.0,
              "y": 391.0
            },
            {
              "x": 262.0,
              "y": 399.0
            },
            {
              "x": 265.0,
              "y": 402.0
            },
            {
              "x": 265.0,
              "y": 403.0
            },
            {
              "x": 271.0,
              "y": 409.0
            },
            {
              "x": 272.0,
              "y": 409.0
            },
            {
              "x": 273.0,
              "y": 411.0
            },
            {
              "x": 274.0,
              "y": 411.0
            },
            {
              "x": 277.0,
              "y": 414.0
            },
            {
              "x": 280.0,
              "y": 415.0
            },
            {
              "x": 282.0,
              "y": 417.0
            },
            {
              "x": 285.0,
              "y": 418.0
            },
            {
              "x": 289.0,
              "y": 422.0
            },
            {
              "x": 290.0,
              "y": 422.0
            },
            {
              "x": 292.0,
              "y": 424.0
            },
            {
              "x": 292.0,
              "y": 425.0
            },
            {
              "x": 298.0,
              "y": 430.0
            },
            {
              "x": 298.0,
              "y": 432.0
            },
            {
              "x": 302.0,
              "y": 436.0
            },
            {
              "x": 302.0,
              "y": 439.0
            },
            {
              "x": 303.0,
              "y": 441.0
            },
            {
              "x": 306.0,
              "y": 444.0
            },
            {
              "x": 309.0,
              "y": 445.0
            },
            {
              "x": 312.0,
              "y": 448.0
            },
            {
              "x": 317.0,
              "y": 448.0
            },
            {
              "x": 318.0,
              "y": 449.0
            },
            {
              "x": 322.0,
              "y": 449.0
            },
            {
              "x": 323.0,
              "y": 448.0
            },
            {
              "x": 332.0,
              "y": 449.0
            },
            {
              "x": 336.0,
              "y": 446.0
            },
            {
              "x": 337.0,
              "y": 446.0
            },
            {
              "x": 340.0,
              "y": 443.0
            },
            {
              "x": 341.0,
              "y": 439.0
            },
            {
              "x": 344.0,
              "y": 433.0
            },
            {
              "x": 348.0,
              "y": 429.0
            },
            {
              "x": 351.0,
              "y": 421.0
            },
            {
              "x": 358.0,
              "y": 412.0
            },
            {
              "x": 358.0,
              "y": 410.0
            },
            {
              "x": 360.0,
              "y": 406.0
            },
            {
              "x": 362.0,
              "y": 404.0
            },
            {
              "x": 366.0,
              "y": 397.0
            },
            {
              "x": 366.0,
              "y": 393.0
            },
            {
              "x": 368.0,
              "y": 389.0
            },
            {
              "x": 368.0,
              "y": 384.0
            },
            {
              "x": 369.0,
              "y": 383.0
            },
            {
              "x": 369.0,
              "y": 372.0
            },
            {
              "x": 368.0,
              "y": 371.0
            },
            {
              "x": 368.0,
              "y": 367.0
            },
            {
              "x": 367.0,
              "y": 366.0
            },
            {
              "x": 367.0,
              "y": 364.0
            },
            {
              "x": 365.0,
              "y": 361.0
            },
            {
              "x": 365.0,
              "y": 357.0
            },
            {
              "x": 362.0,
              "y": 355.0
            },
            {
              "x": 361.0,
              "y": 352.0
            },
            {
              "x": 354.0,
              "y": 345.0
            },
            {
              "x": 353.0,
              "y": 345.0
            },
            {
              "x": 348.0,
              "y": 340.0
            },
            {
              "x": 347.0,
              "y": 340.0
            },
            {
              "x": 344.0,
              "y": 337.0
            },
            {
              "x": 343.0,
              "y": 337.0
            },
            {
              "x": 340.0,
              "y": 334.0
            },
            {
              "x": 339.0,
              "y": 334.0
            },
            {
              "x": 330.0,
              "y": 325.0
            },
            {
              "x": 329.0,
              "y": 325.0
            },
            {
              "x": 320.0,
              "y": 314.0
            },
            {
              "x": 312.0,
              "y": 314.0
            },
            {
              "x": 311.0,
              "y": 313.0
            },
            {
              "x": 308.0,
              "y": 313.0
            },
            {
              "x": 306.0,
              "y": 310.0
            },
            {
              "x": 306.0,
              "y": 308.0
            },
            {
              "x": 304.0,
              "y": 306.0
            }
          ]
        ]
      },
      "properties": [],
      "slot_names": [
        "0"
      ]
    }
  ]
}