{
  "version": "2.0",
  "schema_ref": "https://darwin-public.s3.eu-west-1.amazonaws.com/darwin_json/2.0/schema.json",
  "item": {
    "name": "conchiglie.4qe85put.ingestion-5fd995d986-fwdsf.jpg",
    "path": "/",
    "source_info": {
      "item_id": "018ea5b6-384a-0158-bb24-f6c5e7918f5e",
      "dataset": {
        "name": "Pasta",
        "slug": "pasta",
        "dataset_management_url": "https://darwin.v7labs.com/datasets/735230/dataset-management"
      },
      "team": {
        "name": "Salvino",
        "slug": "salvino"
      },
      "workview_url": "https://darwin.v7labs.com/workview?dataset=735230&item=018ea5b6-384a-0158-bb24-f6c5e7918f5e"
    },
    "slots": [
      {
        "type": "image",
        "slot_name": "0",
        "width": 512,
        "height": 512,
        "thumbnail_url": "https://darwin.v7labs.com/api/v2/teams/salvino/files/cbdb981b-f5b3-46d1-b512-8cc0d6118d31/thumbnail",
        "source_files": [
          {
            "file_name": "conchiglie.4qe85put.ingestion-5fd995d986-fwdsf.jpg",
            "url": "https://darwin.v7labs.com/api/v2/teams/salvino/uploads/aa84db26-5bba-4e98-9f92-abe96a1b1350"
          }
        ]
      }
    ]
  },
  "annotations": [
    {
      "bounding_box": {
        "h": 201.0,
        "w": 213.0,
        "x": 170.0,
        "y": 94.0
      },
      "id": "ea7e9893-72f2-49f5-b3e1-a10841d99570",
      "name": "Farfalle",
      "polygon": {
        "paths": [
          [
            {
              "x": 258.0,
              "y": 94.0
            },
            {
              "x": 256.0,
              "y": 95.0
            },
            {
              "x": 252.0,
              "y": 99.0
            },
            {
              "x": 251.0,
              "y": 111.0
            },
            {
              "x": 250.0,
              "y": 112.0
            },
            {
              "x": 250.0,
              "y": 116.0
            },
            {
              "x": 249.0,
              "y": 117.0
            },
            {
              "x": 249.0,
              "y": 124.0
            },
            {
              "x": 248.0,
              "y": 125.0
            },
            {
              "x": 248.0,
              "y": 140.0
            },
            {
              "x": 249.0,
              "y": 141.0
            },
            {
              "x": 249.0,
              "y": 145.0
            },
            {
              "x": 250.0,
              "y": 146.0
            },
            {
              "x": 250.0,
              "y": 149.0
            },
            {
              "x": 251.0,
              "y": 150.0
            },
            {
              "x": 252.0,
              "y": 155.0
            },
            {
              "x": 259.0,
              "y": 168.0
            },
            {
              "x": 259.0,
              "y": 170.0
            },
            {
              "x": 255.0,
              "y": 172.0
            },
            {
              "x": 251.0,
              "y": 176.0
            },
            {
              "x": 241.0,
              "y": 176.0
            },
            {
              "x": 240.0,
              "y": 175.0
            },
            {
              "x": 235.0,
              "y": 175.0
            },
            {
              "x": 234.0,
              "y": 174.0
            },
            {
              "x": 227.0,
              "y": 174.0
            },
            {
              "x": 226.0,
              "y": 175.0
            },
            {
              "x": 220.0,
              "y": 175.0
            },
            {
              "x": 219.0,
              "y": 176.0
            },
            {
              "x": 216.0,
              "y": 176.0
            },
            {
              "x": 215.0,
              "y": 177.0
            },
            {
              "x": 212.0,
              "y": 177.0
            },
            {
              "x": 211.0,
              "y": 178.0
            },
            {
              "x": 206.0,
              "y": 179.0
            },
            {
              "x": 199.0,
              "y": 183.0
            },
            {
              "x": 194.0,
              "y": 184.0
            },
            {
              "x": 190.0,
              "y": 187.0
            },
            {
              "x": 188.0,
              "y": 187.0
            },
            {
              "x": 186.0,
              "y": 189.0
            },
            {
              "x": 182.0,
              "y": 190.0
            },
            {
              "x": 176.0,
              "y": 193.0
            },
            {
              "x": 171.0,
              "y": 198.0
            },
            {
              "x": 171.0,
              "y": 200.0
            },
            {
              "x": 170.0,
              "y": 201.0
            },
            {
              "x": 170.0,
              "y": 205.0
            },
            {
              "x": 171.0,
              "y": 207.0
            },
            {
              "x": 175.0,
              "y": 210.0
            },
            {
              "x": 179.0,
              "y": 210.0
            },
            {
              "x": 180.0,
              "y": 211.0
            },
            {
              "x": 184.0,
              "y": 211.0
            },
            {
              "x": 185.0,
              "y": 212.0
            },
            {
              "x": 185.0,
              "y": 214.0
            },
            {
              "x": 181.0,
              "y": 218.0
            },
            {
              "x": 181.0,
              "y": 219.0
            },
            {
              "x": 178.0,
              "y": 223.0
            },
            {
              "x": 178.0,
              "y": 228.0
            },
            {
              "x": 179.0,
              "y": 229.0
            },
            {
              "x": 189.0,
              "y": 229.0
            },
            {
              "x": 190.0,
              "y": 230.0
            },
            {
              "x": 193.0,
              "y": 230.0
            },
            {
              "x": 194.0,
              "y": 231.0
            },
            {
              "x": 194.0,
              "y": 236.0
            },
            {
              "x": 191.0,
              "y": 242.0
            },
            {
              "x": 191.0,
              "y": 251.0
            },
            {
              "x": 192.0,
              "y": 252.0
            },
            {
              "x": 195.0,
              "y": 252.0
            },
            {
              "x": 198.0,
              "y": 249.0
            },
            {
              "x": 201.0,
              "y": 249.0
            },
            {
              "x": 202.0,
              "y": 248.0
            },
            {
              "x": 207.0,
              "y": 248.0
            },
            {
              "x": 210.0,
              "y": 251.0
            },
            {
              "x": 210.0,
              "y": 256.0
            },
            {
              "x": 209.0,
              "y": 257.0
            },
            {
              "x": 209.0,
              "y": 269.0
            },
            {
              "x": 210.0,
              "y": 268.0
            },
            {
              "x": 213.0,
              "y": 268.0
            },
            {
              "x": 215.0,
              "y": 266.0
            },
            {
              "x": 217.0,
              "y": 266.0
            },
            {
              "x": 220.0,
              "y": 264.0
            },
            {
              "x": 224.0,
              "y": 264.0
            },
            {
              "x": 226.0,
              "y": 263.0
            },
            {
              "x": 228.0,
              "y": 265.0
            },
            {
              "x": 228.0,
              "y": 268.0
            },
            {
              "x": 229.0,
              "y": 269.0
            },
            {
              "x": 229.0,
              "y": 274.0
            },
            {
              "x": 228.0,
              "y": 275.0
            },
            {
              "x": 228.0,
              "y": 277.0
            },
            {
              "x": 230.0,
              "y": 279.0
            },
            {
              "x": 233.0,
              "y": 280.0
            },
            {
              "x": 234.0,
              "y": 279.0
            },
            {
              "x": 236.0,
              "y": 279.0
            },
            {
              "x": 240.0,
              "y": 277.0
            },
            {
              "x": 244.0,
              "y": 274.0
            },
            {
              "x": 248.0,
              "y": 274.0
            },
            {
              "x": 251.0,
              "y": 277.0
            },
            {
              "x": 252.0,
              "y": 283.0
            },
            {
              "x": 255.0,
              "y": 289.0
            },
            {
              "x": 259.0,
              "y": 289.0
            },
            {
              "x": 268.0,
              "y": 280.0
            },
            {
              "x": 271.0,
              "y": 279.0
            },
            {
              "x": 274.0,
              "y": 283.0
            },
            {
              "x": 274.0,
              "y": 286.0
            },
            {
              "x": 275.0,
              "y": 287.0
            },
            {
              "x": 276.0,
              "y": 292.0
            },
            {
              "x": 280.0,
              "y": 295.0
            },
            {
              "x": 288.0,
              "y": 295.0
            },
            {
              "x": 292.0,
              "y": 293.0
            },
            {
              "x": 295.0,
              "y": 290.0
            },
            {
              "x": 296.0,
              "y": 288.0
            },
            {
              "x": 296.0,
              "y": 285.0
            },
            {
              "x": 297.0,
              "y": 284.0
            },
            {
              "x": 297.0,
              "y": 278.0
            },
            {
              "x": 298.0,
              "y": 277.0
            },
            {
              "x": 298.0,
              "y": 269.0
            },
            {
              "x": 299.0,
              "y": 268.0
            },
            {
              "x": 299.0,
              "y": 264.0
            },
            {
              "x": 300.0,
              "y": 263.0
            },
            {
              "x": 300.0,
              "y": 261.0
            },
            {
              "x": 302.0,
              "y": 257.0
            },
            {
              "x": 302.0,
              "y": 251.0
            },
            {
              "x": 304.0,
              "y": 247.0
            },
            {
              "x": 304.0,
              "y": 230.0
            },
            {
              "x": 303.0,
              "y": 229.0
            },
            {
              "x": 302.0,
              "y": 223.0
            },
            {
              "x": 299.0,
              "y": 217.0
            },
            {
              "x": 297.0,
              "y": 215.0
            },
            {
              "x": 295.0,
              "y": 210.0
            },
            {
              "x": 293.0,
              "y": 208.0
            },
            {
              "x": 292.0,
              "y": 203.0
            },
            {
              "x": 294.0,
              "y": 201.0
            },
            {
              "x": 294.0,
              "y": 200.0
            },
            {
              "x": 297.0,
              "y": 198.0
            },
            {
              "x": 301.0,
              "y": 198.0
            },
            {
              "x": 302.0,
              "y": 197.0
            },
            {
              "x": 303.0,
              "y": 198.0
            },
            {
              "x": 312.0,
              "y": 198.0
            },
            {
              "x": 313.0,
              "y": 199.0
            },
            {
              "x": 325.0,
              "y": 199.0
            },
            {
              "x": 326.0,
              "y": 198.0
            },
            {
              "x": 330.0,
              "y": 198.0
            },
            {
              "x": 331.0,
              "y": 197.0
            },
            {
              "x": 334.0,
              "y": 197.0
            },
            {
              "x": 335.0,
              "y": 196.0
            },
            {
              "x": 337.0,
              "y": 196.0
            },
            {
              "x": 338.0,
              "y": 195.0
            },
            {
              "x": 346.0,
              "y": 193.0
            },
            {
              "x": 360.0,
              "y": 186.0
            },
            {
              "x": 365.0,
              "y": 185.0
            },
            {
              "x": 368.0,
              "y": 183.0
            },
            {
              "x": 370.0,
              "y": 183.0
            },
            {
              "x": 374.0,
              "y": 181.0
            },
            {
              "x": 377.0,
              "y": 178.0
            },
            {
              "x": 381.0,
              "y": 176.0
            },
            {
              "x": 381.0,
              "y": 175.0
            },
            {
              "x": 383.0,
              "y": 173.0
            },
            {
              "x": 383.0,
              "y": 167.0
            },
            {
              "x": 379.0,
              "y": 162.0
            },
            {
              "x": 377.0,
              "y": 162.0
            },
            {
              "x": 373.0,
              "y": 160.0
            },
            {
              "x": 370.0,
              "y": 160.0
            },
            {
              "x": 365.0,
              "y": 157.0
            },
            {
              "x": 370.0,
              "y": 147.0
            },
            {
              "x": 369.0,
              "y": 143.0
            },
            {
              "x": 367.0,
              "y": 142.0
            },
            {
              "x": 364.0,
              "y": 142.0
            },
            {
              "x": 363.0,
              "y": 141.0
            },
            {
              "x": 357.0,
              "y": 141.0
            },
            {
              "x": 356.0,
              "y": 140.0
            },
            {
              "x": 354.0,
              "y": 140.0
            },
            {
              "x": 352.0,
              "y": 137.0
            },
            {
              "x": 352.0,
              "y": 130.0
            },
            {
              "x": 350.0,
              "y": 128.0
            },
            {
              "x": 350.0,
              "y": 126.0
            },
            {
              "x": 348.0,
              "y": 124.0
            },
            {
              "x": 344.0,
              "y": 124.0
            },
            {
              "x": 343.0,
              "y": 125.0
            },
            {
              "x": 336.0,
              "y": 125.0
            },
            {
              "x": 335.0,
              "y": 124.0
            },
            {
              "x": 335.0,
              "y": 115.0
            },
            {
              "x": 332.0,
              "y": 111.0
            },
            {
              "x": 329.0,
              "y": 111.0
            },
            {
              "x": 321.0,
              "y": 115.0
            },
            {
              "x": 319.0,
              "y": 115.0
            },
            {
              "x": 316.0,
              "y": 113.0
            },
            {
              "x": 315.0,
              "y": 109.0
            },
            {
              "x": 314.0,
              "y": 108.0
            },
            {
              "x": 314.0,
              "y": 106.0
            },
            {
              "x": 313.0,
              "y": 105.0
            },
            {
              "x": 313.0,
              "y": 103.0
            },
            {
              "x": 310.0,
              "y": 101.0
            },
            {
              "x": 308.0,
              "y": 101.0
            },
            {
              "x": 302.0,
              "y": 104.0
            },
            {
              "x": 300.0,
              "y": 106.0
            },
            {
              "x": 297.0,
              "y": 107.0
            },
            {
              "x": 292.0,
              "y": 102.0
            },
            {
              "x": 291.0,
              "y": 98.0
            },
            {
              "x": 288.0,
              "y": 95.0
            },
            {
              "x": 285.0,
              "y": 95.0
            },
            {
              "x": 283.0,
              "y": 96.0
            },
            {
              "x": 283.0,
              "y": 97.0
            },
            {
              "x": 276.0,
              "y": 103.0
            },
            {
              "x": 273.0,
              "y": 103.0
            },
            {
              "x": 271.0,
              "y": 101.0
            },
            {
              "x": 269.0,
              "y": 97.0
            },
            {
              "x": 266.0,
              "y": 94.0
            }
          ]
        ]
      },
      "properties": [],
      "slot_names": [
        "0"
      ]
    }
  ]
}