{
  "version": "2.0",
  "schema_ref": "https://darwin-public.s3.eu-west-1.amazonaws.com/darwin_json/2.0/schema.json",
  "item": {
    "name": "conchiglie.4qe5hakt.ingestion-5fd995d986-l5rgx.jpg",
    "path": "/",
    "source_info": {
      "item_id": "018ea5b6-3844-1067-cd44-f1c05c7d299e",
      "dataset": {
        "name": "Pasta",
        "slug": "pasta",
        "dataset_management_url": "https://darwin.v7labs.com/datasets/735230/dataset-management"
      },
      "team": {
        "name": "Salvino",
        "slug": "salvino"
      },
      "workview_url": "https://darwin.v7labs.com/workview?dataset=735230&item=018ea5b6-3844-1067-cd44-f1c05c7d299e"
    },
    "slots": [
      {
        "type": "image",
        "slot_name": "0",
        "width": 512,
        "height": 512,
        "thumbnail_url": "https://darwin.v7labs.com/api/v2/teams/salvino/files/3d11a6fa-cc50-4020-a832-e1722405b7f0/thumbnail",
        "source_files": [
          {
            "file_name": "conchiglie.4qe5hakt.ingestion-5fd995d986-l5rgx.jpg",
            "url": "https://darwin.v7labs.com/api/v2/teams/salvino/uploads/40b25eb0-dce7-49f6-9009-56869c3b1231"
          }
        ]
      }
    ]
  },
  "annotations": [
    {
      "bounding_box": {
        "h": 158.0,
        "w": 223.0,
        "x": 114.0,
        "y": 52.0
      },
      "id": "4534cbaf-9cf2-4a94-b540-c50ca068a039",
      "name": "Conchiglie",
      "polygon": {
        "paths": [
          [
            {
              "x": 118.0,
              "y": 112.0
            },
            {
              "x": 118.0,
              "y": 115.0
            },
            {
              "x": 117.0,
              "y": 116.0
            },
            {
              "x": 117.0,
              "y": 121.0
            },
            {
              "x": 116.0,
              "y": 122.0
            },
            {
              "x": 116.0,
              "y": 127.0
            },
            {
              "x": 114.0,
              "y": 129.0
            },
            {
              "x": 114.0,
              "y": 137.0
            },
            {
              "x": 115.0,
              "y": 138.0
            },
            {
              "x": 117.0,
              "y": 146.0
            },
            {
              "x": 121.0,
              "y": 150.0
            },
            {
              "x": 121.0,
              "y": 151.0
            },
            {
              "x": 127.0,
              "y": 156.0
            },
            {
              "x": 130.0,
              "y": 156.0
            },
            {
              "x": 134.0,
              "y": 159.0
            },
            {
              "x": 142.0,
              "y": 159.0
            },
            {
              "x": 143.0,
              "y": 160.0
            },
            {
              "x": 147.0,
              "y": 161.0
            },
            {
              "x": 153.0,
              "y": 167.0
            },
            {
              "x": 154.0,
              "y": 167.0
            },
            {
              "x": 157.0,
              "y": 170.0
            },
            {
              "x": 157.0,
              "y": 171.0
            },
            {
              "x": 163.0,
              "y": 177.0
            },
            {
              "x": 164.0,
              "y": 177.0
            },
            {
              "x": 170.0,
              "y": 184.0
            },
            {
              "x": 173.0,
              "y": 185.0
            },
            {
              "x": 179.0,
              "y": 192.0
            },
            {
              "x": 180.0,
              "y": 192.0
            },
            {
              "x": 182.0,
              "y": 194.0
            },
            {
              "x": 185.0,
              "y": 194.0
            },
            {
              "x": 187.0,
              "y": 196.0
            },
            {
              "x": 188.0,
              "y": 196.0
            },
            {
              "x": 190.0,
              "y": 198.0
            },
            {
              "x": 190.0,
              "y": 199.0
            },
            {
              "x": 194.0,
              "y": 200.0
            },
            {
              "x": 195.0,
              "y": 201.0
            },
            {
              "x": 198.0,
              "y": 201.0
            },
            {
              "x": 202.0,
              "y": 203.0
            },
            {
              "x": 204.0,
              "y": 205.0
            },
            {
              "x": 207.0,
              "y": 205.0
            },
            {
              "x": 208.0,
              "y": 206.0
            },
            {
              "x": 211.0,
              "y": 206.0
            },
            {
              "x": 212.0,
              "y": 207.0
            },
            {
              "x": 215.0,
              "y": 207.0
            },
            {
              "x": 216.0,
              "y": 208.0
            },
            {
              "x": 223.0,
              "y": 208.0
            },
            {
              "x": 224.0,
              "y": 209.0
            },
            {
              "x": 229.0,
              "y": 209.0
            },
            {
              "x": 230.0,
              "y": 210.0
            },
            {
              "x": 247.0,
              "y": 210.0
            },
            {
              "x": 253.0,
              "y": 207.0
            },
            {
              "x": 262.0,
              "y": 207.0
            },
            {
              "x": 266.0,
              "y": 204.0
            },
            {
              "x": 268.0,
              "y": 203.0
            },
            {
              "x": 271.0,
              "y": 203.0
            },
            {
              "x": 276.0,
              "y": 199.0
            },
            {
              "x": 282.0,
              "y": 196.0
            },
            {
              "x": 284.0,
              "y": 196.0
            },
            {
              "x": 287.0,
              "y": 192.0
            },
            {
              "x": 294.0,
              "y": 190.0
            },
            {
              "x": 297.0,
              "y": 186.0
            },
            {
              "x": 305.0,
              "y": 185.0
            },
            {
              "x": 308.0,
              "y": 183.0
            },
            {
              "x": 310.0,
              "y": 183.0
            },
            {
              "x": 311.0,
              "y": 184.0
            },
            {
              "x": 317.0,
              "y": 184.0
            },
            {
              "x": 321.0,
              "y": 181.0
            },
            {
              "x": 324.0,
              "y": 180.0
            },
            {
              "x": 329.0,
              "y": 175.0
            },
            {
              "x": 330.0,
              "y": 175.0
            },
            {
              "x": 332.0,
              "y": 171.0
            },
            {
              "x": 336.0,
              "y": 167.0
            },
            {
              "x": 337.0,
              "y": 165.0
            },
            {
              "x": 337.0,
              "y": 159.0
            },
            {
              "x": 336.0,
              "y": 158.0
            },
            {
              "x": 336.0,
              "y": 155.0
            },
            {
              "x": 335.0,
              "y": 154.0
            },
            {
              "x": 334.0,
              "y": 143.0
            },
            {
              "x": 331.0,
              "y": 137.0
            },
            {
              "x": 330.0,
              "y": 137.0
            },
            {
              "x": 328.0,
              "y": 133.0
            },
            {
              "x": 326.0,
              "y": 131.0
            },
            {
              "x": 325.0,
              "y": 131.0
            },
            {
              "x": 321.0,
              "y": 126.0
            },
            {
              "x": 317.0,
              "y": 124.0
            },
            {
              "x": 316.0,
              "y": 122.0
            },
            {
              "x": 315.0,
              "y": 122.0
            },
            {
              "x": 301.0,
              "y": 107.0
            },
            {
              "x": 300.0,
              "y": 104.0
            },
            {
              "x": 297.0,
              "y": 102.0
            },
            {
              "x": 294.0,
              "y": 95.0
            },
            {
              "x": 292.0,
              "y": 94.0
            },
            {
              "x": 288.0,
              "y": 87.0
            },
            {
              "x": 286.0,
              "y": 86.0
            },
            {
              "x": 285.0,
              "y": 82.0
            },
            {
              "x": 278.0,
              "y": 75.0
            },
            {
              "x": 278.0,
              "y": 74.0
            },
            {
              "x": 273.0,
              "y": 69.0
            },
            {
              "x": 273.0,
              "y": 68.0
            },
            {
              "x": 267.0,
              "y": 65.0
            },
            {
              "x": 263.0,
              "y": 61.0
            },
            {
              "x": 259.0,
              "y": 60.0
            },
            {
              "x": 258.0,
              "y": 59.0
            },
            {
              "x": 256.0,
              "y": 59.0
            },
            {
              "x": 254.0,
              "y": 57.0
            },
            {
              "x": 250.0,
              "y": 56.0
            },
            {
              "x": 249.0,
              "y": 55.0
            },
            {
              "x": 245.0,
              "y": 55.0
            },
            {
              "x": 244.0,
              "y": 54.0
            },
            {
              "x": 232.0,
              "y": 54.0
            },
            {
              "x": 231.0,
              "y": 53.0
            },
            {
              "x": 228.0,
              "y": 53.0
            },
            {
              "x": 227.0,
              "y": 52.0
            },
            {
              "x": 221.0,
              "y": 52.0
            },
            {
              "x": 217.0,
              "y": 54.0
            },
            {
              "x": 214.0,
              "y": 54.0
            },
            {
              "x": 213.0,
              "y": 55.0
            },
            {
              "x": 209.0,
              "y": 55.0
            },
            {
              "x": 208.0,
              "y": 56.0
            },
            {
              "x": 206.0,
              "y": 56.0
            },
            {
              "x": 202.0,
              "y": 59.0
            },
            {
              "x": 198.0,
              "y": 60.0
            },
            {
              "x": 196.0,
              "y": 62.0
            },
            {
              "x": 195.0,
              "y": 62.0
            },
            {
              "x": 193.0,
              "y": 65.0
            },
            {
              "x": 184.0,
              "y": 68.0
            },
            {
              "x": 183.0,
              "y": 70.0
            },
            {
              "x": 177.0,
              "y": 73.0
            },
            {
              "x": 176.0,
              "y": 75.0
            },
            {
              "x": 174.0,
              "y": 77.0
            },
            {
              "x": 173.0,
              "y": 77.0
            },
            {
              "x": 172.0,
              "y": 80.0
            },
            {
              "x": 169.0,
              "y": 83.0
            },
            {
              "x": 166.0,
              "y": 84.0
            },
            {
              "x": 161.0,
              "y": 88.0
            },
            {
              "x": 155.0,
              "y": 90.0
            },
            {
              "x": 154.0,
              "y": 92.0
            },
            {
              "x": 148.0,
              "y": 95.0
            },
            {
              "x": 146.0,
              "y": 95.0
            },
            {
              "x": 142.0,
              "y": 98.0
            },
            {
              "x": 140.0,
              "y": 98.0
            },
            {
              "x": 139.0,
              "y": 99.0
            },
            {
              "x": 135.0,
              "y": 99.0
            },
            {
              "x": 131.0,
              "y": 101.0
            },
            {
              "x": 128.0,
              "y": 101.0
            },
            {
              "x": 126.0,
              "y": 103.0
            },
            {
              "x": 125.0,
              "y": 103.0
            },
            {
              "x": 120.0,
              "y": 109.0
            },
            {
              "x": 119.0,
              "y": 109.0
            },
            {
              "x": 119.0,
              "y": 111.0
            }
          ]
        ]
      },
      "properties": [],
      "slot_names": [
        "0"
      ]
    }
  ]
}