{
  "version": "2.0",
  "schema_ref": "https://darwin-public.s3.eu-west-1.amazonaws.com/darwin_json/2.0/schema.json",
  "item": {
    "name": "conchiglie.4qe85t3m.ingestion-5fd995d986-l5rgx.jpg",
    "path": "/",
    "source_info": {
      "item_id": "018ea5b6-384a-de51-f025-7d11df44e014",
      "dataset": {
        "name": "Pasta",
        "slug": "pasta",
        "dataset_management_url": "https://darwin.v7labs.com/datasets/735230/dataset-management"
      },
      "team": {
        "name": "Salvino",
        "slug": "salvino"
      },
      "workview_url": "https://darwin.v7labs.com/workview?dataset=735230&item=018ea5b6-384a-de51-f025-7d11df44e014"
    },
    "slots": [
      {
        "type": "image",
        "slot_name": "0",
        "width": 512,
        "height": 512,
        "thumbnail_url": "https://darwin.v7labs.com/api/v2/teams/salvino/files/a2e201f6-3d18-4edb-b86b-08b8fe0d391d/thumbnail",
        "source_files": [
          {
            "file_name": "conchiglie.4qe85t3m.ingestion-5fd995d986-l5rgx.jpg",
            "url": "https://darwin.v7labs.com/api/v2/teams/salvino/uploads/3b6eb8e2-299e-418f-ab36-6b7f2fb686f4"
          }
        ]
      }
    ]
  },
  "annotations": [
    {
      "bounding_box": {
        "h": 153.0,
        "w": 179.0,
        "x": 309.0,
        "y": 136.0
      },
      "id": "91c00fd4-6a9b-46b2-b1ea-f83fc7540f33",
      "name": "Farfalle",
      "polygon": {
        "paths": [
          [
            {
              "x": 441.0,
              "y": 137.0
            },
            {
              "x": 439.0,
              "y": 136.0
            },
            {
              "x": 433.0,
              "y": 136.0
            },
            {
              "x": 431.0,
              "y": 137.0
            },
            {
              "x": 430.0,
              "y": 139.0
            },
            {
              "x": 429.0,
              "y": 139.0
            },
            {
              "x": 416.0,
              "y": 152.0
            },
            {
              "x": 415.0,
              "y": 152.0
            },
            {
              "x": 413.0,
              "y": 155.0
            },
            {
              "x": 412.0,
              "y": 155.0
            },
            {
              "x": 412.0,
              "y": 156.0
            },
            {
              "x": 408.0,
              "y": 160.0
            },
            {
              "x": 407.0,
              "y": 163.0
            },
            {
              "x": 405.0,
              "y": 165.0
            },
            {
              "x": 405.0,
              "y": 167.0
            },
            {
              "x": 403.0,
              "y": 169.0
            },
            {
              "x": 403.0,
              "y": 172.0
            },
            {
              "x": 401.0,
              "y": 175.0
            },
            {
              "x": 401.0,
              "y": 178.0
            },
            {
              "x": 399.0,
              "y": 182.0
            },
            {
              "x": 399.0,
              "y": 186.0
            },
            {
              "x": 397.0,
              "y": 188.0
            },
            {
              "x": 392.0,
              "y": 188.0
            },
            {
              "x": 391.0,
              "y": 187.0
            },
            {
              "x": 388.0,
              "y": 187.0
            },
            {
              "x": 386.0,
              "y": 186.0
            },
            {
              "x": 374.0,
              "y": 173.0
            },
            {
              "x": 370.0,
              "y": 171.0
            },
            {
              "x": 368.0,
              "y": 171.0
            },
            {
              "x": 364.0,
              "y": 168.0
            },
            {
              "x": 362.0,
              "y": 168.0
            },
            {
              "x": 359.0,
              "y": 166.0
            },
            {
              "x": 356.0,
              "y": 166.0
            },
            {
              "x": 354.0,
              "y": 164.0
            },
            {
              "x": 349.0,
              "y": 164.0
            },
            {
              "x": 345.0,
              "y": 162.0
            },
            {
              "x": 341.0,
              "y": 162.0
            },
            {
              "x": 335.0,
              "y": 159.0
            },
            {
              "x": 322.0,
              "y": 159.0
            },
            {
              "x": 319.0,
              "y": 162.0
            },
            {
              "x": 318.0,
              "y": 162.0
            },
            {
              "x": 317.0,
              "y": 164.0
            },
            {
              "x": 317.0,
              "y": 169.0
            },
            {
              "x": 324.0,
              "y": 175.0
            },
            {
              "x": 324.0,
              "y": 177.0
            },
            {
              "x": 323.0,
              "y": 178.0
            },
            {
              "x": 320.0,
              "y": 178.0
            },
            {
              "x": 317.0,
              "y": 180.0
            },
            {
              "x": 314.0,
              "y": 180.0
            },
            {
              "x": 312.0,
              "y": 182.0
            },
            {
              "x": 312.0,
              "y": 183.0
            },
            {
              "x": 309.0,
              "y": 185.0
            },
            {
              "x": 309.0,
              "y": 189.0
            },
            {
              "x": 313.0,
              "y": 193.0
            },
            {
              "x": 314.0,
              "y": 193.0
            },
            {
              "x": 314.0,
              "y": 192.0
            },
            {
              "x": 316.0,
              "y": 190.0
            },
            {
              "x": 317.0,
              "y": 190.0
            },
            {
              "x": 320.0,
              "y": 193.0
            },
            {
              "x": 320.0,
              "y": 195.0
            },
            {
              "x": 317.0,
              "y": 198.0
            },
            {
              "x": 316.0,
              "y": 198.0
            },
            {
              "x": 313.0,
              "y": 201.0
            },
            {
              "x": 311.0,
              "y": 201.0
            },
            {
              "x": 311.0,
              "y": 202.0
            },
            {
              "x": 309.0,
              "y": 204.0
            },
            {
              "x": 309.0,
              "y": 206.0
            },
            {
              "x": 311.0,
              "y": 208.0
            },
            {
              "x": 317.0,
              "y": 210.0
            },
            {
              "x": 321.0,
              "y": 214.0
            },
            {
              "x": 321.0,
              "y": 216.0
            },
            {
              "x": 313.0,
              "y": 224.0
            },
            {
              "x": 312.0,
              "y": 226.0
            },
            {
              "x": 314.0,
              "y": 229.0
            },
            {
              "x": 319.0,
              "y": 230.0
            },
            {
              "x": 323.0,
              "y": 232.0
            },
            {
              "x": 325.0,
              "y": 234.0
            },
            {
              "x": 324.0,
              "y": 238.0
            },
            {
              "x": 321.0,
              "y": 241.0
            },
            {
              "x": 321.0,
              "y": 242.0
            },
            {
              "x": 318.0,
              "y": 246.0
            },
            {
              "x": 320.0,
              "y": 250.0
            },
            {
              "x": 326.0,
              "y": 250.0
            },
            {
              "x": 327.0,
              "y": 251.0
            },
            {
              "x": 330.0,
              "y": 251.0
            },
            {
              "x": 332.0,
              "y": 253.0
            },
            {
              "x": 332.0,
              "y": 255.0
            },
            {
              "x": 330.0,
              "y": 257.0
            },
            {
              "x": 327.0,
              "y": 257.0
            },
            {
              "x": 325.0,
              "y": 258.0
            },
            {
              "x": 325.0,
              "y": 259.0
            },
            {
              "x": 326.0,
              "y": 260.0
            },
            {
              "x": 327.0,
              "y": 266.0
            },
            {
              "x": 328.0,
              "y": 266.0
            },
            {
              "x": 332.0,
              "y": 269.0
            },
            {
              "x": 332.0,
              "y": 272.0
            },
            {
              "x": 335.0,
              "y": 276.0
            },
            {
              "x": 335.0,
              "y": 280.0
            },
            {
              "x": 334.0,
              "y": 281.0
            },
            {
              "x": 334.0,
              "y": 287.0
            },
            {
              "x": 338.0,
              "y": 289.0
            },
            {
              "x": 345.0,
              "y": 289.0
            },
            {
              "x": 346.0,
              "y": 288.0
            },
            {
              "x": 348.0,
              "y": 288.0
            },
            {
              "x": 349.0,
              "y": 289.0
            },
            {
              "x": 355.0,
              "y": 289.0
            },
            {
              "x": 361.0,
              "y": 286.0
            },
            {
              "x": 361.0,
              "y": 285.0
            },
            {
              "x": 366.0,
              "y": 281.0
            },
            {
              "x": 372.0,
              "y": 278.0
            },
            {
              "x": 372.0,
              "y": 277.0
            },
            {
              "x": 374.0,
              "y": 275.0
            },
            {
              "x": 382.0,
              "y": 271.0
            },
            {
              "x": 383.0,
              "y": 269.0
            },
            {
              "x": 395.0,
              "y": 256.0
            },
            {
              "x": 398.0,
              "y": 250.0
            },
            {
              "x": 398.0,
              "y": 248.0
            },
            {
              "x": 399.0,
              "y": 247.0
            },
            {
              "x": 399.0,
              "y": 244.0
            },
            {
              "x": 400.0,
              "y": 243.0
            },
            {
              "x": 400.0,
              "y": 236.0
            },
            {
              "x": 402.0,
              "y": 233.0
            },
            {
              "x": 402.0,
              "y": 231.0
            },
            {
              "x": 405.0,
              "y": 229.0
            },
            {
              "x": 408.0,
              "y": 229.0
            },
            {
              "x": 413.0,
              "y": 234.0
            },
            {
              "x": 414.0,
              "y": 236.0
            },
            {
              "x": 413.0,
              "y": 237.0
            },
            {
              "x": 413.0,
              "y": 239.0
            },
            {
              "x": 411.0,
              "y": 240.0
            },
            {
              "x": 411.0,
              "y": 242.0
            },
            {
              "x": 412.0,
              "y": 243.0
            },
            {
              "x": 414.0,
              "y": 243.0
            },
            {
              "x": 415.0,
              "y": 244.0
            },
            {
              "x": 417.0,
              "y": 243.0
            },
            {
              "x": 423.0,
              "y": 243.0
            },
            {
              "x": 425.0,
              "y": 245.0
            },
            {
              "x": 427.0,
              "y": 245.0
            },
            {
              "x": 429.0,
              "y": 247.0
            },
            {
              "x": 435.0,
              "y": 250.0
            },
            {
              "x": 438.0,
              "y": 250.0
            },
            {
              "x": 440.0,
              "y": 252.0
            },
            {
              "x": 443.0,
              "y": 252.0
            },
            {
              "x": 448.0,
              "y": 255.0
            },
            {
              "x": 451.0,
              "y": 255.0
            },
            {
              "x": 455.0,
              "y": 257.0
            },
            {
              "x": 459.0,
              "y": 257.0
            },
            {
              "x": 460.0,
              "y": 258.0
            },
            {
              "x": 466.0,
              "y": 259.0
            },
            {
              "x": 467.0,
              "y": 260.0
            },
            {
              "x": 470.0,
              "y": 260.0
            },
            {
              "x": 471.0,
              "y": 261.0
            },
            {
              "x": 478.0,
              "y": 261.0
            },
            {
              "x": 483.0,
              "y": 258.0
            },
            {
              "x": 484.0,
              "y": 256.0
            },
            {
              "x": 484.0,
              "y": 251.0
            },
            {
              "x": 482.0,
              "y": 249.0
            },
            {
              "x": 481.0,
              "y": 246.0
            },
            {
              "x": 478.0,
              "y": 243.0
            },
            {
              "x": 478.0,
              "y": 240.0
            },
            {
              "x": 481.0,
              "y": 237.0
            },
            {
              "x": 483.0,
              "y": 236.0
            },
            {
              "x": 486.0,
              "y": 236.0
            },
            {
              "x": 488.0,
              "y": 233.0
            },
            {
              "x": 487.0,
              "y": 232.0
            },
            {
              "x": 487.0,
              "y": 230.0
            },
            {
              "x": 481.0,
              "y": 224.0
            },
            {
              "x": 480.0,
              "y": 222.0
            },
            {
              "x": 480.0,
              "y": 219.0
            },
            {
              "x": 482.0,
              "y": 218.0
            },
            {
              "x": 483.0,
              "y": 216.0
            },
            {
              "x": 487.0,
              "y": 214.0
            },
            {
              "x": 488.0,
              "y": 210.0
            },
            {
              "x": 485.0,
              "y": 207.0
            },
            {
              "x": 482.0,
              "y": 207.0
            },
            {
              "x": 475.0,
              "y": 202.0
            },
            {
              "x": 480.0,
              "y": 195.0
            },
            {
              "x": 481.0,
              "y": 191.0
            },
            {
              "x": 480.0,
              "y": 189.0
            },
            {
              "x": 478.0,
              "y": 188.0
            },
            {
              "x": 475.0,
              "y": 188.0
            },
            {
              "x": 474.0,
              "y": 187.0
            },
            {
              "x": 471.0,
              "y": 187.0
            },
            {
              "x": 469.0,
              "y": 185.0
            },
            {
              "x": 468.0,
              "y": 182.0
            },
            {
              "x": 471.0,
              "y": 177.0
            },
            {
              "x": 471.0,
              "y": 171.0
            },
            {
              "x": 470.0,
              "y": 170.0
            },
            {
              "x": 466.0,
              "y": 170.0
            },
            {
              "x": 465.0,
              "y": 169.0
            },
            {
              "x": 463.0,
              "y": 169.0
            },
            {
              "x": 458.0,
              "y": 165.0
            },
            {
              "x": 459.0,
              "y": 163.0
            },
            {
              "x": 459.0,
              "y": 154.0
            },
            {
              "x": 458.0,
              "y": 153.0
            },
            {
              "x": 449.0,
              "y": 153.0
            },
            {
              "x": 445.0,
              "y": 151.0
            },
            {
              "x": 446.0,
              "y": 150.0
            },
            {
              "x": 446.0,
              "y": 145.0
            },
            {
              "x": 445.0,
              "y": 144.0
            },
            {
              "x": 445.0,
              "y": 141.0
            }
          ]
        ]
      },
      "properties": [],
      "slot_names": [
        "0"
      ]
    }
  ]
}