{
  "version": "2.0",
  "schema_ref": "https://darwin-public.s3.eu-west-1.amazonaws.com/darwin_json/2.0/schema.json",
  "item": {
    "name": "conchiglie.4qe8adsm.ingestion-5fd995d986-fwdsf.jpg",
    "path": "/",
    "source_info": {
      "item_id": "018ea5b6-384b-d93c-865c-b6cec3cfc5ed",
      "dataset": {
        "name": "Pasta",
        "slug": "pasta",
        "dataset_management_url": "https://darwin.v7labs.com/datasets/735230/dataset-management"
      },
      "team": {
        "name": "Salvino",
        "slug": "salvino"
      },
      "workview_url": "https://darwin.v7labs.com/workview?dataset=735230&item=018ea5b6-384b-d93c-865c-b6cec3cfc5ed"
    },
    "slots": [
      {
        "type": "image",
        "slot_name": "0",
        "width": 512,
        "height": 512,
        "thumbnail_url": "https://darwin.v7labs.com/api/v2/teams/salvino/files/f3546c24-d792-426d-9b55-0b546dc4a826/thumbnail",
        "source_files": [
          {
            "file_name": "conchiglie.4qe8adsm.ingestion-5fd995d986-fwdsf.jpg",
            "url": "https://darwin.v7labs.com/api/v2/teams/salvino/uploads/2390fdd7-bd35-496e-8ec0-134c199cf803"
          }
        ]
      }
    ]
  },
  "annotations": [
    {
      "bounding_box": {
        "h": 303.0,
        "w": 144.0,
        "x": 195.0,
        "y": 59.0
      },
      "id": "dcfac2bc-3335-4385-93a8-22546ffff1db",
      "name": "Fusilli",
      "polygon": {
        "paths": [
          [
            {
              "x": 214.0,
              "y": 61.0
            },
            {
              "x": 210.0,
              "y": 63.0
            },
            {
              "x": 210.0,
              "y": 64.0
            },
            {
              "x": 208.0,
              "y": 65.0
            },
            {
              "x": 208.0,
              "y": 75.0
            },
            {
              "x": 207.0,
              "y": 76.0
            },
            {
              "x": 207.0,
              "y": 78.0
            },
            {
              "x": 205.0,
              "y": 80.0
            },
            {
              "x": 205.0,
              "y": 82.0
            },
            {
              "x": 203.0,
              "y": 86.0
            },
            {
              "x": 203.0,
              "y": 95.0
            },
            {
              "x": 201.0,
              "y": 98.0
            },
            {
              "x": 201.0,
              "y": 102.0
            },
            {
              "x": 199.0,
              "y": 105.0
            },
            {
              "x": 199.0,
              "y": 108.0
            },
            {
              "x": 197.0,
              "y": 111.0
            },
            {
              "x": 197.0,
              "y": 114.0
            },
            {
              "x": 195.0,
              "y": 118.0
            },
            {
              "x": 195.0,
              "y": 123.0
            },
            {
              "x": 197.0,
              "y": 125.0
            },
            {
              "x": 197.0,
              "y": 126.0
            },
            {
              "x": 203.0,
              "y": 129.0
            },
            {
              "x": 209.0,
              "y": 130.0
            },
            {
              "x": 212.0,
              "y": 132.0
            },
            {
              "x": 210.0,
              "y": 136.0
            },
            {
              "x": 206.0,
              "y": 139.0
            },
            {
              "x": 205.0,
              "y": 139.0
            },
            {
              "x": 205.0,
              "y": 140.0
            },
            {
              "x": 200.0,
              "y": 144.0
            },
            {
              "x": 197.0,
              "y": 150.0
            },
            {
              "x": 197.0,
              "y": 155.0
            },
            {
              "x": 199.0,
              "y": 157.0
            },
            {
              "x": 199.0,
              "y": 158.0
            },
            {
              "x": 203.0,
              "y": 160.0
            },
            {
              "x": 206.0,
              "y": 160.0
            },
            {
              "x": 208.0,
              "y": 162.0
            },
            {
              "x": 213.0,
              "y": 162.0
            },
            {
              "x": 217.0,
              "y": 164.0
            },
            {
              "x": 218.0,
              "y": 166.0
            },
            {
              "x": 207.0,
              "y": 175.0
            },
            {
              "x": 207.0,
              "y": 176.0
            },
            {
              "x": 203.0,
              "y": 181.0
            },
            {
              "x": 201.0,
              "y": 186.0
            },
            {
              "x": 204.0,
              "y": 192.0
            },
            {
              "x": 210.0,
              "y": 195.0
            },
            {
              "x": 215.0,
              "y": 195.0
            },
            {
              "x": 219.0,
              "y": 197.0
            },
            {
              "x": 225.0,
              "y": 197.0
            },
            {
              "x": 227.0,
              "y": 199.0
            },
            {
              "x": 225.0,
              "y": 203.0
            },
            {
              "x": 216.0,
              "y": 212.0
            },
            {
              "x": 216.0,
              "y": 213.0
            },
            {
              "x": 212.0,
              "y": 218.0
            },
            {
              "x": 212.0,
              "y": 228.0
            },
            {
              "x": 214.0,
              "y": 230.0
            },
            {
              "x": 215.0,
              "y": 230.0
            },
            {
              "x": 217.0,
              "y": 232.0
            },
            {
              "x": 219.0,
              "y": 232.0
            },
            {
              "x": 221.0,
              "y": 234.0
            },
            {
              "x": 225.0,
              "y": 234.0
            },
            {
              "x": 229.0,
              "y": 236.0
            },
            {
              "x": 234.0,
              "y": 236.0
            },
            {
              "x": 235.0,
              "y": 237.0
            },
            {
              "x": 235.0,
              "y": 240.0
            },
            {
              "x": 234.0,
              "y": 242.0
            },
            {
              "x": 231.0,
              "y": 244.0
            },
            {
              "x": 231.0,
              "y": 245.0
            },
            {
              "x": 228.0,
              "y": 248.0
            },
            {
              "x": 227.0,
              "y": 251.0
            },
            {
              "x": 225.0,
              "y": 253.0
            },
            {
              "x": 225.0,
              "y": 255.0
            },
            {
              "x": 223.0,
              "y": 258.0
            },
            {
              "x": 223.0,
              "y": 266.0
            },
            {
              "x": 225.0,
              "y": 268.0
            },
            {
              "x": 225.0,
              "y": 269.0
            },
            {
              "x": 226.0,
              "y": 269.0
            },
            {
              "x": 231.0,
              "y": 273.0
            },
            {
              "x": 235.0,
              "y": 275.0
            },
            {
              "x": 238.0,
              "y": 275.0
            },
            {
              "x": 241.0,
              "y": 279.0
            },
            {
              "x": 238.0,
              "y": 282.0
            },
            {
              "x": 238.0,
              "y": 284.0
            },
            {
              "x": 236.0,
              "y": 286.0
            },
            {
              "x": 236.0,
              "y": 288.0
            },
            {
              "x": 232.0,
              "y": 296.0
            },
            {
              "x": 232.0,
              "y": 300.0
            },
            {
              "x": 235.0,
              "y": 306.0
            },
            {
              "x": 240.0,
              "y": 311.0
            },
            {
              "x": 243.0,
              "y": 312.0
            },
            {
              "x": 245.0,
              "y": 314.0
            },
            {
              "x": 248.0,
              "y": 314.0
            },
            {
              "x": 250.0,
              "y": 317.0
            },
            {
              "x": 249.0,
              "y": 321.0
            },
            {
              "x": 247.0,
              "y": 324.0
            },
            {
              "x": 247.0,
              "y": 326.0
            },
            {
              "x": 245.0,
              "y": 329.0
            },
            {
              "x": 245.0,
              "y": 340.0
            },
            {
              "x": 247.0,
              "y": 342.0
            },
            {
              "x": 247.0,
              "y": 343.0
            },
            {
              "x": 255.0,
              "y": 351.0
            },
            {
              "x": 261.0,
              "y": 354.0
            },
            {
              "x": 264.0,
              "y": 357.0
            },
            {
              "x": 264.0,
              "y": 360.0
            },
            {
              "x": 266.0,
              "y": 362.0
            },
            {
              "x": 272.0,
              "y": 362.0
            },
            {
              "x": 279.0,
              "y": 358.0
            },
            {
              "x": 293.0,
              "y": 358.0
            },
            {
              "x": 294.0,
              "y": 359.0
            },
            {
              "x": 298.0,
              "y": 359.0
            },
            {
              "x": 300.0,
              "y": 358.0
            },
            {
              "x": 302.0,
              "y": 356.0
            },
            {
              "x": 304.0,
              "y": 352.0
            },
            {
              "x": 304.0,
              "y": 344.0
            },
            {
              "x": 306.0,
              "y": 341.0
            },
            {
              "x": 316.0,
              "y": 341.0
            },
            {
              "x": 318.0,
              "y": 343.0
            },
            {
              "x": 320.0,
              "y": 343.0
            },
            {
              "x": 321.0,
              "y": 345.0
            },
            {
              "x": 330.0,
              "y": 345.0
            },
            {
              "x": 337.0,
              "y": 339.0
            },
            {
              "x": 339.0,
              "y": 335.0
            },
            {
              "x": 339.0,
              "y": 329.0
            },
            {
              "x": 337.0,
              "y": 326.0
            },
            {
              "x": 337.0,
              "y": 324.0
            },
            {
              "x": 333.0,
              "y": 320.0
            },
            {
              "x": 333.0,
              "y": 319.0
            },
            {
              "x": 331.0,
              "y": 317.0
            },
            {
              "x": 327.0,
              "y": 315.0
            },
            {
              "x": 324.0,
              "y": 312.0
            },
            {
              "x": 324.0,
              "y": 309.0
            },
            {
              "x": 326.0,
              "y": 306.0
            },
            {
              "x": 326.0,
              "y": 304.0
            },
            {
              "x": 328.0,
              "y": 300.0
            },
            {
              "x": 328.0,
              "y": 291.0
            },
            {
              "x": 317.0,
              "y": 280.0
            },
            {
              "x": 316.0,
              "y": 280.0
            },
            {
              "x": 313.0,
              "y": 277.0
            },
            {
              "x": 313.0,
              "y": 270.0
            },
            {
              "x": 315.0,
              "y": 267.0
            },
            {
              "x": 315.0,
              "y": 263.0
            },
            {
              "x": 316.0,
              "y": 262.0
            },
            {
              "x": 315.0,
              "y": 252.0
            },
            {
              "x": 313.0,
              "y": 248.0
            },
            {
              "x": 304.0,
              "y": 239.0
            },
            {
              "x": 303.0,
              "y": 237.0
            },
            {
              "x": 304.0,
              "y": 235.0
            },
            {
              "x": 304.0,
              "y": 230.0
            },
            {
              "x": 305.0,
              "y": 229.0
            },
            {
              "x": 305.0,
              "y": 220.0
            },
            {
              "x": 304.0,
              "y": 219.0
            },
            {
              "x": 304.0,
              "y": 215.0
            },
            {
              "x": 302.0,
              "y": 213.0
            },
            {
              "x": 302.0,
              "y": 211.0
            },
            {
              "x": 300.0,
              "y": 210.0
            },
            {
              "x": 300.0,
              "y": 209.0
            },
            {
              "x": 298.0,
              "y": 207.0
            },
            {
              "x": 294.0,
              "y": 200.0
            },
            {
              "x": 294.0,
              "y": 187.0
            },
            {
              "x": 293.0,
              "y": 186.0
            },
            {
              "x": 293.0,
              "y": 183.0
            },
            {
              "x": 286.0,
              "y": 171.0
            },
            {
              "x": 286.0,
              "y": 166.0
            },
            {
              "x": 287.0,
              "y": 165.0
            },
            {
              "x": 287.0,
              "y": 154.0
            },
            {
              "x": 286.0,
              "y": 153.0
            },
            {
              "x": 285.0,
              "y": 147.0
            },
            {
              "x": 280.0,
              "y": 140.0
            },
            {
              "x": 281.0,
              "y": 120.0
            },
            {
              "x": 280.0,
              "y": 119.0
            },
            {
              "x": 280.0,
              "y": 116.0
            },
            {
              "x": 278.0,
              "y": 113.0
            },
            {
              "x": 278.0,
              "y": 111.0
            },
            {
              "x": 276.0,
              "y": 110.0
            },
            {
              "x": 276.0,
              "y": 109.0
            },
            {
              "x": 274.0,
              "y": 107.0
            },
            {
              "x": 274.0,
              "y": 106.0
            },
            {
              "x": 272.0,
              "y": 105.0
            },
            {
              "x": 270.0,
              "y": 101.0
            },
            {
              "x": 270.0,
              "y": 85.0
            },
            {
              "x": 269.0,
              "y": 84.0
            },
            {
              "x": 269.0,
              "y": 80.0
            },
            {
              "x": 268.0,
              "y": 79.0
            },
            {
              "x": 267.0,
              "y": 70.0
            },
            {
              "x": 265.0,
              "y": 68.0
            },
            {
              "x": 265.0,
              "y": 66.0
            },
            {
              "x": 263.0,
              "y": 62.0
            },
            {
              "x": 260.0,
              "y": 59.0
            },
            {
              "x": 255.0,
              "y": 59.0
            },
            {
              "x": 253.0,
              "y": 61.0
            },
            {
              "x": 252.0,
              "y": 61.0
            },
            {
              "x": 242.0,
              "y": 72.0
            },
            {
              "x": 240.0,
              "y": 72.0
            },
            {
              "x": 237.0,
              "y": 69.0
            },
            {
              "x": 236.0,
              "y": 69.0
            },
            {
              "x": 235.0,
              "y": 67.0
            },
            {
              "x": 231.0,
              "y": 63.0
            },
            {
              "x": 227.0,
              "y": 61.0
            }
          ]
        ]
      },
      "properties": [],
      "slot_names": [
        "0"
      ]
    }
  ]
}