{
  "version": "2.0",
  "schema_ref": "https://darwin-public.s3.eu-west-1.amazonaws.com/darwin_json/2.0/schema.json",
  "item": {
    "name": "conchiglie.4qe85ock.ingestion-5fd995d986-fwdsf.jpg",
    "path": "/",
    "source_info": {
      "item_id": "018ea5b6-384a-5424-2a2b-9ba12cd66606",
      "dataset": {
        "name": "Pasta",
        "slug": "pasta",
        "dataset_management_url": "https://darwin.v7labs.com/datasets/735230/dataset-management"
      },
      "team": {
        "name": "Salvino",
        "slug": "salvino"
      },
      "workview_url": "https://darwin.v7labs.com/workview?dataset=735230&item=018ea5b6-384a-5424-2a2b-9ba12cd66606"
    },
    "slots": [
      {
        "type": "image",
        "slot_name": "0",
        "width": 512,
        "height": 512,
        "thumbnail_url": "https://darwin.v7labs.com/api/v2/teams/salvino/files/fca731f4-dda9-4636-9b21-0da4b90d1414/thumbnail",
        "source_files": [
          {
            "file_name": "conchiglie.4qe85ock.ingestion-5fd995d986-fwdsf.jpg",
            "url": "https://darwin.v7labs.com/api/v2/teams/salvino/uploads/ac7a972b-03bd-441e-96a0-ca9b4ff18de5"
          }
        ]
      }
    ]
  },
  "annotations": [
    {
      "bounding_box": {
        "h": 206.0,
        "w": 235.0,
        "x": 140.0,
        "y": 119.0
      },
      "id": "c12b1da6-102a-49d9-a93c-64cb8a393a3d",
      "name": "Farfalle",
      "polygon": {
        "paths": [
          [
            {
              "x": 295.0,
              "y": 119.0
            },
            {
              "x": 291.0,
              "y": 119.0
            },
            {
              "x": 287.0,
              "y": 121.0
            },
            {
              "x": 278.0,
              "y": 130.0
            },
            {
              "x": 278.0,
              "y": 131.0
            },
            {
              "x": 270.0,
              "y": 138.0
            },
            {
              "x": 268.0,
              "y": 142.0
            },
            {
              "x": 263.0,
              "y": 147.0
            },
            {
              "x": 260.0,
              "y": 154.0
            },
            {
              "x": 258.0,
              "y": 155.0
            },
            {
              "x": 258.0,
              "y": 157.0
            },
            {
              "x": 255.0,
              "y": 163.0
            },
            {
              "x": 255.0,
              "y": 167.0
            },
            {
              "x": 254.0,
              "y": 168.0
            },
            {
              "x": 254.0,
              "y": 174.0
            },
            {
              "x": 253.0,
              "y": 175.0
            },
            {
              "x": 253.0,
              "y": 184.0
            },
            {
              "x": 252.0,
              "y": 186.0
            },
            {
              "x": 249.0,
              "y": 188.0
            },
            {
              "x": 247.0,
              "y": 188.0
            },
            {
              "x": 246.0,
              "y": 189.0
            },
            {
              "x": 235.0,
              "y": 189.0
            },
            {
              "x": 226.0,
              "y": 182.0
            },
            {
              "x": 221.0,
              "y": 180.0
            },
            {
              "x": 219.0,
              "y": 178.0
            },
            {
              "x": 215.0,
              "y": 176.0
            },
            {
              "x": 209.0,
              "y": 175.0
            },
            {
              "x": 208.0,
              "y": 174.0
            },
            {
              "x": 204.0,
              "y": 174.0
            },
            {
              "x": 203.0,
              "y": 173.0
            },
            {
              "x": 196.0,
              "y": 173.0
            },
            {
              "x": 195.0,
              "y": 172.0
            },
            {
              "x": 188.0,
              "y": 172.0
            },
            {
              "x": 187.0,
              "y": 171.0
            },
            {
              "x": 165.0,
              "y": 171.0
            },
            {
              "x": 164.0,
              "y": 170.0
            },
            {
              "x": 162.0,
              "y": 170.0
            },
            {
              "x": 161.0,
              "y": 171.0
            },
            {
              "x": 158.0,
              "y": 171.0
            },
            {
              "x": 155.0,
              "y": 173.0
            },
            {
              "x": 153.0,
              "y": 173.0
            },
            {
              "x": 148.0,
              "y": 178.0
            },
            {
              "x": 148.0,
              "y": 180.0
            },
            {
              "x": 147.0,
              "y": 181.0
            },
            {
              "x": 148.0,
              "y": 185.0
            },
            {
              "x": 155.0,
              "y": 191.0
            },
            {
              "x": 151.0,
              "y": 195.0
            },
            {
              "x": 147.0,
              "y": 196.0
            },
            {
              "x": 141.0,
              "y": 199.0
            },
            {
              "x": 140.0,
              "y": 200.0
            },
            {
              "x": 140.0,
              "y": 204.0
            },
            {
              "x": 141.0,
              "y": 205.0
            },
            {
              "x": 143.0,
              "y": 205.0
            },
            {
              "x": 146.0,
              "y": 208.0
            },
            {
              "x": 149.0,
              "y": 209.0
            },
            {
              "x": 152.0,
              "y": 212.0
            },
            {
              "x": 152.0,
              "y": 215.0
            },
            {
              "x": 149.0,
              "y": 218.0
            },
            {
              "x": 146.0,
              "y": 219.0
            },
            {
              "x": 143.0,
              "y": 222.0
            },
            {
              "x": 143.0,
              "y": 223.0
            },
            {
              "x": 140.0,
              "y": 226.0
            },
            {
              "x": 140.0,
              "y": 230.0
            },
            {
              "x": 141.0,
              "y": 231.0
            },
            {
              "x": 144.0,
              "y": 231.0
            },
            {
              "x": 147.0,
              "y": 233.0
            },
            {
              "x": 149.0,
              "y": 233.0
            },
            {
              "x": 153.0,
              "y": 235.0
            },
            {
              "x": 155.0,
              "y": 237.0
            },
            {
              "x": 155.0,
              "y": 241.0
            },
            {
              "x": 147.0,
              "y": 250.0
            },
            {
              "x": 147.0,
              "y": 256.0
            },
            {
              "x": 148.0,
              "y": 257.0
            },
            {
              "x": 152.0,
              "y": 257.0
            },
            {
              "x": 156.0,
              "y": 259.0
            },
            {
              "x": 160.0,
              "y": 259.0
            },
            {
              "x": 163.0,
              "y": 261.0
            },
            {
              "x": 163.0,
              "y": 263.0
            },
            {
              "x": 161.0,
              "y": 267.0
            },
            {
              "x": 156.0,
              "y": 273.0
            },
            {
              "x": 156.0,
              "y": 278.0
            },
            {
              "x": 160.0,
              "y": 280.0
            },
            {
              "x": 172.0,
              "y": 280.0
            },
            {
              "x": 176.0,
              "y": 282.0
            },
            {
              "x": 176.0,
              "y": 289.0
            },
            {
              "x": 175.0,
              "y": 290.0
            },
            {
              "x": 175.0,
              "y": 293.0
            },
            {
              "x": 174.0,
              "y": 294.0
            },
            {
              "x": 174.0,
              "y": 300.0
            },
            {
              "x": 176.0,
              "y": 302.0
            },
            {
              "x": 178.0,
              "y": 302.0
            },
            {
              "x": 179.0,
              "y": 301.0
            },
            {
              "x": 183.0,
              "y": 301.0
            },
            {
              "x": 184.0,
              "y": 300.0
            },
            {
              "x": 187.0,
              "y": 300.0
            },
            {
              "x": 188.0,
              "y": 299.0
            },
            {
              "x": 195.0,
              "y": 299.0
            },
            {
              "x": 196.0,
              "y": 300.0
            },
            {
              "x": 196.0,
              "y": 305.0
            },
            {
              "x": 195.0,
              "y": 306.0
            },
            {
              "x": 195.0,
              "y": 310.0
            },
            {
              "x": 194.0,
              "y": 311.0
            },
            {
              "x": 194.0,
              "y": 318.0
            },
            {
              "x": 195.0,
              "y": 320.0
            },
            {
              "x": 202.0,
              "y": 325.0
            },
            {
              "x": 209.0,
              "y": 325.0
            },
            {
              "x": 211.0,
              "y": 323.0
            },
            {
              "x": 215.0,
              "y": 321.0
            },
            {
              "x": 219.0,
              "y": 317.0
            },
            {
              "x": 219.0,
              "y": 316.0
            },
            {
              "x": 221.0,
              "y": 314.0
            },
            {
              "x": 222.0,
              "y": 314.0
            },
            {
              "x": 222.0,
              "y": 313.0
            },
            {
              "x": 225.0,
              "y": 310.0
            },
            {
              "x": 225.0,
              "y": 309.0
            },
            {
              "x": 245.0,
              "y": 288.0
            },
            {
              "x": 245.0,
              "y": 287.0
            },
            {
              "x": 253.0,
              "y": 277.0
            },
            {
              "x": 261.0,
              "y": 261.0
            },
            {
              "x": 261.0,
              "y": 254.0
            },
            {
              "x": 262.0,
              "y": 253.0
            },
            {
              "x": 262.0,
              "y": 246.0
            },
            {
              "x": 263.0,
              "y": 245.0
            },
            {
              "x": 263.0,
              "y": 240.0
            },
            {
              "x": 267.0,
              "y": 237.0
            },
            {
              "x": 273.0,
              "y": 237.0
            },
            {
              "x": 281.0,
              "y": 241.0
            },
            {
              "x": 287.0,
              "y": 247.0
            },
            {
              "x": 287.0,
              "y": 250.0
            },
            {
              "x": 286.0,
              "y": 251.0
            },
            {
              "x": 286.0,
              "y": 255.0
            },
            {
              "x": 287.0,
              "y": 257.0
            },
            {
              "x": 289.0,
              "y": 259.0
            },
            {
              "x": 291.0,
              "y": 259.0
            },
            {
              "x": 292.0,
              "y": 260.0
            },
            {
              "x": 300.0,
              "y": 260.0
            },
            {
              "x": 301.0,
              "y": 259.0
            },
            {
              "x": 306.0,
              "y": 259.0
            },
            {
              "x": 308.0,
              "y": 257.0
            },
            {
              "x": 317.0,
              "y": 257.0
            },
            {
              "x": 318.0,
              "y": 256.0
            },
            {
              "x": 325.0,
              "y": 256.0
            },
            {
              "x": 326.0,
              "y": 257.0
            },
            {
              "x": 333.0,
              "y": 257.0
            },
            {
              "x": 334.0,
              "y": 258.0
            },
            {
              "x": 346.0,
              "y": 258.0
            },
            {
              "x": 347.0,
              "y": 259.0
            },
            {
              "x": 365.0,
              "y": 259.0
            },
            {
              "x": 366.0,
              "y": 258.0
            },
            {
              "x": 371.0,
              "y": 257.0
            },
            {
              "x": 374.0,
              "y": 255.0
            },
            {
              "x": 374.0,
              "y": 253.0
            },
            {
              "x": 375.0,
              "y": 252.0
            },
            {
              "x": 375.0,
              "y": 247.0
            },
            {
              "x": 373.0,
              "y": 243.0
            },
            {
              "x": 368.0,
              "y": 238.0
            },
            {
              "x": 367.0,
              "y": 238.0
            },
            {
              "x": 363.0,
              "y": 234.0
            },
            {
              "x": 362.0,
              "y": 232.0
            },
            {
              "x": 364.0,
              "y": 228.0
            },
            {
              "x": 368.0,
              "y": 227.0
            },
            {
              "x": 375.0,
              "y": 221.0
            },
            {
              "x": 375.0,
              "y": 219.0
            },
            {
              "x": 372.0,
              "y": 216.0
            },
            {
              "x": 371.0,
              "y": 216.0
            },
            {
              "x": 369.0,
              "y": 213.0
            },
            {
              "x": 367.0,
              "y": 213.0
            },
            {
              "x": 361.0,
              "y": 208.0
            },
            {
              "x": 361.0,
              "y": 206.0
            },
            {
              "x": 369.0,
              "y": 197.0
            },
            {
              "x": 370.0,
              "y": 193.0
            },
            {
              "x": 366.0,
              "y": 190.0
            },
            {
              "x": 363.0,
              "y": 190.0
            },
            {
              "x": 362.0,
              "y": 189.0
            },
            {
              "x": 357.0,
              "y": 189.0
            },
            {
              "x": 353.0,
              "y": 187.0
            },
            {
              "x": 353.0,
              "y": 182.0
            },
            {
              "x": 357.0,
              "y": 176.0
            },
            {
              "x": 357.0,
              "y": 173.0
            },
            {
              "x": 356.0,
              "y": 171.0
            },
            {
              "x": 353.0,
              "y": 169.0
            },
            {
              "x": 351.0,
              "y": 169.0
            },
            {
              "x": 350.0,
              "y": 168.0
            },
            {
              "x": 344.0,
              "y": 168.0
            },
            {
              "x": 342.0,
              "y": 169.0
            },
            {
              "x": 339.0,
              "y": 167.0
            },
            {
              "x": 339.0,
              "y": 165.0
            },
            {
              "x": 340.0,
              "y": 164.0
            },
            {
              "x": 340.0,
              "y": 162.0
            },
            {
              "x": 342.0,
              "y": 158.0
            },
            {
              "x": 342.0,
              "y": 154.0
            },
            {
              "x": 340.0,
              "y": 151.0
            },
            {
              "x": 326.0,
              "y": 151.0
            },
            {
              "x": 323.0,
              "y": 148.0
            },
            {
              "x": 323.0,
              "y": 146.0
            },
            {
              "x": 322.0,
              "y": 145.0
            },
            {
              "x": 323.0,
              "y": 138.0
            },
            {
              "x": 321.0,
              "y": 134.0
            },
            {
              "x": 313.0,
              "y": 134.0
            },
            {
              "x": 309.0,
              "y": 136.0
            },
            {
              "x": 304.0,
              "y": 136.0
            },
            {
              "x": 303.0,
              "y": 135.0
            },
            {
              "x": 303.0,
              "y": 125.0
            },
            {
              "x": 302.0,
              "y": 123.0
            },
            {
              "x": 296.0,
              "y": 120.0
            }
          ]
        ]
      },
      "properties": [],
      "slot_names": [
        "0"
      ]
    }
  ]
}