{
  "version": "2.0",
  "schema_ref": "https://darwin-public.s3.eu-west-1.amazonaws.com/darwin_json/2.0/schema.json",
  "item": {
    "name": "conchiglie.4qe8agbn.ingestion-5fd995d986-l5rgx.jpg",
    "path": "/",
    "source_info": {
      "item_id": "018ea5b6-384b-2541-6f7d-3fb46f8d1bdc",
      "dataset": {
        "name": "Pasta",
        "slug": "pasta",
        "dataset_management_url": "https://darwin.v7labs.com/datasets/735230/dataset-management"
      },
      "team": {
        "name": "Salvino",
        "slug": "salvino"
      },
      "workview_url": "https://darwin.v7labs.com/workview?dataset=735230&item=018ea5b6-384b-2541-6f7d-3fb46f8d1bdc"
    },
    "slots": [
      {
        "type": "image",
        "slot_name": "0",
        "width": 512,
        "height": 512,
        "thumbnail_url": "https://darwin.v7labs.com/api/v2/teams/salvino/files/36fe8064-89cd-4555-8949-6a95e76a1cab/thumbnail",
        "source_files": [
          {
            "file_name": "conchiglie.4qe8agbn.ingestion-5fd995d986-l5rgx.jpg",
            "url": "https://darwin.v7labs.com/api/v2/teams/salvino/uploads/fb32c25b-a261-4469-980d-dcdf6f32e03e"
          }
        ]
      }
    ]
  },
  "annotations": [
    {
      "bounding_box": {
        "h": 219.0,
        "w": 232.0,
        "x": 184.0,
        "y": 167.0
      },
      "id": "431b7ffe-ce69-45c7-83f5-f4270ff507f2",
      "name": "Fusilli",
      "polygon": {
        "paths": [
          [
            {
              "x": 210.0,
              "y": 167.0
            },
            {
              "x": 207.0,
              "y": 171.0
            },
            {
              "x": 206.0,
              "y": 192.0
            },
            {
              "x": 199.0,
              "y": 197.0
            },
            {
              "x": 189.0,
              "y": 198.0
            },
            {
              "x": 184.0,
              "y": 209.0
            },
            {
              "x": 186.0,
              "y": 215.0
            },
            {
              "x": 196.0,
              "y": 224.0
            },
            {
              "x": 206.0,
              "y": 251.0
            },
            {
              "x": 221.0,
              "y": 259.0
            },
            {
              "x": 225.0,
              "y": 274.0
            },
            {
              "x": 242.0,
              "y": 281.0
            },
            {
              "x": 243.0,
              "y": 290.0
            },
            {
              "x": 249.0,
              "y": 298.0
            },
            {
              "x": 265.0,
              "y": 300.0
            },
            {
              "x": 268.0,
              "y": 303.0
            },
            {
              "x": 271.0,
              "y": 315.0
            },
            {
              "x": 276.0,
              "y": 320.0
            },
            {
              "x": 284.0,
              "y": 323.0
            },
            {
              "x": 294.0,
              "y": 323.0
            },
            {
              "x": 299.0,
              "y": 337.0
            },
            {
              "x": 304.0,
              "y": 342.0
            },
            {
              "x": 319.0,
              "y": 345.0
            },
            {
              "x": 323.0,
              "y": 355.0
            },
            {
              "x": 329.0,
              "y": 362.0
            },
            {
              "x": 345.0,
              "y": 366.0
            },
            {
              "x": 357.0,
              "y": 381.0
            },
            {
              "x": 372.0,
              "y": 386.0
            },
            {
              "x": 388.0,
              "y": 383.0
            },
            {
              "x": 398.0,
              "y": 376.0
            },
            {
              "x": 399.0,
              "y": 372.0
            },
            {
              "x": 392.0,
              "y": 359.0
            },
            {
              "x": 391.0,
              "y": 352.0
            },
            {
              "x": 402.0,
              "y": 341.0
            },
            {
              "x": 414.0,
              "y": 335.0
            },
            {
              "x": 416.0,
              "y": 329.0
            },
            {
              "x": 407.0,
              "y": 326.0
            },
            {
              "x": 390.0,
              "y": 328.0
            },
            {
              "x": 392.0,
              "y": 314.0
            },
            {
              "x": 387.0,
              "y": 307.0
            },
            {
              "x": 374.0,
              "y": 306.0
            },
            {
              "x": 366.0,
              "y": 309.0
            },
            {
              "x": 364.0,
              "y": 307.0
            },
            {
              "x": 365.0,
              "y": 294.0
            },
            {
              "x": 361.0,
              "y": 287.0
            },
            {
              "x": 340.0,
              "y": 286.0
            },
            {
              "x": 339.0,
              "y": 272.0
            },
            {
              "x": 335.0,
              "y": 267.0
            },
            {
              "x": 318.0,
              "y": 264.0
            },
            {
              "x": 315.0,
              "y": 253.0
            },
            {
              "x": 309.0,
              "y": 247.0
            },
            {
              "x": 294.0,
              "y": 246.0
            },
            {
              "x": 289.0,
              "y": 229.0
            },
            {
              "x": 283.0,
              "y": 225.0
            },
            {
              "x": 272.0,
              "y": 223.0
            },
            {
              "x": 267.0,
              "y": 207.0
            },
            {
              "x": 262.0,
              "y": 203.0
            },
            {
              "x": 248.0,
              "y": 201.0
            },
            {
              "x": 238.0,
              "y": 183.0
            },
            {
              "x": 227.0,
              "y": 173.0
            },
            {
              "x": 216.0,
              "y": 167.0
            }
          ]
        ]
      },
      "properties": [],
      "slot_names": [
        "0"
      ]
    }
  ]
}