{
  "version": "2.0",
  "schema_ref": "https://darwin-public.s3.eu-west-1.amazonaws.com/darwin_json/2.0/schema.json",
  "item": {
    "name": "conchiglie.4qe7sj7n.ingestion-5fd995d986-9zbdz.jpg",
    "path": "/",
    "source_info": {
      "item_id": "018ea5b6-3844-1fb7-bc5f-57f274393601",
      "dataset": {
        "name": "Pasta",
        "slug": "pasta",
        "dataset_management_url": "https://darwin.v7labs.com/datasets/735230/dataset-management"
      },
      "team": {
        "name": "Salvino",
        "slug": "salvino"
      },
      "workview_url": "https://darwin.v7labs.com/workview?dataset=735230&item=018ea5b6-3844-1fb7-bc5f-57f274393601"
    },
    "slots": [
      {
        "type": "image",
        "slot_name": "0",
        "width": 512,
        "height": 512,
        "thumbnail_url": "https://darwin.v7labs.com/api/v2/teams/salvino/files/19c7b8c8-3ead-440e-9e60-9695957c676c/thumbnail",
        "source_files": [
          {
            "file_name": "conchiglie.4qe7sj7n.ingestion-5fd995d986-9zbdz.jpg",
            "url": "https://darwin.v7labs.com/api/v2/teams/salvino/uploads/b15583f4-f47f-49d4-a899-fda8d0137cc2"
          }
        ]
      }
    ]
  },
  "annotations": [
    {
      "bounding_box": {
        "h": 195.0,
        "w": 222.0,
        "x": 222.0,
        "y": 130.0
      },
      "id": "cc28795d-4a24-4ce0-97ca-de437ed11910",
      "name": "Farfalle",
      "polygon": {
        "paths": [
          [
            {
              "x": 269.0,
              "y": 139.0
            },
            {
              "x": 266.0,
              "y": 143.0
            },
            {
              "x": 267.0,
              "y": 144.0
            },
            {
              "x": 267.0,
              "y": 149.0
            },
            {
              "x": 268.0,
              "y": 150.0
            },
            {
              "x": 266.0,
              "y": 154.0
            },
            {
              "x": 260.0,
              "y": 154.0
            },
            {
              "x": 259.0,
              "y": 153.0
            },
            {
              "x": 251.0,
              "y": 153.0
            },
            {
              "x": 251.0,
              "y": 154.0
            },
            {
              "x": 248.0,
              "y": 156.0
            },
            {
              "x": 248.0,
              "y": 159.0
            },
            {
              "x": 252.0,
              "y": 165.0
            },
            {
              "x": 252.0,
              "y": 168.0
            },
            {
              "x": 253.0,
              "y": 169.0
            },
            {
              "x": 252.0,
              "y": 172.0
            },
            {
              "x": 251.0,
              "y": 173.0
            },
            {
              "x": 240.0,
              "y": 173.0
            },
            {
              "x": 238.0,
              "y": 174.0
            },
            {
              "x": 234.0,
              "y": 179.0
            },
            {
              "x": 240.0,
              "y": 185.0
            },
            {
              "x": 240.0,
              "y": 186.0
            },
            {
              "x": 242.0,
              "y": 188.0
            },
            {
              "x": 242.0,
              "y": 190.0
            },
            {
              "x": 239.0,
              "y": 192.0
            },
            {
              "x": 236.0,
              "y": 192.0
            },
            {
              "x": 235.0,
              "y": 193.0
            },
            {
              "x": 229.0,
              "y": 193.0
            },
            {
              "x": 225.0,
              "y": 197.0
            },
            {
              "x": 224.0,
              "y": 199.0
            },
            {
              "x": 226.0,
              "y": 201.0
            },
            {
              "x": 229.0,
              "y": 202.0
            },
            {
              "x": 236.0,
              "y": 209.0
            },
            {
              "x": 236.0,
              "y": 211.0
            },
            {
              "x": 233.0,
              "y": 214.0
            },
            {
              "x": 223.0,
              "y": 219.0
            },
            {
              "x": 223.0,
              "y": 221.0
            },
            {
              "x": 222.0,
              "y": 222.0
            },
            {
              "x": 226.0,
              "y": 227.0
            },
            {
              "x": 229.0,
              "y": 228.0
            },
            {
              "x": 236.0,
              "y": 233.0
            },
            {
              "x": 236.0,
              "y": 235.0
            },
            {
              "x": 233.0,
              "y": 238.0
            },
            {
              "x": 232.0,
              "y": 238.0
            },
            {
              "x": 226.0,
              "y": 243.0
            },
            {
              "x": 225.0,
              "y": 243.0
            },
            {
              "x": 225.0,
              "y": 244.0
            },
            {
              "x": 223.0,
              "y": 246.0
            },
            {
              "x": 223.0,
              "y": 251.0
            },
            {
              "x": 224.0,
              "y": 252.0
            },
            {
              "x": 225.0,
              "y": 256.0
            },
            {
              "x": 229.0,
              "y": 260.0
            },
            {
              "x": 231.0,
              "y": 260.0
            },
            {
              "x": 234.0,
              "y": 262.0
            },
            {
              "x": 241.0,
              "y": 262.0
            },
            {
              "x": 242.0,
              "y": 261.0
            },
            {
              "x": 264.0,
              "y": 261.0
            },
            {
              "x": 265.0,
              "y": 260.0
            },
            {
              "x": 282.0,
              "y": 260.0
            },
            {
              "x": 283.0,
              "y": 259.0
            },
            {
              "x": 288.0,
              "y": 259.0
            },
            {
              "x": 292.0,
              "y": 257.0
            },
            {
              "x": 296.0,
              "y": 257.0
            },
            {
              "x": 297.0,
              "y": 256.0
            },
            {
              "x": 300.0,
              "y": 256.0
            },
            {
              "x": 303.0,
              "y": 254.0
            },
            {
              "x": 306.0,
              "y": 254.0
            },
            {
              "x": 310.0,
              "y": 251.0
            },
            {
              "x": 314.0,
              "y": 250.0
            },
            {
              "x": 315.0,
              "y": 248.0
            },
            {
              "x": 320.0,
              "y": 246.0
            },
            {
              "x": 322.0,
              "y": 244.0
            },
            {
              "x": 326.0,
              "y": 242.0
            },
            {
              "x": 328.0,
              "y": 242.0
            },
            {
              "x": 330.0,
              "y": 243.0
            },
            {
              "x": 334.0,
              "y": 248.0
            },
            {
              "x": 334.0,
              "y": 251.0
            },
            {
              "x": 336.0,
              "y": 254.0
            },
            {
              "x": 337.0,
              "y": 263.0
            },
            {
              "x": 339.0,
              "y": 265.0
            },
            {
              "x": 339.0,
              "y": 268.0
            },
            {
              "x": 341.0,
              "y": 270.0
            },
            {
              "x": 345.0,
              "y": 278.0
            },
            {
              "x": 348.0,
              "y": 281.0
            },
            {
              "x": 350.0,
              "y": 285.0
            },
            {
              "x": 352.0,
              "y": 286.0
            },
            {
              "x": 353.0,
              "y": 288.0
            },
            {
              "x": 355.0,
              "y": 289.0
            },
            {
              "x": 356.0,
              "y": 291.0
            },
            {
              "x": 359.0,
              "y": 293.0
            },
            {
              "x": 359.0,
              "y": 295.0
            },
            {
              "x": 362.0,
              "y": 299.0
            },
            {
              "x": 362.0,
              "y": 300.0
            },
            {
              "x": 364.0,
              "y": 301.0
            },
            {
              "x": 365.0,
              "y": 303.0
            },
            {
              "x": 368.0,
              "y": 305.0
            },
            {
              "x": 368.0,
              "y": 306.0
            },
            {
              "x": 373.0,
              "y": 311.0
            },
            {
              "x": 373.0,
              "y": 312.0
            },
            {
              "x": 382.0,
              "y": 322.0
            },
            {
              "x": 382.0,
              "y": 323.0
            },
            {
              "x": 383.0,
              "y": 324.0
            },
            {
              "x": 386.0,
              "y": 324.0
            },
            {
              "x": 387.0,
              "y": 325.0
            },
            {
              "x": 394.0,
              "y": 325.0
            },
            {
              "x": 395.0,
              "y": 324.0
            },
            {
              "x": 397.0,
              "y": 324.0
            },
            {
              "x": 400.0,
              "y": 321.0
            },
            {
              "x": 401.0,
              "y": 319.0
            },
            {
              "x": 400.0,
              "y": 303.0
            },
            {
              "x": 401.0,
              "y": 302.0
            },
            {
              "x": 403.0,
              "y": 301.0
            },
            {
              "x": 406.0,
              "y": 303.0
            },
            {
              "x": 408.0,
              "y": 303.0
            },
            {
              "x": 409.0,
              "y": 304.0
            },
            {
              "x": 413.0,
              "y": 304.0
            },
            {
              "x": 414.0,
              "y": 305.0
            },
            {
              "x": 416.0,
              "y": 304.0
            },
            {
              "x": 419.0,
              "y": 304.0
            },
            {
              "x": 420.0,
              "y": 303.0
            },
            {
              "x": 421.0,
              "y": 301.0
            },
            {
              "x": 420.0,
              "y": 300.0
            },
            {
              "x": 419.0,
              "y": 295.0
            },
            {
              "x": 417.0,
              "y": 292.0
            },
            {
              "x": 417.0,
              "y": 288.0
            },
            {
              "x": 416.0,
              "y": 287.0
            },
            {
              "x": 419.0,
              "y": 284.0
            },
            {
              "x": 429.0,
              "y": 284.0
            },
            {
              "x": 431.0,
              "y": 285.0
            },
            {
              "x": 435.0,
              "y": 282.0
            },
            {
              "x": 435.0,
              "y": 278.0
            },
            {
              "x": 434.0,
              "y": 276.0
            },
            {
              "x": 428.0,
              "y": 270.0
            },
            {
              "x": 427.0,
              "y": 267.0
            },
            {
              "x": 432.0,
              "y": 263.0
            },
            {
              "x": 438.0,
              "y": 263.0
            },
            {
              "x": 440.0,
              "y": 262.0
            },
            {
              "x": 441.0,
              "y": 258.0
            },
            {
              "x": 440.0,
              "y": 257.0
            },
            {
              "x": 440.0,
              "y": 254.0
            },
            {
              "x": 439.0,
              "y": 254.0
            },
            {
              "x": 438.0,
              "y": 252.0
            },
            {
              "x": 435.0,
              "y": 251.0
            },
            {
              "x": 434.0,
              "y": 249.0
            },
            {
              "x": 433.0,
              "y": 249.0
            },
            {
              "x": 431.0,
              "y": 247.0
            },
            {
              "x": 431.0,
              "y": 246.0
            },
            {
              "x": 433.0,
              "y": 243.0
            },
            {
              "x": 437.0,
              "y": 242.0
            },
            {
              "x": 440.0,
              "y": 240.0
            },
            {
              "x": 442.0,
              "y": 240.0
            },
            {
              "x": 444.0,
              "y": 237.0
            },
            {
              "x": 444.0,
              "y": 235.0
            },
            {
              "x": 443.0,
              "y": 234.0
            },
            {
              "x": 443.0,
              "y": 232.0
            },
            {
              "x": 441.0,
              "y": 231.0
            },
            {
              "x": 440.0,
              "y": 229.0
            },
            {
              "x": 436.0,
              "y": 228.0
            },
            {
              "x": 432.0,
              "y": 222.0
            },
            {
              "x": 434.0,
              "y": 221.0
            },
            {
              "x": 434.0,
              "y": 220.0
            },
            {
              "x": 436.0,
              "y": 218.0
            },
            {
              "x": 440.0,
              "y": 216.0
            },
            {
              "x": 442.0,
              "y": 213.0
            },
            {
              "x": 441.0,
              "y": 209.0
            },
            {
              "x": 438.0,
              "y": 208.0
            },
            {
              "x": 437.0,
              "y": 206.0
            },
            {
              "x": 433.0,
              "y": 205.0
            },
            {
              "x": 428.0,
              "y": 201.0
            },
            {
              "x": 428.0,
              "y": 200.0
            },
            {
              "x": 434.0,
              "y": 194.0
            },
            {
              "x": 435.0,
              "y": 192.0
            },
            {
              "x": 435.0,
              "y": 190.0
            },
            {
              "x": 434.0,
              "y": 189.0
            },
            {
              "x": 433.0,
              "y": 185.0
            },
            {
              "x": 430.0,
              "y": 182.0
            },
            {
              "x": 428.0,
              "y": 181.0
            },
            {
              "x": 425.0,
              "y": 181.0
            },
            {
              "x": 424.0,
              "y": 180.0
            },
            {
              "x": 398.0,
              "y": 180.0
            },
            {
              "x": 397.0,
              "y": 181.0
            },
            {
              "x": 388.0,
              "y": 181.0
            },
            {
              "x": 387.0,
              "y": 182.0
            },
            {
              "x": 383.0,
              "y": 182.0
            },
            {
              "x": 380.0,
              "y": 184.0
            },
            {
              "x": 374.0,
              "y": 185.0
            },
            {
              "x": 367.0,
              "y": 190.0
            },
            {
              "x": 363.0,
              "y": 191.0
            },
            {
              "x": 363.0,
              "y": 192.0
            },
            {
              "x": 358.0,
              "y": 196.0
            },
            {
              "x": 353.0,
              "y": 196.0
            },
            {
              "x": 350.0,
              "y": 194.0
            },
            {
              "x": 348.0,
              "y": 194.0
            },
            {
              "x": 341.0,
              "y": 189.0
            },
            {
              "x": 340.0,
              "y": 187.0
            },
            {
              "x": 340.0,
              "y": 182.0
            },
            {
              "x": 338.0,
              "y": 178.0
            },
            {
              "x": 338.0,
              "y": 175.0
            },
            {
              "x": 332.0,
              "y": 163.0
            },
            {
              "x": 324.0,
              "y": 154.0
            },
            {
              "x": 324.0,
              "y": 153.0
            },
            {
              "x": 322.0,
              "y": 152.0
            },
            {
              "x": 321.0,
              "y": 150.0
            },
            {
              "x": 319.0,
              "y": 149.0
            },
            {
              "x": 318.0,
              "y": 147.0
            },
            {
              "x": 316.0,
              "y": 146.0
            },
            {
              "x": 315.0,
              "y": 144.0
            },
            {
              "x": 303.0,
              "y": 133.0
            },
            {
              "x": 300.0,
              "y": 132.0
            },
            {
              "x": 298.0,
              "y": 130.0
            },
            {
              "x": 289.0,
              "y": 130.0
            },
            {
              "x": 285.0,
              "y": 133.0
            },
            {
              "x": 284.0,
              "y": 135.0
            },
            {
              "x": 284.0,
              "y": 141.0
            },
            {
              "x": 283.0,
              "y": 142.0
            },
            {
              "x": 277.0,
              "y": 141.0
            },
            {
              "x": 275.0,
              "y": 139.0
            }
          ]
        ]
      },
      "properties": [],
      "slot_names": [
        "0"
      ]
    }
  ]
}