{
  "version": "2.0",
  "schema_ref": "https://darwin-public.s3.eu-west-1.amazonaws.com/darwin_json/2.0/schema.json",
  "item": {
    "name": "conchiglie.4qe8a0l7.ingestion-5fd995d986-9zbdz.jpg",
    "path": "/",
    "source_info": {
      "item_id": "018ea5b6-3844-f075-42ea-866f3f239aab",
      "dataset": {
        "name": "Pasta",
        "slug": "pasta",
        "dataset_management_url": "https://darwin.v7labs.com/datasets/735230/dataset-management"
      },
      "team": {
        "name": "Salvino",
        "slug": "salvino"
      },
      "workview_url": "https://darwin.v7labs.com/workview?dataset=735230&item=018ea5b6-3844-f075-42ea-866f3f239aab"
    },
    "slots": [
      {
        "type": "image",
        "slot_name": "0",
        "width": 512,
        "height": 512,
        "thumbnail_url": "https://darwin.v7labs.com/api/v2/teams/salvino/files/77325e93-227f-48f6-8ea1-4f4402e1210a/thumbnail",
        "source_files": [
          {
            "file_name": "conchiglie.4qe8a0l7.ingestion-5fd995d986-9zbdz.jpg",
            "url": "https://darwin.v7labs.com/api/v2/teams/salvino/uploads/510ee300-58b5-4a51-8f4a-b20a79060995"
          }
        ]
      }
    ]
  },
  "annotations": [
    {
      "bounding_box": {
        "h": 178.0,
        "w": 305.0,
        "x": 48.0,
        "y": 196.0
      },
      "id": "801f61c1-9c6d-466a-9989-a8214c9ba2ce",
      "name": "Fusilli",
      "polygon": {
        "paths": [
          [
            {
              "x": 331.0,
              "y": 199.0
            },
            {
              "x": 330.0,
              "y": 199.0
            },
            {
              "x": 329.0,
              "y": 197.0
            },
            {
              "x": 327.0,
              "y": 197.0
            },
            {
              "x": 326.0,
              "y": 196.0
            },
            {
              "x": 319.0,
              "y": 196.0
            },
            {
              "x": 318.0,
              "y": 197.0
            },
            {
              "x": 315.0,
              "y": 197.0
            },
            {
              "x": 313.0,
              "y": 199.0
            },
            {
              "x": 311.0,
              "y": 199.0
            },
            {
              "x": 311.0,
              "y": 200.0
            },
            {
              "x": 309.0,
              "y": 201.0
            },
            {
              "x": 309.0,
              "y": 202.0
            },
            {
              "x": 304.0,
              "y": 207.0
            },
            {
              "x": 304.0,
              "y": 208.0
            },
            {
              "x": 301.0,
              "y": 212.0
            },
            {
              "x": 294.0,
              "y": 212.0
            },
            {
              "x": 291.0,
              "y": 210.0
            },
            {
              "x": 289.0,
              "y": 210.0
            },
            {
              "x": 279.0,
              "y": 205.0
            },
            {
              "x": 270.0,
              "y": 205.0
            },
            {
              "x": 268.0,
              "y": 207.0
            },
            {
              "x": 267.0,
              "y": 207.0
            },
            {
              "x": 267.0,
              "y": 209.0
            },
            {
              "x": 265.0,
              "y": 212.0
            },
            {
              "x": 265.0,
              "y": 219.0
            },
            {
              "x": 263.0,
              "y": 221.0
            },
            {
              "x": 260.0,
              "y": 220.0
            },
            {
              "x": 258.0,
              "y": 218.0
            },
            {
              "x": 258.0,
              "y": 217.0
            },
            {
              "x": 255.0,
              "y": 215.0
            },
            {
              "x": 255.0,
              "y": 214.0
            },
            {
              "x": 253.0,
              "y": 214.0
            },
            {
              "x": 251.0,
              "y": 212.0
            },
            {
              "x": 248.0,
              "y": 212.0
            },
            {
              "x": 247.0,
              "y": 211.0
            },
            {
              "x": 241.0,
              "y": 211.0
            },
            {
              "x": 237.0,
              "y": 214.0
            },
            {
              "x": 235.0,
              "y": 218.0
            },
            {
              "x": 235.0,
              "y": 223.0
            },
            {
              "x": 234.0,
              "y": 224.0
            },
            {
              "x": 234.0,
              "y": 228.0
            },
            {
              "x": 233.0,
              "y": 229.0
            },
            {
              "x": 230.0,
              "y": 229.0
            },
            {
              "x": 229.0,
              "y": 227.0
            },
            {
              "x": 227.0,
              "y": 226.0
            },
            {
              "x": 227.0,
              "y": 225.0
            },
            {
              "x": 218.0,
              "y": 220.0
            },
            {
              "x": 208.0,
              "y": 220.0
            },
            {
              "x": 206.0,
              "y": 221.0
            },
            {
              "x": 206.0,
              "y": 222.0
            },
            {
              "x": 204.0,
              "y": 224.0
            },
            {
              "x": 204.0,
              "y": 227.0
            },
            {
              "x": 203.0,
              "y": 228.0
            },
            {
              "x": 203.0,
              "y": 231.0
            },
            {
              "x": 202.0,
              "y": 232.0
            },
            {
              "x": 202.0,
              "y": 243.0
            },
            {
              "x": 201.0,
              "y": 244.0
            },
            {
              "x": 198.0,
              "y": 243.0
            },
            {
              "x": 195.0,
              "y": 240.0
            },
            {
              "x": 194.0,
              "y": 240.0
            },
            {
              "x": 192.0,
              "y": 238.0
            },
            {
              "x": 185.0,
              "y": 234.0
            },
            {
              "x": 183.0,
              "y": 234.0
            },
            {
              "x": 182.0,
              "y": 233.0
            },
            {
              "x": 172.0,
              "y": 233.0
            },
            {
              "x": 171.0,
              "y": 235.0
            },
            {
              "x": 169.0,
              "y": 236.0
            },
            {
              "x": 167.0,
              "y": 240.0
            },
            {
              "x": 166.0,
              "y": 250.0
            },
            {
              "x": 165.0,
              "y": 251.0
            },
            {
              "x": 165.0,
              "y": 256.0
            },
            {
              "x": 164.0,
              "y": 257.0
            },
            {
              "x": 161.0,
              "y": 257.0
            },
            {
              "x": 159.0,
              "y": 255.0
            },
            {
              "x": 158.0,
              "y": 255.0
            },
            {
              "x": 157.0,
              "y": 253.0
            },
            {
              "x": 155.0,
              "y": 253.0
            },
            {
              "x": 153.0,
              "y": 251.0
            },
            {
              "x": 150.0,
              "y": 251.0
            },
            {
              "x": 147.0,
              "y": 249.0
            },
            {
              "x": 144.0,
              "y": 249.0
            },
            {
              "x": 143.0,
              "y": 248.0
            },
            {
              "x": 135.0,
              "y": 248.0
            },
            {
              "x": 133.0,
              "y": 249.0
            },
            {
              "x": 128.0,
              "y": 255.0
            },
            {
              "x": 128.0,
              "y": 257.0
            },
            {
              "x": 126.0,
              "y": 260.0
            },
            {
              "x": 126.0,
              "y": 263.0
            },
            {
              "x": 123.0,
              "y": 268.0
            },
            {
              "x": 120.0,
              "y": 268.0
            },
            {
              "x": 118.0,
              "y": 266.0
            },
            {
              "x": 114.0,
              "y": 266.0
            },
            {
              "x": 111.0,
              "y": 264.0
            },
            {
              "x": 106.0,
              "y": 264.0
            },
            {
              "x": 105.0,
              "y": 263.0
            },
            {
              "x": 97.0,
              "y": 264.0
            },
            {
              "x": 93.0,
              "y": 266.0
            },
            {
              "x": 93.0,
              "y": 267.0
            },
            {
              "x": 91.0,
              "y": 268.0
            },
            {
              "x": 91.0,
              "y": 269.0
            },
            {
              "x": 89.0,
              "y": 271.0
            },
            {
              "x": 89.0,
              "y": 273.0
            },
            {
              "x": 87.0,
              "y": 275.0
            },
            {
              "x": 86.0,
              "y": 282.0
            },
            {
              "x": 84.0,
              "y": 284.0
            },
            {
              "x": 78.0,
              "y": 284.0
            },
            {
              "x": 77.0,
              "y": 283.0
            },
            {
              "x": 72.0,
              "y": 283.0
            },
            {
              "x": 71.0,
              "y": 282.0
            },
            {
              "x": 64.0,
              "y": 282.0
            },
            {
              "x": 63.0,
              "y": 283.0
            },
            {
              "x": 60.0,
              "y": 283.0
            },
            {
              "x": 56.0,
              "y": 286.0
            },
            {
              "x": 55.0,
              "y": 286.0
            },
            {
              "x": 50.0,
              "y": 292.0
            },
            {
              "x": 50.0,
              "y": 294.0
            },
            {
              "x": 49.0,
              "y": 295.0
            },
            {
              "x": 49.0,
              "y": 300.0
            },
            {
              "x": 48.0,
              "y": 301.0
            },
            {
              "x": 48.0,
              "y": 313.0
            },
            {
              "x": 49.0,
              "y": 314.0
            },
            {
              "x": 49.0,
              "y": 319.0
            },
            {
              "x": 51.0,
              "y": 320.0
            },
            {
              "x": 52.0,
              "y": 322.0
            },
            {
              "x": 55.0,
              "y": 323.0
            },
            {
              "x": 64.0,
              "y": 333.0
            },
            {
              "x": 65.0,
              "y": 333.0
            },
            {
              "x": 69.0,
              "y": 337.0
            },
            {
              "x": 70.0,
              "y": 337.0
            },
            {
              "x": 71.0,
              "y": 339.0
            },
            {
              "x": 75.0,
              "y": 341.0
            },
            {
              "x": 76.0,
              "y": 343.0
            },
            {
              "x": 77.0,
              "y": 343.0
            },
            {
              "x": 80.0,
              "y": 346.0
            },
            {
              "x": 80.0,
              "y": 349.0
            },
            {
              "x": 82.0,
              "y": 353.0
            },
            {
              "x": 82.0,
              "y": 358.0
            },
            {
              "x": 81.0,
              "y": 359.0
            },
            {
              "x": 80.0,
              "y": 365.0
            },
            {
              "x": 78.0,
              "y": 368.0
            },
            {
              "x": 78.0,
              "y": 370.0
            },
            {
              "x": 81.0,
              "y": 374.0
            },
            {
              "x": 87.0,
              "y": 374.0
            },
            {
              "x": 89.0,
              "y": 372.0
            },
            {
              "x": 91.0,
              "y": 372.0
            },
            {
              "x": 96.0,
              "y": 367.0
            },
            {
              "x": 99.0,
              "y": 360.0
            },
            {
              "x": 102.0,
              "y": 357.0
            },
            {
              "x": 106.0,
              "y": 359.0
            },
            {
              "x": 110.0,
              "y": 359.0
            },
            {
              "x": 111.0,
              "y": 360.0
            },
            {
              "x": 117.0,
              "y": 360.0
            },
            {
              "x": 118.0,
              "y": 359.0
            },
            {
              "x": 121.0,
              "y": 359.0
            },
            {
              "x": 123.0,
              "y": 357.0
            },
            {
              "x": 127.0,
              "y": 356.0
            },
            {
              "x": 127.0,
              "y": 355.0
            },
            {
              "x": 129.0,
              "y": 354.0
            },
            {
              "x": 130.0,
              "y": 352.0
            },
            {
              "x": 131.0,
              "y": 352.0
            },
            {
              "x": 134.0,
              "y": 346.0
            },
            {
              "x": 134.0,
              "y": 344.0
            },
            {
              "x": 138.0,
              "y": 339.0
            },
            {
              "x": 140.0,
              "y": 339.0
            },
            {
              "x": 143.0,
              "y": 341.0
            },
            {
              "x": 155.0,
              "y": 341.0
            },
            {
              "x": 163.0,
              "y": 337.0
            },
            {
              "x": 170.0,
              "y": 330.0
            },
            {
              "x": 173.0,
              "y": 324.0
            },
            {
              "x": 175.0,
              "y": 324.0
            },
            {
              "x": 176.0,
              "y": 323.0
            },
            {
              "x": 177.0,
              "y": 324.0
            },
            {
              "x": 192.0,
              "y": 324.0
            },
            {
              "x": 193.0,
              "y": 323.0
            },
            {
              "x": 195.0,
              "y": 323.0
            },
            {
              "x": 200.0,
              "y": 319.0
            },
            {
              "x": 201.0,
              "y": 319.0
            },
            {
              "x": 201.0,
              "y": 318.0
            },
            {
              "x": 203.0,
              "y": 317.0
            },
            {
              "x": 203.0,
              "y": 316.0
            },
            {
              "x": 205.0,
              "y": 315.0
            },
            {
              "x": 205.0,
              "y": 314.0
            },
            {
              "x": 210.0,
              "y": 309.0
            },
            {
              "x": 223.0,
              "y": 309.0
            },
            {
              "x": 229.0,
              "y": 306.0
            },
            {
              "x": 234.0,
              "y": 301.0
            },
            {
              "x": 234.0,
              "y": 300.0
            },
            {
              "x": 239.0,
              "y": 296.0
            },
            {
              "x": 244.0,
              "y": 296.0
            },
            {
              "x": 245.0,
              "y": 297.0
            },
            {
              "x": 255.0,
              "y": 296.0
            },
            {
              "x": 258.0,
              "y": 294.0
            },
            {
              "x": 262.0,
              "y": 293.0
            },
            {
              "x": 265.0,
              "y": 290.0
            },
            {
              "x": 266.0,
              "y": 290.0
            },
            {
              "x": 266.0,
              "y": 289.0
            },
            {
              "x": 270.0,
              "y": 285.0
            },
            {
              "x": 276.0,
              "y": 285.0
            },
            {
              "x": 277.0,
              "y": 286.0
            },
            {
              "x": 288.0,
              "y": 285.0
            },
            {
              "x": 298.0,
              "y": 280.0
            },
            {
              "x": 300.0,
              "y": 276.0
            },
            {
              "x": 304.0,
              "y": 272.0
            },
            {
              "x": 311.0,
              "y": 272.0
            },
            {
              "x": 315.0,
              "y": 270.0
            },
            {
              "x": 322.0,
              "y": 269.0
            },
            {
              "x": 325.0,
              "y": 267.0
            },
            {
              "x": 327.0,
              "y": 267.0
            },
            {
              "x": 330.0,
              "y": 265.0
            },
            {
              "x": 332.0,
              "y": 265.0
            },
            {
              "x": 336.0,
              "y": 263.0
            },
            {
              "x": 341.0,
              "y": 259.0
            },
            {
              "x": 342.0,
              "y": 259.0
            },
            {
              "x": 345.0,
              "y": 256.0
            },
            {
              "x": 349.0,
              "y": 254.0
            },
            {
              "x": 350.0,
              "y": 252.0
            },
            {
              "x": 351.0,
              "y": 252.0
            },
            {
              "x": 351.0,
              "y": 251.0
            },
            {
              "x": 353.0,
              "y": 249.0
            },
            {
              "x": 353.0,
              "y": 244.0
            },
            {
              "x": 351.0,
              "y": 242.0
            },
            {
              "x": 347.0,
              "y": 240.0
            },
            {
              "x": 343.0,
              "y": 240.0
            },
            {
              "x": 340.0,
              "y": 238.0
            },
            {
              "x": 338.0,
              "y": 238.0
            },
            {
              "x": 336.0,
              "y": 236.0
            },
            {
              "x": 334.0,
              "y": 236.0
            },
            {
              "x": 330.0,
              "y": 232.0
            },
            {
              "x": 331.0,
              "y": 230.0
            },
            {
              "x": 331.0,
              "y": 227.0
            },
            {
              "x": 332.0,
              "y": 226.0
            },
            {
              "x": 332.0,
              "y": 220.0
            },
            {
              "x": 333.0,
              "y": 219.0
            },
            {
              "x": 333.0,
              "y": 205.0
            },
            {
              "x": 332.0,
              "y": 204.0
            },
            {
              "x": 332.0,
              "y": 201.0
            },
            {
              "x": 331.0,
              "y": 200.0
            }
          ]
        ]
      },
      "properties": [],
      "slot_names": [
        "0"
      ]
    }
  ]
}