{
  "version": "2.0",
  "schema_ref": "https://darwin-public.s3.eu-west-1.amazonaws.com/darwin_json/2.0/schema.json",
  "item": {
    "name": "conchiglie.4qe7s0tj.ingestion-5fd995d986-9zbdz.jpg",
    "path": "/",
    "source_info": {
      "item_id": "018ea5b6-3849-2cff-71e7-bccd0d76f2ce",
      "dataset": {
        "name": "Pasta",
        "slug": "pasta",
        "dataset_management_url": "https://darwin.v7labs.com/datasets/735230/dataset-management"
      },
      "team": {
        "name": "Salvino",
        "slug": "salvino"
      },
      "workview_url": "https://darwin.v7labs.com/workview?dataset=735230&item=018ea5b6-3849-2cff-71e7-bccd0d76f2ce"
    },
    "slots": [
      {
        "type": "image",
        "slot_name": "0",
        "width": 512,
        "height": 512,
        "thumbnail_url": "https://darwin.v7labs.com/api/v2/teams/salvino/files/72f41e25-b4b9-46f1-a88d-526f7d8d3cf3/thumbnail",
        "source_files": [
          {
            "file_name": "conchiglie.4qe7s0tj.ingestion-5fd995d986-9zbdz.jpg",
            "url": "https://darwin.v7labs.com/api/v2/teams/salvino/uploads/676f3e2f-628d-45a6-8976-5f3bdaf3e90c"
          }
        ]
      }
    ]
  },
  "annotations": [
    {
      "bounding_box": {
        "h": 220.0,
        "w": 216.0,
        "x": 251.0,
        "y": 171.0
      },
      "id": "19e2a865-b1e2-460c-a46d-75837863ac80",
      "name": "Farfalle",
      "polygon": {
        "paths": [
          [
            {
              "x": 394.0,
              "y": 181.0
            },
            {
              "x": 389.0,
              "y": 181.0
            },
            {
              "x": 387.0,
              "y": 183.0
            },
            {
              "x": 381.0,
              "y": 184.0
            },
            {
              "x": 376.0,
              "y": 179.0
            },
            {
              "x": 375.0,
              "y": 176.0
            },
            {
              "x": 373.0,
              "y": 175.0
            },
            {
              "x": 368.0,
              "y": 175.0
            },
            {
              "x": 366.0,
              "y": 176.0
            },
            {
              "x": 361.0,
              "y": 181.0
            },
            {
              "x": 359.0,
              "y": 181.0
            },
            {
              "x": 355.0,
              "y": 179.0
            },
            {
              "x": 354.0,
              "y": 177.0
            },
            {
              "x": 349.0,
              "y": 172.0
            },
            {
              "x": 347.0,
              "y": 172.0
            },
            {
              "x": 346.0,
              "y": 171.0
            },
            {
              "x": 342.0,
              "y": 173.0
            },
            {
              "x": 340.0,
              "y": 178.0
            },
            {
              "x": 338.0,
              "y": 180.0
            },
            {
              "x": 338.0,
              "y": 182.0
            },
            {
              "x": 334.0,
              "y": 184.0
            },
            {
              "x": 333.0,
              "y": 183.0
            },
            {
              "x": 331.0,
              "y": 183.0
            },
            {
              "x": 324.0,
              "y": 177.0
            },
            {
              "x": 322.0,
              "y": 177.0
            },
            {
              "x": 321.0,
              "y": 176.0
            },
            {
              "x": 318.0,
              "y": 177.0
            },
            {
              "x": 316.0,
              "y": 180.0
            },
            {
              "x": 316.0,
              "y": 185.0
            },
            {
              "x": 312.0,
              "y": 189.0
            },
            {
              "x": 308.0,
              "y": 187.0
            },
            {
              "x": 306.0,
              "y": 187.0
            },
            {
              "x": 304.0,
              "y": 185.0
            },
            {
              "x": 304.0,
              "y": 184.0
            },
            {
              "x": 300.0,
              "y": 182.0
            },
            {
              "x": 297.0,
              "y": 182.0
            },
            {
              "x": 295.0,
              "y": 184.0
            },
            {
              "x": 294.0,
              "y": 195.0
            },
            {
              "x": 292.0,
              "y": 198.0
            },
            {
              "x": 282.0,
              "y": 197.0
            },
            {
              "x": 281.0,
              "y": 196.0
            },
            {
              "x": 277.0,
              "y": 196.0
            },
            {
              "x": 274.0,
              "y": 198.0
            },
            {
              "x": 274.0,
              "y": 206.0
            },
            {
              "x": 275.0,
              "y": 207.0
            },
            {
              "x": 275.0,
              "y": 212.0
            },
            {
              "x": 274.0,
              "y": 213.0
            },
            {
              "x": 258.0,
              "y": 212.0
            },
            {
              "x": 254.0,
              "y": 215.0
            },
            {
              "x": 252.0,
              "y": 219.0
            },
            {
              "x": 252.0,
              "y": 221.0
            },
            {
              "x": 251.0,
              "y": 222.0
            },
            {
              "x": 252.0,
              "y": 228.0
            },
            {
              "x": 267.0,
              "y": 243.0
            },
            {
              "x": 268.0,
              "y": 243.0
            },
            {
              "x": 270.0,
              "y": 245.0
            },
            {
              "x": 270.0,
              "y": 246.0
            },
            {
              "x": 271.0,
              "y": 246.0
            },
            {
              "x": 275.0,
              "y": 250.0
            },
            {
              "x": 276.0,
              "y": 250.0
            },
            {
              "x": 277.0,
              "y": 252.0
            },
            {
              "x": 278.0,
              "y": 252.0
            },
            {
              "x": 284.0,
              "y": 258.0
            },
            {
              "x": 285.0,
              "y": 258.0
            },
            {
              "x": 288.0,
              "y": 261.0
            },
            {
              "x": 289.0,
              "y": 261.0
            },
            {
              "x": 292.0,
              "y": 264.0
            },
            {
              "x": 293.0,
              "y": 264.0
            },
            {
              "x": 298.0,
              "y": 268.0
            },
            {
              "x": 312.0,
              "y": 275.0
            },
            {
              "x": 314.0,
              "y": 275.0
            },
            {
              "x": 318.0,
              "y": 277.0
            },
            {
              "x": 321.0,
              "y": 277.0
            },
            {
              "x": 322.0,
              "y": 278.0
            },
            {
              "x": 325.0,
              "y": 278.0
            },
            {
              "x": 327.0,
              "y": 280.0
            },
            {
              "x": 327.0,
              "y": 281.0
            },
            {
              "x": 333.0,
              "y": 281.0
            },
            {
              "x": 337.0,
              "y": 284.0
            },
            {
              "x": 337.0,
              "y": 286.0
            },
            {
              "x": 338.0,
              "y": 287.0
            },
            {
              "x": 337.0,
              "y": 291.0
            },
            {
              "x": 330.0,
              "y": 299.0
            },
            {
              "x": 330.0,
              "y": 300.0
            },
            {
              "x": 324.0,
              "y": 306.0
            },
            {
              "x": 319.0,
              "y": 317.0
            },
            {
              "x": 316.0,
              "y": 320.0
            },
            {
              "x": 315.0,
              "y": 324.0
            },
            {
              "x": 314.0,
              "y": 325.0
            },
            {
              "x": 314.0,
              "y": 327.0
            },
            {
              "x": 313.0,
              "y": 328.0
            },
            {
              "x": 315.0,
              "y": 340.0
            },
            {
              "x": 314.0,
              "y": 341.0
            },
            {
              "x": 314.0,
              "y": 354.0
            },
            {
              "x": 313.0,
              "y": 355.0
            },
            {
              "x": 313.0,
              "y": 368.0
            },
            {
              "x": 312.0,
              "y": 369.0
            },
            {
              "x": 312.0,
              "y": 380.0
            },
            {
              "x": 313.0,
              "y": 381.0
            },
            {
              "x": 313.0,
              "y": 384.0
            },
            {
              "x": 316.0,
              "y": 388.0
            },
            {
              "x": 316.0,
              "y": 390.0
            },
            {
              "x": 319.0,
              "y": 390.0
            },
            {
              "x": 321.0,
              "y": 391.0
            },
            {
              "x": 325.0,
              "y": 389.0
            },
            {
              "x": 328.0,
              "y": 389.0
            },
            {
              "x": 332.0,
              "y": 385.0
            },
            {
              "x": 334.0,
              "y": 381.0
            },
            {
              "x": 339.0,
              "y": 376.0
            },
            {
              "x": 341.0,
              "y": 375.0
            },
            {
              "x": 345.0,
              "y": 379.0
            },
            {
              "x": 346.0,
              "y": 382.0
            },
            {
              "x": 348.0,
              "y": 384.0
            },
            {
              "x": 348.0,
              "y": 386.0
            },
            {
              "x": 352.0,
              "y": 391.0
            },
            {
              "x": 355.0,
              "y": 391.0
            },
            {
              "x": 357.0,
              "y": 389.0
            },
            {
              "x": 358.0,
              "y": 389.0
            },
            {
              "x": 358.0,
              "y": 388.0
            },
            {
              "x": 361.0,
              "y": 385.0
            },
            {
              "x": 363.0,
              "y": 381.0
            },
            {
              "x": 366.0,
              "y": 378.0
            },
            {
              "x": 370.0,
              "y": 378.0
            },
            {
              "x": 377.0,
              "y": 385.0
            },
            {
              "x": 377.0,
              "y": 386.0
            },
            {
              "x": 379.0,
              "y": 386.0
            },
            {
              "x": 383.0,
              "y": 388.0
            },
            {
              "x": 384.0,
              "y": 387.0
            },
            {
              "x": 386.0,
              "y": 387.0
            },
            {
              "x": 389.0,
              "y": 384.0
            },
            {
              "x": 389.0,
              "y": 378.0
            },
            {
              "x": 390.0,
              "y": 377.0
            },
            {
              "x": 390.0,
              "y": 374.0
            },
            {
              "x": 391.0,
              "y": 373.0
            },
            {
              "x": 395.0,
              "y": 373.0
            },
            {
              "x": 399.0,
              "y": 375.0
            },
            {
              "x": 401.0,
              "y": 377.0
            },
            {
              "x": 403.0,
              "y": 381.0
            },
            {
              "x": 408.0,
              "y": 381.0
            },
            {
              "x": 412.0,
              "y": 377.0
            },
            {
              "x": 413.0,
              "y": 375.0
            },
            {
              "x": 413.0,
              "y": 373.0
            },
            {
              "x": 414.0,
              "y": 372.0
            },
            {
              "x": 413.0,
              "y": 371.0
            },
            {
              "x": 413.0,
              "y": 365.0
            },
            {
              "x": 415.0,
              "y": 363.0
            },
            {
              "x": 421.0,
              "y": 365.0
            },
            {
              "x": 425.0,
              "y": 369.0
            },
            {
              "x": 426.0,
              "y": 368.0
            },
            {
              "x": 429.0,
              "y": 368.0
            },
            {
              "x": 431.0,
              "y": 367.0
            },
            {
              "x": 434.0,
              "y": 364.0
            },
            {
              "x": 433.0,
              "y": 350.0
            },
            {
              "x": 435.0,
              "y": 348.0
            },
            {
              "x": 440.0,
              "y": 348.0
            },
            {
              "x": 444.0,
              "y": 350.0
            },
            {
              "x": 446.0,
              "y": 350.0
            },
            {
              "x": 447.0,
              "y": 349.0
            },
            {
              "x": 451.0,
              "y": 348.0
            },
            {
              "x": 452.0,
              "y": 346.0
            },
            {
              "x": 451.0,
              "y": 338.0
            },
            {
              "x": 453.0,
              "y": 334.0
            },
            {
              "x": 455.0,
              "y": 332.0
            },
            {
              "x": 458.0,
              "y": 332.0
            },
            {
              "x": 461.0,
              "y": 329.0
            },
            {
              "x": 462.0,
              "y": 329.0
            },
            {
              "x": 466.0,
              "y": 324.0
            },
            {
              "x": 467.0,
              "y": 319.0
            },
            {
              "x": 462.0,
              "y": 310.0
            },
            {
              "x": 458.0,
              "y": 307.0
            },
            {
              "x": 457.0,
              "y": 307.0
            },
            {
              "x": 447.0,
              "y": 297.0
            },
            {
              "x": 446.0,
              "y": 297.0
            },
            {
              "x": 444.0,
              "y": 295.0
            },
            {
              "x": 444.0,
              "y": 294.0
            },
            {
              "x": 443.0,
              "y": 294.0
            },
            {
              "x": 439.0,
              "y": 290.0
            },
            {
              "x": 431.0,
              "y": 286.0
            },
            {
              "x": 429.0,
              "y": 284.0
            },
            {
              "x": 425.0,
              "y": 283.0
            },
            {
              "x": 423.0,
              "y": 281.0
            },
            {
              "x": 419.0,
              "y": 279.0
            },
            {
              "x": 416.0,
              "y": 279.0
            },
            {
              "x": 415.0,
              "y": 278.0
            },
            {
              "x": 413.0,
              "y": 278.0
            },
            {
              "x": 409.0,
              "y": 276.0
            },
            {
              "x": 399.0,
              "y": 276.0
            },
            {
              "x": 393.0,
              "y": 273.0
            },
            {
              "x": 391.0,
              "y": 273.0
            },
            {
              "x": 386.0,
              "y": 268.0
            },
            {
              "x": 383.0,
              "y": 262.0
            },
            {
              "x": 383.0,
              "y": 260.0
            },
            {
              "x": 384.0,
              "y": 258.0
            },
            {
              "x": 388.0,
              "y": 255.0
            },
            {
              "x": 390.0,
              "y": 251.0
            },
            {
              "x": 392.0,
              "y": 250.0
            },
            {
              "x": 395.0,
              "y": 244.0
            },
            {
              "x": 397.0,
              "y": 242.0
            },
            {
              "x": 397.0,
              "y": 240.0
            },
            {
              "x": 401.0,
              "y": 232.0
            },
            {
              "x": 401.0,
              "y": 227.0
            },
            {
              "x": 402.0,
              "y": 226.0
            },
            {
              "x": 402.0,
              "y": 216.0
            },
            {
              "x": 403.0,
              "y": 215.0
            },
            {
              "x": 403.0,
              "y": 203.0
            },
            {
              "x": 402.0,
              "y": 202.0
            },
            {
              "x": 403.0,
              "y": 201.0
            },
            {
              "x": 403.0,
              "y": 191.0
            },
            {
              "x": 402.0,
              "y": 190.0
            },
            {
              "x": 401.0,
              "y": 186.0
            },
            {
              "x": 398.0,
              "y": 183.0
            },
            {
              "x": 395.0,
              "y": 182.0
            }
          ]
        ]
      },
      "properties": [],
      "slot_names": [
        "0"
      ]
    }
  ]
}