{
  "version": "2.0",
  "schema_ref": "https://darwin-public.s3.eu-west-1.amazonaws.com/darwin_json/2.0/schema.json",
  "item": {
    "name": "conchiglie.4qe5gu0j.ingestion-5fd995d986-fwdsf.jpg",
    "path": "/",
    "source_info": {
      "item_id": "018ea5b6-3843-50bf-5000-8b858d370156",
      "dataset": {
        "name": "Pasta",
        "slug": "pasta",
        "dataset_management_url": "https://darwin.v7labs.com/datasets/735230/dataset-management"
      },
      "team": {
        "name": "Salvino",
        "slug": "salvino"
      },
      "workview_url": "https://darwin.v7labs.com/workview?dataset=735230&item=018ea5b6-3843-50bf-5000-8b858d370156"
    },
    "slots": [
      {
        "type": "image",
        "slot_name": "0",
        "width": 512,
        "height": 512,
        "thumbnail_url": "https://darwin.v7labs.com/api/v2/teams/salvino/files/e6eee4a8-71df-4454-b37a-8cd593ceb48c/thumbnail",
        "source_files": [
          {
            "file_name": "conchiglie.4qe5gu0j.ingestion-5fd995d986-fwdsf.jpg",
            "url": "https://darwin.v7labs.com/api/v2/teams/salvino/uploads/70612cdf-dc5f-4dfd-a1ca-188baa643fd0"
          }
        ]
      }
    ]
  },
  "annotations": [
    {
      "bounding_box": {
        "h": 149.0,
        "w": 191.0,
        "x": 91.0,
        "y": 104.0
      },
      "id": "72533b0f-0f48-4b3e-9165-0f1c3e77c6d4",
      "name": "Conchiglie",
      "polygon": {
        "paths": [
          [
            {
              "x": 93.0,
              "y": 143.0
            },
            {
              "x": 93.0,
              "y": 146.0
            },
            {
              "x": 91.0,
              "y": 150.0
            },
            {
              "x": 91.0,
              "y": 156.0
            },
            {
              "x": 92.0,
              "y": 157.0
            },
            {
              "x": 92.0,
              "y": 161.0
            },
            {
              "x": 93.0,
              "y": 162.0
            },
            {
              "x": 93.0,
              "y": 164.0
            },
            {
              "x": 96.0,
              "y": 167.0
            },
            {
              "x": 98.0,
              "y": 171.0
            },
            {
              "x": 101.0,
              "y": 174.0
            },
            {
              "x": 103.0,
              "y": 174.0
            },
            {
              "x": 113.0,
              "y": 184.0
            },
            {
              "x": 114.0,
              "y": 190.0
            },
            {
              "x": 118.0,
              "y": 194.0
            },
            {
              "x": 118.0,
              "y": 199.0
            },
            {
              "x": 122.0,
              "y": 204.0
            },
            {
              "x": 122.0,
              "y": 209.0
            },
            {
              "x": 125.0,
              "y": 213.0
            },
            {
              "x": 128.0,
              "y": 221.0
            },
            {
              "x": 129.0,
              "y": 221.0
            },
            {
              "x": 131.0,
              "y": 223.0
            },
            {
              "x": 132.0,
              "y": 227.0
            },
            {
              "x": 134.0,
              "y": 229.0
            },
            {
              "x": 134.0,
              "y": 230.0
            },
            {
              "x": 136.0,
              "y": 231.0
            },
            {
              "x": 141.0,
              "y": 236.0
            },
            {
              "x": 142.0,
              "y": 238.0
            },
            {
              "x": 146.0,
              "y": 240.0
            },
            {
              "x": 148.0,
              "y": 240.0
            },
            {
              "x": 150.0,
              "y": 242.0
            },
            {
              "x": 150.0,
              "y": 243.0
            },
            {
              "x": 151.0,
              "y": 243.0
            },
            {
              "x": 153.0,
              "y": 245.0
            },
            {
              "x": 155.0,
              "y": 246.0
            },
            {
              "x": 159.0,
              "y": 246.0
            },
            {
              "x": 164.0,
              "y": 250.0
            },
            {
              "x": 171.0,
              "y": 250.0
            },
            {
              "x": 175.0,
              "y": 252.0
            },
            {
              "x": 186.0,
              "y": 252.0
            },
            {
              "x": 187.0,
              "y": 253.0
            },
            {
              "x": 191.0,
              "y": 253.0
            },
            {
              "x": 192.0,
              "y": 252.0
            },
            {
              "x": 200.0,
              "y": 252.0
            },
            {
              "x": 204.0,
              "y": 250.0
            },
            {
              "x": 213.0,
              "y": 249.0
            },
            {
              "x": 218.0,
              "y": 246.0
            },
            {
              "x": 224.0,
              "y": 246.0
            },
            {
              "x": 229.0,
              "y": 243.0
            },
            {
              "x": 236.0,
              "y": 243.0
            },
            {
              "x": 240.0,
              "y": 241.0
            },
            {
              "x": 242.0,
              "y": 241.0
            },
            {
              "x": 249.0,
              "y": 245.0
            },
            {
              "x": 250.0,
              "y": 244.0
            },
            {
              "x": 261.0,
              "y": 244.0
            },
            {
              "x": 269.0,
              "y": 240.0
            },
            {
              "x": 272.0,
              "y": 240.0
            },
            {
              "x": 274.0,
              "y": 238.0
            },
            {
              "x": 275.0,
              "y": 238.0
            },
            {
              "x": 281.0,
              "y": 231.0
            },
            {
              "x": 281.0,
              "y": 227.0
            },
            {
              "x": 280.0,
              "y": 226.0
            },
            {
              "x": 280.0,
              "y": 223.0
            },
            {
              "x": 279.0,
              "y": 222.0
            },
            {
              "x": 279.0,
              "y": 216.0
            },
            {
              "x": 280.0,
              "y": 215.0
            },
            {
              "x": 281.0,
              "y": 209.0
            },
            {
              "x": 282.0,
              "y": 208.0
            },
            {
              "x": 281.0,
              "y": 202.0
            },
            {
              "x": 278.0,
              "y": 198.0
            },
            {
              "x": 275.0,
              "y": 191.0
            },
            {
              "x": 271.0,
              "y": 187.0
            },
            {
              "x": 270.0,
              "y": 184.0
            },
            {
              "x": 265.0,
              "y": 180.0
            },
            {
              "x": 265.0,
              "y": 178.0
            },
            {
              "x": 259.0,
              "y": 170.0
            },
            {
              "x": 259.0,
              "y": 168.0
            },
            {
              "x": 256.0,
              "y": 164.0
            },
            {
              "x": 256.0,
              "y": 162.0
            },
            {
              "x": 253.0,
              "y": 158.0
            },
            {
              "x": 253.0,
              "y": 156.0
            },
            {
              "x": 251.0,
              "y": 154.0
            },
            {
              "x": 250.0,
              "y": 148.0
            },
            {
              "x": 247.0,
              "y": 145.0
            },
            {
              "x": 247.0,
              "y": 143.0
            },
            {
              "x": 245.0,
              "y": 140.0
            },
            {
              "x": 245.0,
              "y": 138.0
            },
            {
              "x": 240.0,
              "y": 132.0
            },
            {
              "x": 239.0,
              "y": 128.0
            },
            {
              "x": 238.0,
              "y": 128.0
            },
            {
              "x": 234.0,
              "y": 124.0
            },
            {
              "x": 234.0,
              "y": 123.0
            },
            {
              "x": 231.0,
              "y": 120.0
            },
            {
              "x": 231.0,
              "y": 119.0
            },
            {
              "x": 227.0,
              "y": 118.0
            },
            {
              "x": 221.0,
              "y": 112.0
            },
            {
              "x": 218.0,
              "y": 112.0
            },
            {
              "x": 209.0,
              "y": 107.0
            },
            {
              "x": 207.0,
              "y": 107.0
            },
            {
              "x": 206.0,
              "y": 106.0
            },
            {
              "x": 202.0,
              "y": 106.0
            },
            {
              "x": 198.0,
              "y": 104.0
            },
            {
              "x": 178.0,
              "y": 104.0
            },
            {
              "x": 177.0,
              "y": 105.0
            },
            {
              "x": 171.0,
              "y": 105.0
            },
            {
              "x": 166.0,
              "y": 108.0
            },
            {
              "x": 161.0,
              "y": 109.0
            },
            {
              "x": 156.0,
              "y": 112.0
            },
            {
              "x": 154.0,
              "y": 112.0
            },
            {
              "x": 149.0,
              "y": 115.0
            },
            {
              "x": 147.0,
              "y": 115.0
            },
            {
              "x": 143.0,
              "y": 118.0
            },
            {
              "x": 138.0,
              "y": 119.0
            },
            {
              "x": 136.0,
              "y": 121.0
            },
            {
              "x": 134.0,
              "y": 121.0
            },
            {
              "x": 133.0,
              "y": 122.0
            },
            {
              "x": 131.0,
              "y": 122.0
            },
            {
              "x": 127.0,
              "y": 124.0
            },
            {
              "x": 108.0,
              "y": 125.0
            },
            {
              "x": 104.0,
              "y": 128.0
            },
            {
              "x": 103.0,
              "y": 128.0
            },
            {
              "x": 103.0,
              "y": 129.0
            },
            {
              "x": 100.0,
              "y": 132.0
            },
            {
              "x": 100.0,
              "y": 133.0
            },
            {
              "x": 96.0,
              "y": 138.0
            },
            {
              "x": 95.0,
              "y": 141.0
            }
          ]
        ]
      },
      "properties": [],
      "slot_names": [
        "0"
      ]
    }
  ]
}