{
  "version": "2.0",
  "schema_ref": "https://darwin-public.s3.eu-west-1.amazonaws.com/darwin_json/2.0/schema.json",
  "item": {
    "name": "conchiglie.4qe89a6h.ingestion-5fd995d986-9zbdz.jpg",
    "path": "/",
    "source_info": {
      "item_id": "018ea5b6-3844-2b0b-ee7c-6a969e4c3582",
      "dataset": {
        "name": "Pasta",
        "slug": "pasta",
        "dataset_management_url": "https://darwin.v7labs.com/datasets/735230/dataset-management"
      },
      "team": {
        "name": "Salvino",
        "slug": "salvino"
      },
      "workview_url": "https://darwin.v7labs.com/workview?dataset=735230&item=018ea5b6-3844-2b0b-ee7c-6a969e4c3582"
    },
    "slots": [
      {
        "type": "image",
        "slot_name": "0",
        "width": 512,
        "height": 512,
        "thumbnail_url": "https://darwin.v7labs.com/api/v2/teams/salvino/files/87d60b60-0ac0-46b3-bf68-b5d69298312a/thumbnail",
        "source_files": [
          {
            "file_name": "conchiglie.4qe89a6h.ingestion-5fd995d986-9zbdz.jpg",
            "url": "https://darwin.v7labs.com/api/v2/teams/salvino/uploads/c27995b3-3445-4462-b292-53d229b05c4d"
          }
        ]
      }
    ]
  },
  "annotations": [
    {
      "bounding_box": {
        "h": 98.0,
        "w": 202.0,
        "x": 148.0,
        "y": 171.0
      },
      "id": "8bf27f3c-135e-4635-9f28-4c0385e59732",
      "name": "Fusilli",
      "polygon": {
        "paths": [
          [
            {
              "x": 350.0,
              "y": 180.0
            },
            {
              "x": 349.0,
              "y": 179.0
            },
            {
              "x": 341.0,
              "y": 179.0
            },
            {
              "x": 339.0,
              "y": 180.0
            },
            {
              "x": 338.0,
              "y": 179.0
            },
            {
              "x": 338.0,
              "y": 174.0
            },
            {
              "x": 334.0,
              "y": 172.0
            },
            {
              "x": 330.0,
              "y": 172.0
            },
            {
              "x": 329.0,
              "y": 171.0
            },
            {
              "x": 307.0,
              "y": 171.0
            },
            {
              "x": 303.0,
              "y": 174.0
            },
            {
              "x": 302.0,
              "y": 178.0
            },
            {
              "x": 300.0,
              "y": 180.0
            },
            {
              "x": 298.0,
              "y": 180.0
            },
            {
              "x": 297.0,
              "y": 178.0
            },
            {
              "x": 293.0,
              "y": 177.0
            },
            {
              "x": 290.0,
              "y": 175.0
            },
            {
              "x": 286.0,
              "y": 175.0
            },
            {
              "x": 284.0,
              "y": 176.0
            },
            {
              "x": 282.0,
              "y": 178.0
            },
            {
              "x": 281.0,
              "y": 186.0
            },
            {
              "x": 278.0,
              "y": 190.0
            },
            {
              "x": 271.0,
              "y": 185.0
            },
            {
              "x": 269.0,
              "y": 185.0
            },
            {
              "x": 268.0,
              "y": 184.0
            },
            {
              "x": 261.0,
              "y": 184.0
            },
            {
              "x": 256.0,
              "y": 190.0
            },
            {
              "x": 256.0,
              "y": 193.0
            },
            {
              "x": 254.0,
              "y": 195.0
            },
            {
              "x": 246.0,
              "y": 193.0
            },
            {
              "x": 243.0,
              "y": 191.0
            },
            {
              "x": 239.0,
              "y": 191.0
            },
            {
              "x": 234.0,
              "y": 195.0
            },
            {
              "x": 233.0,
              "y": 195.0
            },
            {
              "x": 233.0,
              "y": 196.0
            },
            {
              "x": 230.0,
              "y": 199.0
            },
            {
              "x": 225.0,
              "y": 199.0
            },
            {
              "x": 221.0,
              "y": 197.0
            },
            {
              "x": 214.0,
              "y": 197.0
            },
            {
              "x": 212.0,
              "y": 199.0
            },
            {
              "x": 211.0,
              "y": 199.0
            },
            {
              "x": 205.0,
              "y": 206.0
            },
            {
              "x": 201.0,
              "y": 206.0
            },
            {
              "x": 198.0,
              "y": 204.0
            },
            {
              "x": 189.0,
              "y": 204.0
            },
            {
              "x": 187.0,
              "y": 205.0
            },
            {
              "x": 180.0,
              "y": 212.0
            },
            {
              "x": 178.0,
              "y": 212.0
            },
            {
              "x": 175.0,
              "y": 210.0
            },
            {
              "x": 172.0,
              "y": 210.0
            },
            {
              "x": 171.0,
              "y": 209.0
            },
            {
              "x": 166.0,
              "y": 209.0
            },
            {
              "x": 165.0,
              "y": 210.0
            },
            {
              "x": 161.0,
              "y": 210.0
            },
            {
              "x": 159.0,
              "y": 212.0
            },
            {
              "x": 158.0,
              "y": 212.0
            },
            {
              "x": 156.0,
              "y": 215.0
            },
            {
              "x": 150.0,
              "y": 216.0
            },
            {
              "x": 148.0,
              "y": 218.0
            },
            {
              "x": 148.0,
              "y": 221.0
            },
            {
              "x": 150.0,
              "y": 223.0
            },
            {
              "x": 150.0,
              "y": 228.0
            },
            {
              "x": 149.0,
              "y": 229.0
            },
            {
              "x": 149.0,
              "y": 234.0
            },
            {
              "x": 148.0,
              "y": 235.0
            },
            {
              "x": 148.0,
              "y": 243.0
            },
            {
              "x": 149.0,
              "y": 245.0
            },
            {
              "x": 151.0,
              "y": 246.0
            },
            {
              "x": 160.0,
              "y": 247.0
            },
            {
              "x": 162.0,
              "y": 249.0
            },
            {
              "x": 161.0,
              "y": 255.0
            },
            {
              "x": 159.0,
              "y": 257.0
            },
            {
              "x": 159.0,
              "y": 259.0
            },
            {
              "x": 158.0,
              "y": 260.0
            },
            {
              "x": 160.0,
              "y": 265.0
            },
            {
              "x": 165.0,
              "y": 269.0
            },
            {
              "x": 171.0,
              "y": 269.0
            },
            {
              "x": 174.0,
              "y": 266.0
            },
            {
              "x": 175.0,
              "y": 266.0
            },
            {
              "x": 177.0,
              "y": 262.0
            },
            {
              "x": 180.0,
              "y": 259.0
            },
            {
              "x": 182.0,
              "y": 259.0
            },
            {
              "x": 189.0,
              "y": 265.0
            },
            {
              "x": 193.0,
              "y": 266.0
            },
            {
              "x": 194.0,
              "y": 265.0
            },
            {
              "x": 198.0,
              "y": 264.0
            },
            {
              "x": 198.0,
              "y": 263.0
            },
            {
              "x": 200.0,
              "y": 261.0
            },
            {
              "x": 201.0,
              "y": 261.0
            },
            {
              "x": 203.0,
              "y": 257.0
            },
            {
              "x": 207.0,
              "y": 254.0
            },
            {
              "x": 213.0,
              "y": 258.0
            },
            {
              "x": 221.0,
              "y": 258.0
            },
            {
              "x": 226.0,
              "y": 254.0
            },
            {
              "x": 226.0,
              "y": 253.0
            },
            {
              "x": 230.0,
              "y": 248.0
            },
            {
              "x": 234.0,
              "y": 248.0
            },
            {
              "x": 236.0,
              "y": 250.0
            },
            {
              "x": 238.0,
              "y": 250.0
            },
            {
              "x": 239.0,
              "y": 251.0
            },
            {
              "x": 247.0,
              "y": 251.0
            },
            {
              "x": 249.0,
              "y": 250.0
            },
            {
              "x": 255.0,
              "y": 244.0
            },
            {
              "x": 256.0,
              "y": 242.0
            },
            {
              "x": 260.0,
              "y": 242.0
            },
            {
              "x": 263.0,
              "y": 244.0
            },
            {
              "x": 271.0,
              "y": 244.0
            },
            {
              "x": 278.0,
              "y": 240.0
            },
            {
              "x": 282.0,
              "y": 236.0
            },
            {
              "x": 290.0,
              "y": 236.0
            },
            {
              "x": 291.0,
              "y": 235.0
            },
            {
              "x": 294.0,
              "y": 235.0
            },
            {
              "x": 299.0,
              "y": 231.0
            },
            {
              "x": 300.0,
              "y": 231.0
            },
            {
              "x": 303.0,
              "y": 228.0
            },
            {
              "x": 305.0,
              "y": 228.0
            },
            {
              "x": 306.0,
              "y": 227.0
            },
            {
              "x": 312.0,
              "y": 227.0
            },
            {
              "x": 314.0,
              "y": 226.0
            },
            {
              "x": 316.0,
              "y": 224.0
            },
            {
              "x": 317.0,
              "y": 224.0
            },
            {
              "x": 318.0,
              "y": 222.0
            },
            {
              "x": 324.0,
              "y": 217.0
            },
            {
              "x": 334.0,
              "y": 217.0
            },
            {
              "x": 335.0,
              "y": 216.0
            },
            {
              "x": 337.0,
              "y": 216.0
            },
            {
              "x": 338.0,
              "y": 215.0
            },
            {
              "x": 342.0,
              "y": 214.0
            },
            {
              "x": 344.0,
              "y": 212.0
            },
            {
              "x": 344.0,
              "y": 209.0
            },
            {
              "x": 342.0,
              "y": 205.0
            },
            {
              "x": 340.0,
              "y": 203.0
            },
            {
              "x": 340.0,
              "y": 199.0
            },
            {
              "x": 347.0,
              "y": 192.0
            },
            {
              "x": 350.0,
              "y": 186.0
            }
          ]
        ]
      },
      "properties": [],
      "slot_names": [
        "0"
      ]
    }
  ]
}