{
  "version": "2.0",
  "schema_ref": "https://darwin-public.s3.eu-west-1.amazonaws.com/darwin_json/2.0/schema.json",
  "item": {
    "name": "conchiglie.4qe5g6p1.ingestion-5fd995d986-9zbdz.jpg",
    "path": "/",
    "source_info": {
      "item_id": "018ea5b6-3846-37ff-930f-93c3aa98e129",
      "dataset": {
        "name": "Pasta",
        "slug": "pasta",
        "dataset_management_url": "https://darwin.v7labs.com/datasets/735230/dataset-management"
      },
      "team": {
        "name": "Salvino",
        "slug": "salvino"
      },
      "workview_url": "https://darwin.v7labs.com/workview?dataset=735230&item=018ea5b6-3846-37ff-930f-93c3aa98e129"
    },
    "slots": [
      {
        "type": "image",
        "slot_name": "0",
        "width": 512,
        "height": 512,
        "thumbnail_url": "https://darwin.v7labs.com/api/v2/teams/salvino/files/e71a9eea-dbd5-49c6-a2d8-5b23c5fbaa58/thumbnail",
        "source_files": [
          {
            "file_name": "conchiglie.4qe5g6p1.ingestion-5fd995d986-9zbdz.jpg",
            "url": "https://darwin.v7labs.com/api/v2/teams/salvino/uploads/df681f3c-14bc-42aa-a915-02bc1c9fd575"
          }
        ]
      }
    ]
  },
  "annotations": [
    {
      "bounding_box": {
        "h": 159.0,
        "w": 121.0,
        "x": 182.0,
        "y": 226.0
      },
      "id": "5774c59a-a85a-487c-b498-f715582ed139",
      "name": "Conchiglie",
      "polygon": {
        "paths": [
          [
            {
              "x": 255.0,
              "y": 226.0
            },
            {
              "x": 244.0,
              "y": 226.0
            },
            {
              "x": 243.0,
              "y": 227.0
            },
            {
              "x": 240.0,
              "y": 227.0
            },
            {
              "x": 236.0,
              "y": 229.0
            },
            {
              "x": 233.0,
              "y": 232.0
            },
            {
              "x": 232.0,
              "y": 232.0
            },
            {
              "x": 230.0,
              "y": 237.0
            },
            {
              "x": 228.0,
              "y": 239.0
            },
            {
              "x": 227.0,
              "y": 239.0
            },
            {
              "x": 224.0,
              "y": 245.0
            },
            {
              "x": 222.0,
              "y": 247.0
            },
            {
              "x": 221.0,
              "y": 247.0
            },
            {
              "x": 217.0,
              "y": 252.0
            },
            {
              "x": 212.0,
              "y": 254.0
            },
            {
              "x": 209.0,
              "y": 257.0
            },
            {
              "x": 208.0,
              "y": 257.0
            },
            {
              "x": 205.0,
              "y": 260.0
            },
            {
              "x": 204.0,
              "y": 260.0
            },
            {
              "x": 189.0,
              "y": 274.0
            },
            {
              "x": 189.0,
              "y": 277.0
            },
            {
              "x": 184.0,
              "y": 285.0
            },
            {
              "x": 184.0,
              "y": 288.0
            },
            {
              "x": 182.0,
              "y": 292.0
            },
            {
              "x": 182.0,
              "y": 307.0
            },
            {
              "x": 183.0,
              "y": 308.0
            },
            {
              "x": 183.0,
              "y": 311.0
            },
            {
              "x": 184.0,
              "y": 312.0
            },
            {
              "x": 184.0,
              "y": 317.0
            },
            {
              "x": 187.0,
              "y": 323.0
            },
            {
              "x": 187.0,
              "y": 325.0
            },
            {
              "x": 189.0,
              "y": 328.0
            },
            {
              "x": 189.0,
              "y": 330.0
            },
            {
              "x": 191.0,
              "y": 334.0
            },
            {
              "x": 194.0,
              "y": 337.0
            },
            {
              "x": 195.0,
              "y": 340.0
            },
            {
              "x": 201.0,
              "y": 348.0
            },
            {
              "x": 201.0,
              "y": 349.0
            },
            {
              "x": 203.0,
              "y": 350.0
            },
            {
              "x": 203.0,
              "y": 351.0
            },
            {
              "x": 206.0,
              "y": 354.0
            },
            {
              "x": 206.0,
              "y": 355.0
            },
            {
              "x": 211.0,
              "y": 360.0
            },
            {
              "x": 211.0,
              "y": 361.0
            },
            {
              "x": 213.0,
              "y": 362.0
            },
            {
              "x": 213.0,
              "y": 363.0
            },
            {
              "x": 216.0,
              "y": 366.0
            },
            {
              "x": 218.0,
              "y": 370.0
            },
            {
              "x": 223.0,
              "y": 375.0
            },
            {
              "x": 223.0,
              "y": 376.0
            },
            {
              "x": 227.0,
              "y": 380.0
            },
            {
              "x": 230.0,
              "y": 380.0
            },
            {
              "x": 232.0,
              "y": 378.0
            },
            {
              "x": 234.0,
              "y": 378.0
            },
            {
              "x": 237.0,
              "y": 380.0
            },
            {
              "x": 239.0,
              "y": 380.0
            },
            {
              "x": 242.0,
              "y": 384.0
            },
            {
              "x": 244.0,
              "y": 385.0
            },
            {
              "x": 248.0,
              "y": 385.0
            },
            {
              "x": 248.0,
              "y": 384.0
            },
            {
              "x": 255.0,
              "y": 377.0
            },
            {
              "x": 259.0,
              "y": 375.0
            },
            {
              "x": 265.0,
              "y": 369.0
            },
            {
              "x": 266.0,
              "y": 367.0
            },
            {
              "x": 266.0,
              "y": 363.0
            },
            {
              "x": 267.0,
              "y": 362.0
            },
            {
              "x": 267.0,
              "y": 360.0
            },
            {
              "x": 270.0,
              "y": 357.0
            },
            {
              "x": 270.0,
              "y": 355.0
            },
            {
              "x": 272.0,
              "y": 353.0
            },
            {
              "x": 272.0,
              "y": 352.0
            },
            {
              "x": 274.0,
              "y": 351.0
            },
            {
              "x": 278.0,
              "y": 346.0
            },
            {
              "x": 280.0,
              "y": 346.0
            },
            {
              "x": 283.0,
              "y": 343.0
            },
            {
              "x": 284.0,
              "y": 340.0
            },
            {
              "x": 286.0,
              "y": 339.0
            },
            {
              "x": 293.0,
              "y": 332.0
            },
            {
              "x": 294.0,
              "y": 329.0
            },
            {
              "x": 296.0,
              "y": 327.0
            },
            {
              "x": 296.0,
              "y": 325.0
            },
            {
              "x": 299.0,
              "y": 322.0
            },
            {
              "x": 299.0,
              "y": 319.0
            },
            {
              "x": 301.0,
              "y": 315.0
            },
            {
              "x": 303.0,
              "y": 293.0
            },
            {
              "x": 300.0,
              "y": 288.0
            },
            {
              "x": 299.0,
              "y": 282.0
            },
            {
              "x": 296.0,
              "y": 279.0
            },
            {
              "x": 296.0,
              "y": 277.0
            },
            {
              "x": 292.0,
              "y": 273.0
            },
            {
              "x": 292.0,
              "y": 272.0
            },
            {
              "x": 289.0,
              "y": 269.0
            },
            {
              "x": 289.0,
              "y": 268.0
            },
            {
              "x": 287.0,
              "y": 267.0
            },
            {
              "x": 287.0,
              "y": 266.0
            },
            {
              "x": 282.0,
              "y": 261.0
            },
            {
              "x": 282.0,
              "y": 260.0
            },
            {
              "x": 277.0,
              "y": 254.0
            },
            {
              "x": 276.0,
              "y": 252.0
            },
            {
              "x": 276.0,
              "y": 242.0
            },
            {
              "x": 273.0,
              "y": 238.0
            },
            {
              "x": 270.0,
              "y": 232.0
            },
            {
              "x": 267.0,
              "y": 229.0
            },
            {
              "x": 265.0,
              "y": 229.0
            },
            {
              "x": 262.0,
              "y": 227.0
            },
            {
              "x": 256.0,
              "y": 227.0
            }
          ]
        ]
      },
      "properties": [],
      "slot_names": [
        "0"
      ]
    }
  ]
}