{
  "version": "2.0",
  "schema_ref": "https://darwin-public.s3.eu-west-1.amazonaws.com/darwin_json/2.0/schema.json",
  "item": {
    "name": "conchiglie.4qe5hb4h.ingestion-5fd995d986-9zbdz.jpg",
    "path": "/",
    "source_info": {
      "item_id": "018ea5b6-3844-4445-baa7-5c18c7401cd0",
      "dataset": {
        "name": "Pasta",
        "slug": "pasta",
        "dataset_management_url": "https://darwin.v7labs.com/datasets/735230/dataset-management"
      },
      "team": {
        "name": "Salvino",
        "slug": "salvino"
      },
      "workview_url": "https://darwin.v7labs.com/workview?dataset=735230&item=018ea5b6-3844-4445-baa7-5c18c7401cd0"
    },
    "slots": [
      {
        "type": "image",
        "slot_name": "0",
        "width": 512,
        "height": 512,
        "thumbnail_url": "https://darwin.v7labs.com/api/v2/teams/salvino/files/0e1570e1-8d05-47e0-9006-9649a70737b7/thumbnail",
        "source_files": [
          {
            "file_name": "conchiglie.4qe5hb4h.ingestion-5fd995d986-9zbdz.jpg",
            "url": "https://darwin.v7labs.com/api/v2/teams/salvino/uploads/c9284c17-3d1e-46e9-9de2-628adbcf8361"
          }
        ]
      }
    ]
  },
  "annotations": [
    {
      "bounding_box": {
        "h": 146.0,
        "w": 195.0,
        "x": 118.0,
        "y": 79.0
      },
      "id": "f7a69098-8619-45a2-bd69-2c6f394881ac",
      "name": "Conchiglie",
      "polygon": {
        "paths": [
          [
            {
              "x": 203.0,
              "y": 80.0
            },
            {
              "x": 202.0,
              "y": 81.0
            },
            {
              "x": 200.0,
              "y": 81.0
            },
            {
              "x": 199.0,
              "y": 82.0
            },
            {
              "x": 197.0,
              "y": 82.0
            },
            {
              "x": 196.0,
              "y": 83.0
            },
            {
              "x": 194.0,
              "y": 83.0
            },
            {
              "x": 190.0,
              "y": 85.0
            },
            {
              "x": 189.0,
              "y": 87.0
            },
            {
              "x": 187.0,
              "y": 87.0
            },
            {
              "x": 179.0,
              "y": 94.0
            },
            {
              "x": 175.0,
              "y": 96.0
            },
            {
              "x": 175.0,
              "y": 97.0
            },
            {
              "x": 173.0,
              "y": 98.0
            },
            {
              "x": 171.0,
              "y": 102.0
            },
            {
              "x": 168.0,
              "y": 105.0
            },
            {
              "x": 164.0,
              "y": 112.0
            },
            {
              "x": 156.0,
              "y": 119.0
            },
            {
              "x": 156.0,
              "y": 120.0
            },
            {
              "x": 153.0,
              "y": 123.0
            },
            {
              "x": 151.0,
              "y": 127.0
            },
            {
              "x": 141.0,
              "y": 138.0
            },
            {
              "x": 139.0,
              "y": 138.0
            },
            {
              "x": 136.0,
              "y": 141.0
            },
            {
              "x": 132.0,
              "y": 143.0
            },
            {
              "x": 126.0,
              "y": 144.0
            },
            {
              "x": 122.0,
              "y": 148.0
            },
            {
              "x": 122.0,
              "y": 149.0
            },
            {
              "x": 120.0,
              "y": 151.0
            },
            {
              "x": 120.0,
              "y": 158.0
            },
            {
              "x": 119.0,
              "y": 159.0
            },
            {
              "x": 119.0,
              "y": 166.0
            },
            {
              "x": 118.0,
              "y": 167.0
            },
            {
              "x": 118.0,
              "y": 178.0
            },
            {
              "x": 120.0,
              "y": 182.0
            },
            {
              "x": 124.0,
              "y": 187.0
            },
            {
              "x": 127.0,
              "y": 188.0
            },
            {
              "x": 133.0,
              "y": 193.0
            },
            {
              "x": 135.0,
              "y": 193.0
            },
            {
              "x": 139.0,
              "y": 195.0
            },
            {
              "x": 141.0,
              "y": 197.0
            },
            {
              "x": 145.0,
              "y": 197.0
            },
            {
              "x": 146.0,
              "y": 196.0
            },
            {
              "x": 150.0,
              "y": 197.0
            },
            {
              "x": 151.0,
              "y": 198.0
            },
            {
              "x": 151.0,
              "y": 200.0
            },
            {
              "x": 152.0,
              "y": 201.0
            },
            {
              "x": 154.0,
              "y": 201.0
            },
            {
              "x": 155.0,
              "y": 202.0
            },
            {
              "x": 156.0,
              "y": 206.0
            },
            {
              "x": 158.0,
              "y": 207.0
            },
            {
              "x": 160.0,
              "y": 207.0
            },
            {
              "x": 162.0,
              "y": 205.0
            },
            {
              "x": 164.0,
              "y": 205.0
            },
            {
              "x": 165.0,
              "y": 204.0
            },
            {
              "x": 168.0,
              "y": 204.0
            },
            {
              "x": 169.0,
              "y": 205.0
            },
            {
              "x": 174.0,
              "y": 205.0
            },
            {
              "x": 178.0,
              "y": 209.0
            },
            {
              "x": 186.0,
              "y": 211.0
            },
            {
              "x": 189.0,
              "y": 214.0
            },
            {
              "x": 193.0,
              "y": 216.0
            },
            {
              "x": 196.0,
              "y": 216.0
            },
            {
              "x": 199.0,
              "y": 218.0
            },
            {
              "x": 201.0,
              "y": 218.0
            },
            {
              "x": 203.0,
              "y": 220.0
            },
            {
              "x": 205.0,
              "y": 220.0
            },
            {
              "x": 206.0,
              "y": 221.0
            },
            {
              "x": 209.0,
              "y": 221.0
            },
            {
              "x": 210.0,
              "y": 222.0
            },
            {
              "x": 213.0,
              "y": 222.0
            },
            {
              "x": 214.0,
              "y": 223.0
            },
            {
              "x": 226.0,
              "y": 223.0
            },
            {
              "x": 227.0,
              "y": 224.0
            },
            {
              "x": 237.0,
              "y": 224.0
            },
            {
              "x": 238.0,
              "y": 225.0
            },
            {
              "x": 240.0,
              "y": 224.0
            },
            {
              "x": 244.0,
              "y": 224.0
            },
            {
              "x": 249.0,
              "y": 221.0
            },
            {
              "x": 253.0,
              "y": 220.0
            },
            {
              "x": 253.0,
              "y": 219.0
            },
            {
              "x": 258.0,
              "y": 215.0
            },
            {
              "x": 259.0,
              "y": 215.0
            },
            {
              "x": 259.0,
              "y": 214.0
            },
            {
              "x": 261.0,
              "y": 213.0
            },
            {
              "x": 265.0,
              "y": 208.0
            },
            {
              "x": 266.0,
              "y": 208.0
            },
            {
              "x": 273.0,
              "y": 201.0
            },
            {
              "x": 274.0,
              "y": 201.0
            },
            {
              "x": 281.0,
              "y": 193.0
            },
            {
              "x": 283.0,
              "y": 193.0
            },
            {
              "x": 283.0,
              "y": 192.0
            },
            {
              "x": 285.0,
              "y": 191.0
            },
            {
              "x": 285.0,
              "y": 190.0
            },
            {
              "x": 289.0,
              "y": 186.0
            },
            {
              "x": 290.0,
              "y": 184.0
            },
            {
              "x": 295.0,
              "y": 183.0
            },
            {
              "x": 301.0,
              "y": 177.0
            },
            {
              "x": 305.0,
              "y": 175.0
            },
            {
              "x": 312.0,
              "y": 166.0
            },
            {
              "x": 312.0,
              "y": 163.0
            },
            {
              "x": 313.0,
              "y": 162.0
            },
            {
              "x": 313.0,
              "y": 151.0
            },
            {
              "x": 311.0,
              "y": 148.0
            },
            {
              "x": 311.0,
              "y": 145.0
            },
            {
              "x": 308.0,
              "y": 139.0
            },
            {
              "x": 306.0,
              "y": 137.0
            },
            {
              "x": 306.0,
              "y": 136.0
            },
            {
              "x": 302.0,
              "y": 133.0
            },
            {
              "x": 302.0,
              "y": 132.0
            },
            {
              "x": 300.0,
              "y": 132.0
            },
            {
              "x": 294.0,
              "y": 129.0
            },
            {
              "x": 293.0,
              "y": 127.0
            },
            {
              "x": 289.0,
              "y": 123.0
            },
            {
              "x": 287.0,
              "y": 123.0
            },
            {
              "x": 283.0,
              "y": 121.0
            },
            {
              "x": 276.0,
              "y": 115.0
            },
            {
              "x": 275.0,
              "y": 115.0
            },
            {
              "x": 270.0,
              "y": 109.0
            },
            {
              "x": 266.0,
              "y": 107.0
            },
            {
              "x": 265.0,
              "y": 104.0
            },
            {
              "x": 257.0,
              "y": 96.0
            },
            {
              "x": 256.0,
              "y": 96.0
            },
            {
              "x": 250.0,
              "y": 89.0
            },
            {
              "x": 246.0,
              "y": 87.0
            },
            {
              "x": 244.0,
              "y": 87.0
            },
            {
              "x": 243.0,
              "y": 85.0
            },
            {
              "x": 241.0,
              "y": 84.0
            },
            {
              "x": 239.0,
              "y": 84.0
            },
            {
              "x": 236.0,
              "y": 82.0
            },
            {
              "x": 233.0,
              "y": 82.0
            },
            {
              "x": 229.0,
              "y": 80.0
            },
            {
              "x": 221.0,
              "y": 80.0
            },
            {
              "x": 220.0,
              "y": 79.0
            },
            {
              "x": 209.0,
              "y": 79.0
            },
            {
              "x": 208.0,
              "y": 80.0
            }
          ]
        ]
      },
      "properties": [],
      "slot_names": [
        "0"
      ]
    }
  ]
}