{
  "version": "2.0",
  "schema_ref": "https://darwin-public.s3.eu-west-1.amazonaws.com/darwin_json/2.0/schema.json",
  "item": {
    "name": "conchiglie.4qe7sujm.ingestion-5fd995d986-9zbdz.jpg",
    "path": "/",
    "source_info": {
      "item_id": "018ea5b6-3849-f152-59bd-bacd1acb0509",
      "dataset": {
        "name": "Pasta",
        "slug": "pasta",
        "dataset_management_url": "https://darwin.v7labs.com/datasets/735230/dataset-management"
      },
      "team": {
        "name": "Salvino",
        "slug": "salvino"
      },
      "workview_url": "https://darwin.v7labs.com/workview?dataset=735230&item=018ea5b6-3849-f152-59bd-bacd1acb0509"
    },
    "slots": [
      {
        "type": "image",
        "slot_name": "0",
        "width": 512,
        "height": 512,
        "thumbnail_url": "https://darwin.v7labs.com/api/v2/teams/salvino/files/d59e74cb-74c8-4f51-af61-27afc62605a7/thumbnail",
        "source_files": [
          {
            "file_name": "conchiglie.4qe7sujm.ingestion-5fd995d986-9zbdz.jpg",
            "url": "https://darwin.v7labs.com/api/v2/teams/salvino/uploads/1667e51c-6e7f-4aea-88b3-fd9b2c082444"
          }
        ]
      }
    ]
  },
  "annotations": [
    {
      "bounding_box": {
        "h": 250.0,
        "w": 221.0,
        "x": 187.0,
        "y": 92.0
      },
      "id": "ce6b1214-f7b7-47b6-871e-0947d58192b2",
      "name": "Farfalle",
      "polygon": {
        "paths": [
          [
            {
              "x": 332.0,
              "y": 95.0
            },
            {
              "x": 329.0,
              "y": 95.0
            },
            {
              "x": 326.0,
              "y": 98.0
            },
            {
              "x": 325.0,
              "y": 98.0
            },
            {
              "x": 323.0,
              "y": 100.0
            },
            {
              "x": 323.0,
              "y": 101.0
            },
            {
              "x": 315.0,
              "y": 108.0
            },
            {
              "x": 313.0,
              "y": 108.0
            },
            {
              "x": 309.0,
              "y": 104.0
            },
            {
              "x": 309.0,
              "y": 103.0
            },
            {
              "x": 305.0,
              "y": 99.0
            },
            {
              "x": 303.0,
              "y": 95.0
            },
            {
              "x": 300.0,
              "y": 92.0
            },
            {
              "x": 297.0,
              "y": 92.0
            },
            {
              "x": 295.0,
              "y": 94.0
            },
            {
              "x": 293.0,
              "y": 98.0
            },
            {
              "x": 293.0,
              "y": 101.0
            },
            {
              "x": 291.0,
              "y": 103.0
            },
            {
              "x": 289.0,
              "y": 107.0
            },
            {
              "x": 286.0,
              "y": 110.0
            },
            {
              "x": 283.0,
              "y": 110.0
            },
            {
              "x": 279.0,
              "y": 108.0
            },
            {
              "x": 274.0,
              "y": 101.0
            },
            {
              "x": 272.0,
              "y": 100.0
            },
            {
              "x": 266.0,
              "y": 100.0
            },
            {
              "x": 265.0,
              "y": 101.0
            },
            {
              "x": 265.0,
              "y": 104.0
            },
            {
              "x": 264.0,
              "y": 105.0
            },
            {
              "x": 264.0,
              "y": 108.0
            },
            {
              "x": 263.0,
              "y": 109.0
            },
            {
              "x": 262.0,
              "y": 114.0
            },
            {
              "x": 259.0,
              "y": 118.0
            },
            {
              "x": 255.0,
              "y": 118.0
            },
            {
              "x": 241.0,
              "y": 110.0
            },
            {
              "x": 237.0,
              "y": 113.0
            },
            {
              "x": 237.0,
              "y": 115.0
            },
            {
              "x": 236.0,
              "y": 116.0
            },
            {
              "x": 236.0,
              "y": 125.0
            },
            {
              "x": 233.0,
              "y": 131.0
            },
            {
              "x": 227.0,
              "y": 131.0
            },
            {
              "x": 225.0,
              "y": 129.0
            },
            {
              "x": 223.0,
              "y": 129.0
            },
            {
              "x": 219.0,
              "y": 127.0
            },
            {
              "x": 214.0,
              "y": 127.0
            },
            {
              "x": 212.0,
              "y": 129.0
            },
            {
              "x": 211.0,
              "y": 129.0
            },
            {
              "x": 211.0,
              "y": 139.0
            },
            {
              "x": 212.0,
              "y": 140.0
            },
            {
              "x": 212.0,
              "y": 143.0
            },
            {
              "x": 213.0,
              "y": 144.0
            },
            {
              "x": 213.0,
              "y": 146.0
            },
            {
              "x": 211.0,
              "y": 149.0
            },
            {
              "x": 208.0,
              "y": 150.0
            },
            {
              "x": 207.0,
              "y": 149.0
            },
            {
              "x": 203.0,
              "y": 149.0
            },
            {
              "x": 202.0,
              "y": 148.0
            },
            {
              "x": 195.0,
              "y": 147.0
            },
            {
              "x": 191.0,
              "y": 149.0
            },
            {
              "x": 190.0,
              "y": 151.0
            },
            {
              "x": 188.0,
              "y": 152.0
            },
            {
              "x": 188.0,
              "y": 154.0
            },
            {
              "x": 187.0,
              "y": 155.0
            },
            {
              "x": 187.0,
              "y": 163.0
            },
            {
              "x": 188.0,
              "y": 164.0
            },
            {
              "x": 188.0,
              "y": 166.0
            },
            {
              "x": 190.0,
              "y": 167.0
            },
            {
              "x": 190.0,
              "y": 168.0
            },
            {
              "x": 194.0,
              "y": 172.0
            },
            {
              "x": 194.0,
              "y": 173.0
            },
            {
              "x": 207.0,
              "y": 186.0
            },
            {
              "x": 207.0,
              "y": 187.0
            },
            {
              "x": 219.0,
              "y": 198.0
            },
            {
              "x": 219.0,
              "y": 199.0
            },
            {
              "x": 223.0,
              "y": 201.0
            },
            {
              "x": 227.0,
              "y": 205.0
            },
            {
              "x": 241.0,
              "y": 212.0
            },
            {
              "x": 243.0,
              "y": 212.0
            },
            {
              "x": 247.0,
              "y": 214.0
            },
            {
              "x": 250.0,
              "y": 214.0
            },
            {
              "x": 251.0,
              "y": 215.0
            },
            {
              "x": 255.0,
              "y": 215.0
            },
            {
              "x": 256.0,
              "y": 216.0
            },
            {
              "x": 263.0,
              "y": 216.0
            },
            {
              "x": 265.0,
              "y": 217.0
            },
            {
              "x": 266.0,
              "y": 218.0
            },
            {
              "x": 267.0,
              "y": 224.0
            },
            {
              "x": 268.0,
              "y": 225.0
            },
            {
              "x": 268.0,
              "y": 229.0
            },
            {
              "x": 269.0,
              "y": 230.0
            },
            {
              "x": 268.0,
              "y": 232.0
            },
            {
              "x": 264.0,
              "y": 236.0
            },
            {
              "x": 256.0,
              "y": 240.0
            },
            {
              "x": 249.0,
              "y": 247.0
            },
            {
              "x": 249.0,
              "y": 248.0
            },
            {
              "x": 246.0,
              "y": 251.0
            },
            {
              "x": 245.0,
              "y": 251.0
            },
            {
              "x": 238.0,
              "y": 264.0
            },
            {
              "x": 238.0,
              "y": 266.0
            },
            {
              "x": 236.0,
              "y": 270.0
            },
            {
              "x": 234.0,
              "y": 272.0
            },
            {
              "x": 234.0,
              "y": 274.0
            },
            {
              "x": 232.0,
              "y": 278.0
            },
            {
              "x": 232.0,
              "y": 281.0
            },
            {
              "x": 230.0,
              "y": 284.0
            },
            {
              "x": 230.0,
              "y": 286.0
            },
            {
              "x": 228.0,
              "y": 290.0
            },
            {
              "x": 228.0,
              "y": 294.0
            },
            {
              "x": 226.0,
              "y": 298.0
            },
            {
              "x": 226.0,
              "y": 303.0
            },
            {
              "x": 225.0,
              "y": 304.0
            },
            {
              "x": 224.0,
              "y": 310.0
            },
            {
              "x": 223.0,
              "y": 311.0
            },
            {
              "x": 223.0,
              "y": 317.0
            },
            {
              "x": 225.0,
              "y": 321.0
            },
            {
              "x": 228.0,
              "y": 324.0
            },
            {
              "x": 228.0,
              "y": 325.0
            },
            {
              "x": 232.0,
              "y": 326.0
            },
            {
              "x": 233.0,
              "y": 327.0
            },
            {
              "x": 236.0,
              "y": 327.0
            },
            {
              "x": 245.0,
              "y": 320.0
            },
            {
              "x": 250.0,
              "y": 319.0
            },
            {
              "x": 253.0,
              "y": 325.0
            },
            {
              "x": 253.0,
              "y": 330.0
            },
            {
              "x": 255.0,
              "y": 334.0
            },
            {
              "x": 258.0,
              "y": 337.0
            },
            {
              "x": 262.0,
              "y": 337.0
            },
            {
              "x": 262.0,
              "y": 336.0
            },
            {
              "x": 264.0,
              "y": 335.0
            },
            {
              "x": 264.0,
              "y": 334.0
            },
            {
              "x": 268.0,
              "y": 330.0
            },
            {
              "x": 271.0,
              "y": 329.0
            },
            {
              "x": 273.0,
              "y": 327.0
            },
            {
              "x": 276.0,
              "y": 327.0
            },
            {
              "x": 278.0,
              "y": 329.0
            },
            {
              "x": 280.0,
              "y": 333.0
            },
            {
              "x": 283.0,
              "y": 336.0
            },
            {
              "x": 284.0,
              "y": 339.0
            },
            {
              "x": 287.0,
              "y": 342.0
            },
            {
              "x": 290.0,
              "y": 342.0
            },
            {
              "x": 292.0,
              "y": 341.0
            },
            {
              "x": 296.0,
              "y": 337.0
            },
            {
              "x": 297.0,
              "y": 334.0
            },
            {
              "x": 302.0,
              "y": 328.0
            },
            {
              "x": 305.0,
              "y": 328.0
            },
            {
              "x": 312.0,
              "y": 335.0
            },
            {
              "x": 313.0,
              "y": 335.0
            },
            {
              "x": 314.0,
              "y": 337.0
            },
            {
              "x": 316.0,
              "y": 338.0
            },
            {
              "x": 322.0,
              "y": 338.0
            },
            {
              "x": 324.0,
              "y": 336.0
            },
            {
              "x": 324.0,
              "y": 334.0
            },
            {
              "x": 326.0,
              "y": 332.0
            },
            {
              "x": 327.0,
              "y": 328.0
            },
            {
              "x": 331.0,
              "y": 323.0
            },
            {
              "x": 333.0,
              "y": 323.0
            },
            {
              "x": 336.0,
              "y": 326.0
            },
            {
              "x": 339.0,
              "y": 327.0
            },
            {
              "x": 344.0,
              "y": 332.0
            },
            {
              "x": 346.0,
              "y": 333.0
            },
            {
              "x": 350.0,
              "y": 333.0
            },
            {
              "x": 352.0,
              "y": 331.0
            },
            {
              "x": 352.0,
              "y": 329.0
            },
            {
              "x": 353.0,
              "y": 328.0
            },
            {
              "x": 353.0,
              "y": 324.0
            },
            {
              "x": 354.0,
              "y": 323.0
            },
            {
              "x": 355.0,
              "y": 318.0
            },
            {
              "x": 358.0,
              "y": 314.0
            },
            {
              "x": 363.0,
              "y": 314.0
            },
            {
              "x": 364.0,
              "y": 315.0
            },
            {
              "x": 366.0,
              "y": 315.0
            },
            {
              "x": 372.0,
              "y": 318.0
            },
            {
              "x": 378.0,
              "y": 318.0
            },
            {
              "x": 379.0,
              "y": 317.0
            },
            {
              "x": 379.0,
              "y": 306.0
            },
            {
              "x": 380.0,
              "y": 305.0
            },
            {
              "x": 380.0,
              "y": 299.0
            },
            {
              "x": 382.0,
              "y": 297.0
            },
            {
              "x": 385.0,
              "y": 297.0
            },
            {
              "x": 395.0,
              "y": 302.0
            },
            {
              "x": 399.0,
              "y": 302.0
            },
            {
              "x": 401.0,
              "y": 300.0
            },
            {
              "x": 402.0,
              "y": 300.0
            },
            {
              "x": 403.0,
              "y": 298.0
            },
            {
              "x": 408.0,
              "y": 293.0
            },
            {
              "x": 408.0,
              "y": 287.0
            },
            {
              "x": 404.0,
              "y": 282.0
            },
            {
              "x": 402.0,
              "y": 277.0
            },
            {
              "x": 397.0,
              "y": 272.0
            },
            {
              "x": 395.0,
              "y": 267.0
            },
            {
              "x": 394.0,
              "y": 267.0
            },
            {
              "x": 392.0,
              "y": 265.0
            },
            {
              "x": 391.0,
              "y": 262.0
            },
            {
              "x": 388.0,
              "y": 259.0
            },
            {
              "x": 385.0,
              "y": 253.0
            },
            {
              "x": 371.0,
              "y": 238.0
            },
            {
              "x": 370.0,
              "y": 238.0
            },
            {
              "x": 367.0,
              "y": 235.0
            },
            {
              "x": 364.0,
              "y": 234.0
            },
            {
              "x": 363.0,
              "y": 232.0
            },
            {
              "x": 358.0,
              "y": 230.0
            },
            {
              "x": 356.0,
              "y": 228.0
            },
            {
              "x": 354.0,
              "y": 228.0
            },
            {
              "x": 346.0,
              "y": 224.0
            },
            {
              "x": 343.0,
              "y": 224.0
            },
            {
              "x": 342.0,
              "y": 223.0
            },
            {
              "x": 337.0,
              "y": 223.0
            },
            {
              "x": 333.0,
              "y": 221.0
            },
            {
              "x": 330.0,
              "y": 221.0
            },
            {
              "x": 326.0,
              "y": 218.0
            },
            {
              "x": 323.0,
              "y": 217.0
            },
            {
              "x": 321.0,
              "y": 214.0
            },
            {
              "x": 321.0,
              "y": 207.0
            },
            {
              "x": 322.0,
              "y": 205.0
            },
            {
              "x": 327.0,
              "y": 200.0
            },
            {
              "x": 328.0,
              "y": 200.0
            },
            {
              "x": 337.0,
              "y": 192.0
            },
            {
              "x": 341.0,
              "y": 190.0
            },
            {
              "x": 343.0,
              "y": 186.0
            },
            {
              "x": 350.0,
              "y": 178.0
            },
            {
              "x": 356.0,
              "y": 166.0
            },
            {
              "x": 356.0,
              "y": 164.0
            },
            {
              "x": 359.0,
              "y": 159.0
            },
            {
              "x": 359.0,
              "y": 156.0
            },
            {
              "x": 361.0,
              "y": 154.0
            },
            {
              "x": 361.0,
              "y": 151.0
            },
            {
              "x": 363.0,
              "y": 147.0
            },
            {
              "x": 363.0,
              "y": 144.0
            },
            {
              "x": 364.0,
              "y": 143.0
            },
            {
              "x": 365.0,
              "y": 136.0
            },
            {
              "x": 366.0,
              "y": 135.0
            },
            {
              "x": 366.0,
              "y": 133.0
            },
            {
              "x": 367.0,
              "y": 132.0
            },
            {
              "x": 367.0,
              "y": 130.0
            },
            {
              "x": 368.0,
              "y": 129.0
            },
            {
              "x": 368.0,
              "y": 127.0
            },
            {
              "x": 370.0,
              "y": 124.0
            },
            {
              "x": 370.0,
              "y": 121.0
            },
            {
              "x": 371.0,
              "y": 120.0
            },
            {
              "x": 371.0,
              "y": 113.0
            },
            {
              "x": 370.0,
              "y": 112.0
            },
            {
              "x": 370.0,
              "y": 109.0
            },
            {
              "x": 367.0,
              "y": 105.0
            },
            {
              "x": 363.0,
              "y": 103.0
            },
            {
              "x": 356.0,
              "y": 103.0
            },
            {
              "x": 354.0,
              "y": 105.0
            },
            {
              "x": 353.0,
              "y": 105.0
            },
            {
              "x": 349.0,
              "y": 110.0
            },
            {
              "x": 348.0,
              "y": 110.0
            },
            {
              "x": 344.0,
              "y": 113.0
            },
            {
              "x": 342.0,
              "y": 113.0
            },
            {
              "x": 339.0,
              "y": 109.0
            },
            {
              "x": 338.0,
              "y": 104.0
            },
            {
              "x": 336.0,
              "y": 102.0
            },
            {
              "x": 335.0,
              "y": 98.0
            }
          ]
        ]
      },
      "properties": [],
      "slot_names": [
        "0"
      ]
    }
  ]
}