{
  "version": "2.0",
  "schema_ref": "https://darwin-public.s3.eu-west-1.amazonaws.com/darwin_json/2.0/schema.json",
  "item": {
    "name": "conchiglie.4qe8aal5.ingestion-5fd995d986-l5rgx.jpg",
    "path": "/",
    "source_info": {
      "item_id": "018ea5b6-3844-41c2-c3de-a79641f5f310",
      "dataset": {
        "name": "Pasta",
        "slug": "pasta",
        "dataset_management_url": "https://darwin.v7labs.com/datasets/735230/dataset-management"
      },
      "team": {
        "name": "Salvino",
        "slug": "salvino"
      },
      "workview_url": "https://darwin.v7labs.com/workview?dataset=735230&item=018ea5b6-3844-41c2-c3de-a79641f5f310"
    },
    "slots": [
      {
        "type": "image",
        "slot_name": "0",
        "width": 512,
        "height": 512,
        "thumbnail_url": "https://darwin.v7labs.com/api/v2/teams/salvino/files/41aeea90-c3fe-47d8-9b81-5c718b9e16d5/thumbnail",
        "source_files": [
          {
            "file_name": "conchiglie.4qe8aal5.ingestion-5fd995d986-l5rgx.jpg",
            "url": "https://darwin.v7labs.com/api/v2/teams/salvino/uploads/52583c0a-1e2e-487d-aebe-f5457e3592ba"
          }
        ]
      }
    ]
  },
  "annotations": [
    {
      "bounding_box": {
        "h": 140.0,
        "w": 204.0,
        "x": 138.0,
        "y": 224.0
      },
      "id": "8d577a56-9ed0-4d2b-99eb-3f547f661eac",
      "name": "Fusilli",
      "polygon": {
        "paths": [
          [
            {
              "x": 151.0,
              "y": 227.0
            },
            {
              "x": 151.0,
              "y": 229.0
            },
            {
              "x": 152.0,
              "y": 230.0
            },
            {
              "x": 152.0,
              "y": 237.0
            },
            {
              "x": 153.0,
              "y": 238.0
            },
            {
              "x": 153.0,
              "y": 243.0
            },
            {
              "x": 149.0,
              "y": 247.0
            },
            {
              "x": 144.0,
              "y": 249.0
            },
            {
              "x": 139.0,
              "y": 254.0
            },
            {
              "x": 138.0,
              "y": 256.0
            },
            {
              "x": 138.0,
              "y": 262.0
            },
            {
              "x": 141.0,
              "y": 265.0
            },
            {
              "x": 142.0,
              "y": 265.0
            },
            {
              "x": 148.0,
              "y": 272.0
            },
            {
              "x": 148.0,
              "y": 273.0
            },
            {
              "x": 150.0,
              "y": 274.0
            },
            {
              "x": 153.0,
              "y": 280.0
            },
            {
              "x": 156.0,
              "y": 283.0
            },
            {
              "x": 158.0,
              "y": 287.0
            },
            {
              "x": 162.0,
              "y": 291.0
            },
            {
              "x": 173.0,
              "y": 291.0
            },
            {
              "x": 175.0,
              "y": 293.0
            },
            {
              "x": 176.0,
              "y": 298.0
            },
            {
              "x": 178.0,
              "y": 302.0
            },
            {
              "x": 180.0,
              "y": 304.0
            },
            {
              "x": 182.0,
              "y": 305.0
            },
            {
              "x": 194.0,
              "y": 304.0
            },
            {
              "x": 196.0,
              "y": 306.0
            },
            {
              "x": 196.0,
              "y": 309.0
            },
            {
              "x": 200.0,
              "y": 316.0
            },
            {
              "x": 204.0,
              "y": 318.0
            },
            {
              "x": 211.0,
              "y": 318.0
            },
            {
              "x": 212.0,
              "y": 317.0
            },
            {
              "x": 214.0,
              "y": 317.0
            },
            {
              "x": 218.0,
              "y": 315.0
            },
            {
              "x": 220.0,
              "y": 317.0
            },
            {
              "x": 223.0,
              "y": 325.0
            },
            {
              "x": 226.0,
              "y": 328.0
            },
            {
              "x": 226.0,
              "y": 329.0
            },
            {
              "x": 228.0,
              "y": 330.0
            },
            {
              "x": 234.0,
              "y": 331.0
            },
            {
              "x": 235.0,
              "y": 330.0
            },
            {
              "x": 237.0,
              "y": 330.0
            },
            {
              "x": 240.0,
              "y": 328.0
            },
            {
              "x": 244.0,
              "y": 327.0
            },
            {
              "x": 246.0,
              "y": 329.0
            },
            {
              "x": 246.0,
              "y": 331.0
            },
            {
              "x": 248.0,
              "y": 333.0
            },
            {
              "x": 248.0,
              "y": 335.0
            },
            {
              "x": 252.0,
              "y": 340.0
            },
            {
              "x": 256.0,
              "y": 342.0
            },
            {
              "x": 263.0,
              "y": 342.0
            },
            {
              "x": 264.0,
              "y": 341.0
            },
            {
              "x": 267.0,
              "y": 341.0
            },
            {
              "x": 268.0,
              "y": 340.0
            },
            {
              "x": 271.0,
              "y": 343.0
            },
            {
              "x": 273.0,
              "y": 347.0
            },
            {
              "x": 279.0,
              "y": 353.0
            },
            {
              "x": 286.0,
              "y": 354.0
            },
            {
              "x": 287.0,
              "y": 353.0
            },
            {
              "x": 292.0,
              "y": 353.0
            },
            {
              "x": 294.0,
              "y": 352.0
            },
            {
              "x": 297.0,
              "y": 354.0
            },
            {
              "x": 297.0,
              "y": 356.0
            },
            {
              "x": 301.0,
              "y": 360.0
            },
            {
              "x": 301.0,
              "y": 361.0
            },
            {
              "x": 305.0,
              "y": 363.0
            },
            {
              "x": 307.0,
              "y": 363.0
            },
            {
              "x": 308.0,
              "y": 364.0
            },
            {
              "x": 314.0,
              "y": 363.0
            },
            {
              "x": 315.0,
              "y": 362.0
            },
            {
              "x": 319.0,
              "y": 362.0
            },
            {
              "x": 326.0,
              "y": 357.0
            },
            {
              "x": 327.0,
              "y": 357.0
            },
            {
              "x": 330.0,
              "y": 354.0
            },
            {
              "x": 331.0,
              "y": 354.0
            },
            {
              "x": 336.0,
              "y": 349.0
            },
            {
              "x": 337.0,
              "y": 345.0
            },
            {
              "x": 335.0,
              "y": 341.0
            },
            {
              "x": 331.0,
              "y": 337.0
            },
            {
              "x": 330.0,
              "y": 335.0
            },
            {
              "x": 330.0,
              "y": 330.0
            },
            {
              "x": 331.0,
              "y": 329.0
            },
            {
              "x": 331.0,
              "y": 326.0
            },
            {
              "x": 332.0,
              "y": 324.0
            },
            {
              "x": 342.0,
              "y": 316.0
            },
            {
              "x": 342.0,
              "y": 312.0
            },
            {
              "x": 339.0,
              "y": 309.0
            },
            {
              "x": 332.0,
              "y": 309.0
            },
            {
              "x": 331.0,
              "y": 310.0
            },
            {
              "x": 323.0,
              "y": 311.0
            },
            {
              "x": 322.0,
              "y": 310.0
            },
            {
              "x": 321.0,
              "y": 305.0
            },
            {
              "x": 318.0,
              "y": 301.0
            },
            {
              "x": 318.0,
              "y": 300.0
            },
            {
              "x": 316.0,
              "y": 299.0
            },
            {
              "x": 313.0,
              "y": 299.0
            },
            {
              "x": 312.0,
              "y": 298.0
            },
            {
              "x": 308.0,
              "y": 298.0
            },
            {
              "x": 303.0,
              "y": 301.0
            },
            {
              "x": 299.0,
              "y": 301.0
            },
            {
              "x": 297.0,
              "y": 298.0
            },
            {
              "x": 297.0,
              "y": 296.0
            },
            {
              "x": 295.0,
              "y": 292.0
            },
            {
              "x": 292.0,
              "y": 289.0
            },
            {
              "x": 290.0,
              "y": 288.0
            },
            {
              "x": 280.0,
              "y": 288.0
            },
            {
              "x": 279.0,
              "y": 289.0
            },
            {
              "x": 275.0,
              "y": 289.0
            },
            {
              "x": 273.0,
              "y": 287.0
            },
            {
              "x": 270.0,
              "y": 279.0
            },
            {
              "x": 266.0,
              "y": 278.0
            },
            {
              "x": 265.0,
              "y": 277.0
            },
            {
              "x": 253.0,
              "y": 277.0
            },
            {
              "x": 247.0,
              "y": 271.0
            },
            {
              "x": 247.0,
              "y": 270.0
            },
            {
              "x": 241.0,
              "y": 267.0
            },
            {
              "x": 233.0,
              "y": 267.0
            },
            {
              "x": 232.0,
              "y": 266.0
            },
            {
              "x": 230.0,
              "y": 266.0
            },
            {
              "x": 223.0,
              "y": 257.0
            },
            {
              "x": 221.0,
              "y": 256.0
            },
            {
              "x": 218.0,
              "y": 256.0
            },
            {
              "x": 217.0,
              "y": 255.0
            },
            {
              "x": 210.0,
              "y": 255.0
            },
            {
              "x": 208.0,
              "y": 253.0
            },
            {
              "x": 206.0,
              "y": 248.0
            },
            {
              "x": 202.0,
              "y": 244.0
            },
            {
              "x": 198.0,
              "y": 243.0
            },
            {
              "x": 197.0,
              "y": 242.0
            },
            {
              "x": 194.0,
              "y": 242.0
            },
            {
              "x": 193.0,
              "y": 243.0
            },
            {
              "x": 187.0,
              "y": 243.0
            },
            {
              "x": 185.0,
              "y": 242.0
            },
            {
              "x": 181.0,
              "y": 238.0
            },
            {
              "x": 181.0,
              "y": 237.0
            },
            {
              "x": 177.0,
              "y": 234.0
            },
            {
              "x": 177.0,
              "y": 233.0
            },
            {
              "x": 174.0,
              "y": 232.0
            },
            {
              "x": 169.0,
              "y": 228.0
            },
            {
              "x": 165.0,
              "y": 226.0
            },
            {
              "x": 163.0,
              "y": 226.0
            },
            {
              "x": 160.0,
              "y": 224.0
            },
            {
              "x": 154.0,
              "y": 224.0
            }
          ]
        ]
      },
      "properties": [],
      "slot_names": [
        "0"
      ]
    }
  ]
}