{
  "version": "2.0",
  "schema_ref": "https://darwin-public.s3.eu-west-1.amazonaws.com/darwin_json/2.0/schema.json",
  "item": {
    "name": "conchiglie.4qe7s7f3.ingestion-5fd995d986-9zbdz.jpg",
    "path": "/",
    "source_info": {
      "item_id": "018ea5b6-3849-ca09-6948-88c330337ba6",
      "dataset": {
        "name": "Pasta",
        "slug": "pasta",
        "dataset_management_url": "https://darwin.v7labs.com/datasets/735230/dataset-management"
      },
      "team": {
        "name": "Salvino",
        "slug": "salvino"
      },
      "workview_url": "https://darwin.v7labs.com/workview?dataset=735230&item=018ea5b6-3849-ca09-6948-88c330337ba6"
    },
    "slots": [
      {
        "type": "image",
        "slot_name": "0",
        "width": 512,
        "height": 512,
        "thumbnail_url": "https://darwin.v7labs.com/api/v2/teams/salvino/files/f87a4dc1-bfae-48bd-868b-059c557cddc1/thumbnail",
        "source_files": [
          {
            "file_name": "conchiglie.4qe7s7f3.ingestion-5fd995d986-9zbdz.jpg",
            "url": "https://darwin.v7labs.com/api/v2/teams/salvino/uploads/81458b2d-8e82-4e4b-9770-d1dfb39615bd"
          }
        ]
      }
    ]
  },
  "annotations": [
    {
      "bounding_box": {
        "h": 202.0,
        "w": 189.0,
        "x": 184.0,
        "y": 138.0
      },
      "id": "65ccde4a-e3d9-4f50-a503-8172f7e37351",
      "name": "Farfalle",
      "polygon": {
        "paths": [
          [
            {
              "x": 324.0,
              "y": 149.0
            },
            {
              "x": 321.0,
              "y": 149.0
            },
            {
              "x": 319.0,
              "y": 148.0
            },
            {
              "x": 317.0,
              "y": 149.0
            },
            {
              "x": 314.0,
              "y": 153.0
            },
            {
              "x": 310.0,
              "y": 153.0
            },
            {
              "x": 308.0,
              "y": 151.0
            },
            {
              "x": 305.0,
              "y": 144.0
            },
            {
              "x": 301.0,
              "y": 141.0
            },
            {
              "x": 295.0,
              "y": 144.0
            },
            {
              "x": 295.0,
              "y": 145.0
            },
            {
              "x": 293.0,
              "y": 147.0
            },
            {
              "x": 291.0,
              "y": 148.0
            },
            {
              "x": 287.0,
              "y": 148.0
            },
            {
              "x": 280.0,
              "y": 140.0
            },
            {
              "x": 280.0,
              "y": 139.0
            },
            {
              "x": 278.0,
              "y": 139.0
            },
            {
              "x": 277.0,
              "y": 138.0
            },
            {
              "x": 274.0,
              "y": 139.0
            },
            {
              "x": 272.0,
              "y": 145.0
            },
            {
              "x": 268.0,
              "y": 149.0
            },
            {
              "x": 264.0,
              "y": 149.0
            },
            {
              "x": 258.0,
              "y": 144.0
            },
            {
              "x": 254.0,
              "y": 142.0
            },
            {
              "x": 251.0,
              "y": 142.0
            },
            {
              "x": 248.0,
              "y": 146.0
            },
            {
              "x": 248.0,
              "y": 150.0
            },
            {
              "x": 247.0,
              "y": 152.0
            },
            {
              "x": 244.0,
              "y": 155.0
            },
            {
              "x": 243.0,
              "y": 155.0
            },
            {
              "x": 241.0,
              "y": 153.0
            },
            {
              "x": 239.0,
              "y": 153.0
            },
            {
              "x": 232.0,
              "y": 147.0
            },
            {
              "x": 228.0,
              "y": 146.0
            },
            {
              "x": 227.0,
              "y": 147.0
            },
            {
              "x": 227.0,
              "y": 150.0
            },
            {
              "x": 226.0,
              "y": 151.0
            },
            {
              "x": 226.0,
              "y": 160.0
            },
            {
              "x": 223.0,
              "y": 163.0
            },
            {
              "x": 221.0,
              "y": 163.0
            },
            {
              "x": 220.0,
              "y": 162.0
            },
            {
              "x": 216.0,
              "y": 162.0
            },
            {
              "x": 213.0,
              "y": 160.0
            },
            {
              "x": 207.0,
              "y": 160.0
            },
            {
              "x": 206.0,
              "y": 161.0
            },
            {
              "x": 206.0,
              "y": 173.0
            },
            {
              "x": 207.0,
              "y": 174.0
            },
            {
              "x": 205.0,
              "y": 177.0
            },
            {
              "x": 203.0,
              "y": 176.0
            },
            {
              "x": 199.0,
              "y": 176.0
            },
            {
              "x": 198.0,
              "y": 175.0
            },
            {
              "x": 189.0,
              "y": 175.0
            },
            {
              "x": 185.0,
              "y": 179.0
            },
            {
              "x": 184.0,
              "y": 181.0
            },
            {
              "x": 184.0,
              "y": 188.0
            },
            {
              "x": 185.0,
              "y": 190.0
            },
            {
              "x": 189.0,
              "y": 194.0
            },
            {
              "x": 189.0,
              "y": 195.0
            },
            {
              "x": 192.0,
              "y": 197.0
            },
            {
              "x": 192.0,
              "y": 198.0
            },
            {
              "x": 195.0,
              "y": 201.0
            },
            {
              "x": 197.0,
              "y": 205.0
            },
            {
              "x": 201.0,
              "y": 209.0
            },
            {
              "x": 202.0,
              "y": 209.0
            },
            {
              "x": 209.0,
              "y": 217.0
            },
            {
              "x": 210.0,
              "y": 217.0
            },
            {
              "x": 218.0,
              "y": 225.0
            },
            {
              "x": 219.0,
              "y": 225.0
            },
            {
              "x": 220.0,
              "y": 227.0
            },
            {
              "x": 221.0,
              "y": 227.0
            },
            {
              "x": 224.0,
              "y": 230.0
            },
            {
              "x": 229.0,
              "y": 232.0
            },
            {
              "x": 231.0,
              "y": 234.0
            },
            {
              "x": 235.0,
              "y": 235.0
            },
            {
              "x": 236.0,
              "y": 236.0
            },
            {
              "x": 239.0,
              "y": 236.0
            },
            {
              "x": 243.0,
              "y": 238.0
            },
            {
              "x": 246.0,
              "y": 238.0
            },
            {
              "x": 247.0,
              "y": 239.0
            },
            {
              "x": 250.0,
              "y": 239.0
            },
            {
              "x": 252.0,
              "y": 240.0
            },
            {
              "x": 255.0,
              "y": 243.0
            },
            {
              "x": 255.0,
              "y": 245.0
            },
            {
              "x": 258.0,
              "y": 251.0
            },
            {
              "x": 253.0,
              "y": 256.0
            },
            {
              "x": 252.0,
              "y": 256.0
            },
            {
              "x": 246.0,
              "y": 261.0
            },
            {
              "x": 234.0,
              "y": 285.0
            },
            {
              "x": 234.0,
              "y": 288.0
            },
            {
              "x": 233.0,
              "y": 289.0
            },
            {
              "x": 233.0,
              "y": 294.0
            },
            {
              "x": 232.0,
              "y": 295.0
            },
            {
              "x": 232.0,
              "y": 298.0
            },
            {
              "x": 231.0,
              "y": 299.0
            },
            {
              "x": 231.0,
              "y": 304.0
            },
            {
              "x": 229.0,
              "y": 308.0
            },
            {
              "x": 229.0,
              "y": 312.0
            },
            {
              "x": 227.0,
              "y": 314.0
            },
            {
              "x": 228.0,
              "y": 315.0
            },
            {
              "x": 228.0,
              "y": 328.0
            },
            {
              "x": 229.0,
              "y": 329.0
            },
            {
              "x": 229.0,
              "y": 334.0
            },
            {
              "x": 228.0,
              "y": 335.0
            },
            {
              "x": 232.0,
              "y": 337.0
            },
            {
              "x": 234.0,
              "y": 337.0
            },
            {
              "x": 235.0,
              "y": 336.0
            },
            {
              "x": 241.0,
              "y": 336.0
            },
            {
              "x": 252.0,
              "y": 324.0
            },
            {
              "x": 253.0,
              "y": 324.0
            },
            {
              "x": 255.0,
              "y": 326.0
            },
            {
              "x": 256.0,
              "y": 330.0
            },
            {
              "x": 257.0,
              "y": 331.0
            },
            {
              "x": 257.0,
              "y": 333.0
            },
            {
              "x": 253.0,
              "y": 336.0
            },
            {
              "x": 253.0,
              "y": 338.0
            },
            {
              "x": 255.0,
              "y": 340.0
            },
            {
              "x": 258.0,
              "y": 340.0
            },
            {
              "x": 259.0,
              "y": 339.0
            },
            {
              "x": 263.0,
              "y": 339.0
            },
            {
              "x": 265.0,
              "y": 338.0
            },
            {
              "x": 273.0,
              "y": 328.0
            },
            {
              "x": 278.0,
              "y": 328.0
            },
            {
              "x": 281.0,
              "y": 331.0
            },
            {
              "x": 281.0,
              "y": 333.0
            },
            {
              "x": 282.0,
              "y": 334.0
            },
            {
              "x": 282.0,
              "y": 336.0
            },
            {
              "x": 280.0,
              "y": 338.0
            },
            {
              "x": 281.0,
              "y": 340.0
            },
            {
              "x": 286.0,
              "y": 340.0
            },
            {
              "x": 287.0,
              "y": 339.0
            },
            {
              "x": 289.0,
              "y": 339.0
            },
            {
              "x": 294.0,
              "y": 333.0
            },
            {
              "x": 294.0,
              "y": 330.0
            },
            {
              "x": 296.0,
              "y": 326.0
            },
            {
              "x": 298.0,
              "y": 324.0
            },
            {
              "x": 301.0,
              "y": 325.0
            },
            {
              "x": 307.0,
              "y": 331.0
            },
            {
              "x": 312.0,
              "y": 331.0
            },
            {
              "x": 314.0,
              "y": 330.0
            },
            {
              "x": 315.0,
              "y": 324.0
            },
            {
              "x": 316.0,
              "y": 323.0
            },
            {
              "x": 316.0,
              "y": 320.0
            },
            {
              "x": 319.0,
              "y": 316.0
            },
            {
              "x": 322.0,
              "y": 316.0
            },
            {
              "x": 330.0,
              "y": 321.0
            },
            {
              "x": 333.0,
              "y": 321.0
            },
            {
              "x": 335.0,
              "y": 320.0
            },
            {
              "x": 336.0,
              "y": 316.0
            },
            {
              "x": 337.0,
              "y": 315.0
            },
            {
              "x": 337.0,
              "y": 305.0
            },
            {
              "x": 339.0,
              "y": 303.0
            },
            {
              "x": 341.0,
              "y": 304.0
            },
            {
              "x": 344.0,
              "y": 304.0
            },
            {
              "x": 347.0,
              "y": 306.0
            },
            {
              "x": 353.0,
              "y": 306.0
            },
            {
              "x": 355.0,
              "y": 303.0
            },
            {
              "x": 355.0,
              "y": 298.0
            },
            {
              "x": 354.0,
              "y": 297.0
            },
            {
              "x": 354.0,
              "y": 290.0
            },
            {
              "x": 356.0,
              "y": 288.0
            },
            {
              "x": 359.0,
              "y": 288.0
            },
            {
              "x": 360.0,
              "y": 289.0
            },
            {
              "x": 367.0,
              "y": 289.0
            },
            {
              "x": 372.0,
              "y": 284.0
            },
            {
              "x": 373.0,
              "y": 280.0
            },
            {
              "x": 369.0,
              "y": 272.0
            },
            {
              "x": 368.0,
              "y": 272.0
            },
            {
              "x": 367.0,
              "y": 270.0
            },
            {
              "x": 359.0,
              "y": 262.0
            },
            {
              "x": 356.0,
              "y": 261.0
            },
            {
              "x": 355.0,
              "y": 259.0
            },
            {
              "x": 354.0,
              "y": 259.0
            },
            {
              "x": 346.0,
              "y": 251.0
            },
            {
              "x": 341.0,
              "y": 249.0
            },
            {
              "x": 337.0,
              "y": 245.0
            },
            {
              "x": 335.0,
              "y": 245.0
            },
            {
              "x": 327.0,
              "y": 241.0
            },
            {
              "x": 323.0,
              "y": 241.0
            },
            {
              "x": 322.0,
              "y": 240.0
            },
            {
              "x": 318.0,
              "y": 240.0
            },
            {
              "x": 317.0,
              "y": 239.0
            },
            {
              "x": 309.0,
              "y": 239.0
            },
            {
              "x": 308.0,
              "y": 238.0
            },
            {
              "x": 306.0,
              "y": 238.0
            },
            {
              "x": 301.0,
              "y": 233.0
            },
            {
              "x": 299.0,
              "y": 232.0
            },
            {
              "x": 299.0,
              "y": 227.0
            },
            {
              "x": 300.0,
              "y": 225.0
            },
            {
              "x": 303.0,
              "y": 222.0
            },
            {
              "x": 310.0,
              "y": 218.0
            },
            {
              "x": 311.0,
              "y": 215.0
            },
            {
              "x": 315.0,
              "y": 212.0
            },
            {
              "x": 316.0,
              "y": 208.0
            },
            {
              "x": 319.0,
              "y": 204.0
            },
            {
              "x": 320.0,
              "y": 199.0
            },
            {
              "x": 322.0,
              "y": 197.0
            },
            {
              "x": 323.0,
              "y": 193.0
            },
            {
              "x": 324.0,
              "y": 192.0
            },
            {
              "x": 325.0,
              "y": 184.0
            },
            {
              "x": 327.0,
              "y": 181.0
            },
            {
              "x": 327.0,
              "y": 175.0
            },
            {
              "x": 328.0,
              "y": 174.0
            },
            {
              "x": 328.0,
              "y": 171.0
            },
            {
              "x": 329.0,
              "y": 170.0
            },
            {
              "x": 329.0,
              "y": 162.0
            },
            {
              "x": 330.0,
              "y": 161.0
            },
            {
              "x": 329.0,
              "y": 159.0
            },
            {
              "x": 329.0,
              "y": 153.0
            },
            {
              "x": 326.0,
              "y": 150.0
            },
            {
              "x": 325.0,
              "y": 150.0
            }
          ]
        ]
      },
      "properties": [],
      "slot_names": [
        "0"
      ]
    }
  ]
}