{
  "version": "2.0",
  "schema_ref": "https://darwin-public.s3.eu-west-1.amazonaws.com/darwin_json/2.0/schema.json",
  "item": {
    "name": "conchiglie.4qe860kl.ingestion-5fd995d986-fwdsf.jpg",
    "path": "/",
    "source_info": {
      "item_id": "018ea5b6-384a-da00-8b07-0a8bb5a8befd",
      "dataset": {
        "name": "Pasta",
        "slug": "pasta",
        "dataset_management_url": "https://darwin.v7labs.com/datasets/735230/dataset-management"
      },
      "team": {
        "name": "Salvino",
        "slug": "salvino"
      },
      "workview_url": "https://darwin.v7labs.com/workview?dataset=735230&item=018ea5b6-384a-da00-8b07-0a8bb5a8befd"
    },
    "slots": [
      {
        "type": "image",
        "slot_name": "0",
        "width": 512,
        "height": 512,
        "thumbnail_url": "https://darwin.v7labs.com/api/v2/teams/salvino/files/b4ccd2fd-c518-4f33-b525-56d3c2b88280/thumbnail",
        "source_files": [
          {
            "file_name": "conchiglie.4qe860kl.ingestion-5fd995d986-fwdsf.jpg",
            "url": "https://darwin.v7labs.com/api/v2/teams/salvino/uploads/447c3860-02ce-4acb-824a-bc5fdbc02ec2"
          }
        ]
      }
    ]
  },
  "annotations": [
    {
      "bounding_box": {
        "h": 262.0,
        "w": 302.0,
        "x": 209.0,
        "y": 118.0
      },
      "id": "9028b394-3391-49e0-b348-597350a6a63c",
      "name": "Farfalle",
      "polygon": {
        "paths": [
          [
            {
              "x": 245.0,
              "y": 143.0
            },
            {
              "x": 245.0,
              "y": 145.0
            },
            {
              "x": 244.0,
              "y": 146.0
            },
            {
              "x": 245.0,
              "y": 147.0
            },
            {
              "x": 245.0,
              "y": 150.0
            },
            {
              "x": 248.0,
              "y": 156.0
            },
            {
              "x": 248.0,
              "y": 158.0
            },
            {
              "x": 251.0,
              "y": 162.0
            },
            {
              "x": 251.0,
              "y": 168.0
            },
            {
              "x": 247.0,
              "y": 170.0
            },
            {
              "x": 240.0,
              "y": 170.0
            },
            {
              "x": 239.0,
              "y": 171.0
            },
            {
              "x": 236.0,
              "y": 171.0
            },
            {
              "x": 235.0,
              "y": 172.0
            },
            {
              "x": 227.0,
              "y": 173.0
            },
            {
              "x": 225.0,
              "y": 175.0
            },
            {
              "x": 224.0,
              "y": 177.0
            },
            {
              "x": 225.0,
              "y": 178.0
            },
            {
              "x": 225.0,
              "y": 180.0
            },
            {
              "x": 235.0,
              "y": 194.0
            },
            {
              "x": 236.0,
              "y": 196.0
            },
            {
              "x": 236.0,
              "y": 200.0
            },
            {
              "x": 232.0,
              "y": 204.0
            },
            {
              "x": 225.0,
              "y": 205.0
            },
            {
              "x": 223.0,
              "y": 207.0
            },
            {
              "x": 219.0,
              "y": 208.0
            },
            {
              "x": 217.0,
              "y": 210.0
            },
            {
              "x": 216.0,
              "y": 210.0
            },
            {
              "x": 216.0,
              "y": 211.0
            },
            {
              "x": 214.0,
              "y": 213.0
            },
            {
              "x": 214.0,
              "y": 215.0
            },
            {
              "x": 216.0,
              "y": 219.0
            },
            {
              "x": 219.0,
              "y": 222.0
            },
            {
              "x": 220.0,
              "y": 222.0
            },
            {
              "x": 222.0,
              "y": 224.0
            },
            {
              "x": 222.0,
              "y": 225.0
            },
            {
              "x": 224.0,
              "y": 226.0
            },
            {
              "x": 225.0,
              "y": 228.0
            },
            {
              "x": 227.0,
              "y": 229.0
            },
            {
              "x": 227.0,
              "y": 230.0
            },
            {
              "x": 229.0,
              "y": 232.0
            },
            {
              "x": 229.0,
              "y": 234.0
            },
            {
              "x": 223.0,
              "y": 239.0
            },
            {
              "x": 218.0,
              "y": 240.0
            },
            {
              "x": 216.0,
              "y": 242.0
            },
            {
              "x": 213.0,
              "y": 243.0
            },
            {
              "x": 213.0,
              "y": 244.0
            },
            {
              "x": 211.0,
              "y": 245.0
            },
            {
              "x": 211.0,
              "y": 246.0
            },
            {
              "x": 209.0,
              "y": 248.0
            },
            {
              "x": 209.0,
              "y": 252.0
            },
            {
              "x": 214.0,
              "y": 257.0
            },
            {
              "x": 215.0,
              "y": 257.0
            },
            {
              "x": 218.0,
              "y": 260.0
            },
            {
              "x": 219.0,
              "y": 260.0
            },
            {
              "x": 222.0,
              "y": 263.0
            },
            {
              "x": 223.0,
              "y": 263.0
            },
            {
              "x": 228.0,
              "y": 267.0
            },
            {
              "x": 228.0,
              "y": 271.0
            },
            {
              "x": 227.0,
              "y": 273.0
            },
            {
              "x": 225.0,
              "y": 274.0
            },
            {
              "x": 224.0,
              "y": 276.0
            },
            {
              "x": 222.0,
              "y": 278.0
            },
            {
              "x": 221.0,
              "y": 278.0
            },
            {
              "x": 221.0,
              "y": 279.0
            },
            {
              "x": 219.0,
              "y": 280.0
            },
            {
              "x": 219.0,
              "y": 281.0
            },
            {
              "x": 217.0,
              "y": 282.0
            },
            {
              "x": 217.0,
              "y": 283.0
            },
            {
              "x": 214.0,
              "y": 286.0
            },
            {
              "x": 214.0,
              "y": 288.0
            },
            {
              "x": 213.0,
              "y": 289.0
            },
            {
              "x": 214.0,
              "y": 293.0
            },
            {
              "x": 215.0,
              "y": 293.0
            },
            {
              "x": 216.0,
              "y": 295.0
            },
            {
              "x": 218.0,
              "y": 295.0
            },
            {
              "x": 221.0,
              "y": 297.0
            },
            {
              "x": 223.0,
              "y": 297.0
            },
            {
              "x": 229.0,
              "y": 300.0
            },
            {
              "x": 234.0,
              "y": 301.0
            },
            {
              "x": 237.0,
              "y": 304.0
            },
            {
              "x": 236.0,
              "y": 308.0
            },
            {
              "x": 225.0,
              "y": 320.0
            },
            {
              "x": 224.0,
              "y": 322.0
            },
            {
              "x": 223.0,
              "y": 328.0
            },
            {
              "x": 224.0,
              "y": 329.0
            },
            {
              "x": 224.0,
              "y": 333.0
            },
            {
              "x": 225.0,
              "y": 334.0
            },
            {
              "x": 225.0,
              "y": 336.0
            },
            {
              "x": 226.0,
              "y": 336.0
            },
            {
              "x": 227.0,
              "y": 338.0
            },
            {
              "x": 232.0,
              "y": 343.0
            },
            {
              "x": 248.0,
              "y": 345.0
            },
            {
              "x": 249.0,
              "y": 344.0
            },
            {
              "x": 253.0,
              "y": 343.0
            },
            {
              "x": 254.0,
              "y": 341.0
            },
            {
              "x": 256.0,
              "y": 341.0
            },
            {
              "x": 259.0,
              "y": 339.0
            },
            {
              "x": 261.0,
              "y": 339.0
            },
            {
              "x": 262.0,
              "y": 338.0
            },
            {
              "x": 266.0,
              "y": 338.0
            },
            {
              "x": 267.0,
              "y": 337.0
            },
            {
              "x": 270.0,
              "y": 337.0
            },
            {
              "x": 271.0,
              "y": 336.0
            },
            {
              "x": 274.0,
              "y": 336.0
            },
            {
              "x": 275.0,
              "y": 335.0
            },
            {
              "x": 278.0,
              "y": 335.0
            },
            {
              "x": 279.0,
              "y": 334.0
            },
            {
              "x": 284.0,
              "y": 333.0
            },
            {
              "x": 289.0,
              "y": 330.0
            },
            {
              "x": 291.0,
              "y": 330.0
            },
            {
              "x": 294.0,
              "y": 328.0
            },
            {
              "x": 296.0,
              "y": 328.0
            },
            {
              "x": 297.0,
              "y": 327.0
            },
            {
              "x": 301.0,
              "y": 327.0
            },
            {
              "x": 303.0,
              "y": 325.0
            },
            {
              "x": 305.0,
              "y": 325.0
            },
            {
              "x": 306.0,
              "y": 324.0
            },
            {
              "x": 310.0,
              "y": 324.0
            },
            {
              "x": 313.0,
              "y": 322.0
            },
            {
              "x": 315.0,
              "y": 322.0
            },
            {
              "x": 322.0,
              "y": 317.0
            },
            {
              "x": 326.0,
              "y": 316.0
            },
            {
              "x": 328.0,
              "y": 314.0
            },
            {
              "x": 329.0,
              "y": 314.0
            },
            {
              "x": 330.0,
              "y": 312.0
            },
            {
              "x": 333.0,
              "y": 311.0
            },
            {
              "x": 336.0,
              "y": 308.0
            },
            {
              "x": 337.0,
              "y": 308.0
            },
            {
              "x": 337.0,
              "y": 307.0
            },
            {
              "x": 339.0,
              "y": 306.0
            },
            {
              "x": 339.0,
              "y": 305.0
            },
            {
              "x": 347.0,
              "y": 297.0
            },
            {
              "x": 348.0,
              "y": 294.0
            },
            {
              "x": 350.0,
              "y": 293.0
            },
            {
              "x": 350.0,
              "y": 291.0
            },
            {
              "x": 352.0,
              "y": 290.0
            },
            {
              "x": 353.0,
              "y": 286.0
            },
            {
              "x": 355.0,
              "y": 285.0
            },
            {
              "x": 356.0,
              "y": 283.0
            },
            {
              "x": 361.0,
              "y": 279.0
            },
            {
              "x": 363.0,
              "y": 279.0
            },
            {
              "x": 364.0,
              "y": 278.0
            },
            {
              "x": 365.0,
              "y": 279.0
            },
            {
              "x": 368.0,
              "y": 279.0
            },
            {
              "x": 375.0,
              "y": 286.0
            },
            {
              "x": 376.0,
              "y": 290.0
            },
            {
              "x": 378.0,
              "y": 294.0
            },
            {
              "x": 380.0,
              "y": 296.0
            },
            {
              "x": 380.0,
              "y": 298.0
            },
            {
              "x": 381.0,
              "y": 299.0
            },
            {
              "x": 381.0,
              "y": 301.0
            },
            {
              "x": 383.0,
              "y": 304.0
            },
            {
              "x": 384.0,
              "y": 308.0
            },
            {
              "x": 388.0,
              "y": 313.0
            },
            {
              "x": 391.0,
              "y": 319.0
            },
            {
              "x": 397.0,
              "y": 326.0
            },
            {
              "x": 397.0,
              "y": 327.0
            },
            {
              "x": 398.0,
              "y": 327.0
            },
            {
              "x": 400.0,
              "y": 329.0
            },
            {
              "x": 400.0,
              "y": 330.0
            },
            {
              "x": 405.0,
              "y": 334.0
            },
            {
              "x": 405.0,
              "y": 335.0
            },
            {
              "x": 406.0,
              "y": 335.0
            },
            {
              "x": 412.0,
              "y": 341.0
            },
            {
              "x": 413.0,
              "y": 341.0
            },
            {
              "x": 419.0,
              "y": 347.0
            },
            {
              "x": 420.0,
              "y": 347.0
            },
            {
              "x": 429.0,
              "y": 355.0
            },
            {
              "x": 433.0,
              "y": 357.0
            },
            {
              "x": 434.0,
              "y": 359.0
            },
            {
              "x": 437.0,
              "y": 360.0
            },
            {
              "x": 440.0,
              "y": 363.0
            },
            {
              "x": 444.0,
              "y": 365.0
            },
            {
              "x": 445.0,
              "y": 367.0
            },
            {
              "x": 446.0,
              "y": 367.0
            },
            {
              "x": 453.0,
              "y": 373.0
            },
            {
              "x": 457.0,
              "y": 374.0
            },
            {
              "x": 459.0,
              "y": 376.0
            },
            {
              "x": 461.0,
              "y": 376.0
            },
            {
              "x": 463.0,
              "y": 378.0
            },
            {
              "x": 465.0,
              "y": 378.0
            },
            {
              "x": 469.0,
              "y": 380.0
            },
            {
              "x": 476.0,
              "y": 380.0
            },
            {
              "x": 477.0,
              "y": 379.0
            },
            {
              "x": 479.0,
              "y": 379.0
            },
            {
              "x": 480.0,
              "y": 377.0
            },
            {
              "x": 482.0,
              "y": 376.0
            },
            {
              "x": 485.0,
              "y": 370.0
            },
            {
              "x": 485.0,
              "y": 365.0
            },
            {
              "x": 484.0,
              "y": 364.0
            },
            {
              "x": 484.0,
              "y": 360.0
            },
            {
              "x": 482.0,
              "y": 357.0
            },
            {
              "x": 482.0,
              "y": 352.0
            },
            {
              "x": 480.0,
              "y": 348.0
            },
            {
              "x": 480.0,
              "y": 344.0
            },
            {
              "x": 481.0,
              "y": 343.0
            },
            {
              "x": 500.0,
              "y": 342.0
            },
            {
              "x": 503.0,
              "y": 340.0
            },
            {
              "x": 503.0,
              "y": 338.0
            },
            {
              "x": 504.0,
              "y": 337.0
            },
            {
              "x": 503.0,
              "y": 336.0
            },
            {
              "x": 503.0,
              "y": 333.0
            },
            {
              "x": 500.0,
              "y": 327.0
            },
            {
              "x": 500.0,
              "y": 323.0
            },
            {
              "x": 497.0,
              "y": 317.0
            },
            {
              "x": 497.0,
              "y": 313.0
            },
            {
              "x": 501.0,
              "y": 309.0
            },
            {
              "x": 503.0,
              "y": 309.0
            },
            {
              "x": 504.0,
              "y": 308.0
            },
            {
              "x": 511.0,
              "y": 308.0
            },
            {
              "x": 511.0,
              "y": 288.0
            },
            {
              "x": 509.0,
              "y": 288.0
            },
            {
              "x": 507.0,
              "y": 286.0
            },
            {
              "x": 506.0,
              "y": 286.0
            },
            {
              "x": 501.0,
              "y": 280.0
            },
            {
              "x": 504.0,
              "y": 276.0
            },
            {
              "x": 505.0,
              "y": 276.0
            },
            {
              "x": 507.0,
              "y": 274.0
            },
            {
              "x": 511.0,
              "y": 273.0
            },
            {
              "x": 511.0,
              "y": 256.0
            },
            {
              "x": 505.0,
              "y": 253.0
            },
            {
              "x": 504.0,
              "y": 251.0
            },
            {
              "x": 501.0,
              "y": 249.0
            },
            {
              "x": 501.0,
              "y": 245.0
            },
            {
              "x": 505.0,
              "y": 241.0
            },
            {
              "x": 506.0,
              "y": 241.0
            },
            {
              "x": 507.0,
              "y": 239.0
            },
            {
              "x": 511.0,
              "y": 237.0
            },
            {
              "x": 511.0,
              "y": 224.0
            },
            {
              "x": 509.0,
              "y": 224.0
            },
            {
              "x": 505.0,
              "y": 221.0
            },
            {
              "x": 502.0,
              "y": 220.0
            },
            {
              "x": 498.0,
              "y": 216.0
            },
            {
              "x": 496.0,
              "y": 215.0
            },
            {
              "x": 496.0,
              "y": 213.0
            },
            {
              "x": 495.0,
              "y": 212.0
            },
            {
              "x": 498.0,
              "y": 206.0
            },
            {
              "x": 501.0,
              "y": 203.0
            },
            {
              "x": 501.0,
              "y": 202.0
            },
            {
              "x": 503.0,
              "y": 201.0
            },
            {
              "x": 504.0,
              "y": 199.0
            },
            {
              "x": 504.0,
              "y": 194.0
            },
            {
              "x": 503.0,
              "y": 192.0
            },
            {
              "x": 499.0,
              "y": 189.0
            },
            {
              "x": 493.0,
              "y": 188.0
            },
            {
              "x": 491.0,
              "y": 186.0
            },
            {
              "x": 488.0,
              "y": 186.0
            },
            {
              "x": 486.0,
              "y": 185.0
            },
            {
              "x": 482.0,
              "y": 181.0
            },
            {
              "x": 482.0,
              "y": 179.0
            },
            {
              "x": 485.0,
              "y": 173.0
            },
            {
              "x": 487.0,
              "y": 171.0
            },
            {
              "x": 487.0,
              "y": 168.0
            },
            {
              "x": 488.0,
              "y": 167.0
            },
            {
              "x": 487.0,
              "y": 161.0
            },
            {
              "x": 485.0,
              "y": 159.0
            },
            {
              "x": 484.0,
              "y": 156.0
            },
            {
              "x": 477.0,
              "y": 152.0
            },
            {
              "x": 470.0,
              "y": 152.0
            },
            {
              "x": 469.0,
              "y": 153.0
            },
            {
              "x": 465.0,
              "y": 153.0
            },
            {
              "x": 464.0,
              "y": 154.0
            },
            {
              "x": 459.0,
              "y": 154.0
            },
            {
              "x": 456.0,
              "y": 156.0
            },
            {
              "x": 454.0,
              "y": 156.0
            },
            {
              "x": 452.0,
              "y": 158.0
            },
            {
              "x": 445.0,
              "y": 159.0
            },
            {
              "x": 442.0,
              "y": 161.0
            },
            {
              "x": 436.0,
              "y": 162.0
            },
            {
              "x": 430.0,
              "y": 165.0
            },
            {
              "x": 427.0,
              "y": 165.0
            },
            {
              "x": 427.0,
              "y": 166.0
            },
            {
              "x": 423.0,
              "y": 169.0
            },
            {
              "x": 421.0,
              "y": 169.0
            },
            {
              "x": 414.0,
              "y": 174.0
            },
            {
              "x": 411.0,
              "y": 175.0
            },
            {
              "x": 411.0,
              "y": 176.0
            },
            {
              "x": 409.0,
              "y": 177.0
            },
            {
              "x": 397.0,
              "y": 189.0
            },
            {
              "x": 397.0,
              "y": 190.0
            },
            {
              "x": 393.0,
              "y": 194.0
            },
            {
              "x": 393.0,
              "y": 195.0
            },
            {
              "x": 389.0,
              "y": 200.0
            },
            {
              "x": 386.0,
              "y": 206.0
            },
            {
              "x": 382.0,
              "y": 210.0
            },
            {
              "x": 380.0,
              "y": 208.0
            },
            {
              "x": 376.0,
              "y": 207.0
            },
            {
              "x": 374.0,
              "y": 205.0
            },
            {
              "x": 370.0,
              "y": 205.0
            },
            {
              "x": 366.0,
              "y": 202.0
            },
            {
              "x": 361.0,
              "y": 193.0
            },
            {
              "x": 360.0,
              "y": 186.0
            },
            {
              "x": 358.0,
              "y": 184.0
            },
            {
              "x": 358.0,
              "y": 182.0
            },
            {
              "x": 355.0,
              "y": 177.0
            },
            {
              "x": 355.0,
              "y": 175.0
            },
            {
              "x": 353.0,
              "y": 173.0
            },
            {
              "x": 352.0,
              "y": 170.0
            },
            {
              "x": 348.0,
              "y": 166.0
            },
            {
              "x": 348.0,
              "y": 165.0
            },
            {
              "x": 343.0,
              "y": 160.0
            },
            {
              "x": 343.0,
              "y": 159.0
            },
            {
              "x": 340.0,
              "y": 157.0
            },
            {
              "x": 340.0,
              "y": 156.0
            },
            {
              "x": 338.0,
              "y": 154.0
            },
            {
              "x": 337.0,
              "y": 154.0
            },
            {
              "x": 331.0,
              "y": 148.0
            },
            {
              "x": 330.0,
              "y": 148.0
            },
            {
              "x": 329.0,
              "y": 146.0
            },
            {
              "x": 326.0,
              "y": 145.0
            },
            {
              "x": 325.0,
              "y": 143.0
            },
            {
              "x": 322.0,
              "y": 142.0
            },
            {
              "x": 317.0,
              "y": 138.0
            },
            {
              "x": 314.0,
              "y": 137.0
            },
            {
              "x": 313.0,
              "y": 135.0
            },
            {
              "x": 310.0,
              "y": 134.0
            },
            {
              "x": 305.0,
              "y": 130.0
            },
            {
              "x": 303.0,
              "y": 130.0
            },
            {
              "x": 301.0,
              "y": 128.0
            },
            {
              "x": 301.0,
              "y": 127.0
            },
            {
              "x": 295.0,
              "y": 124.0
            },
            {
              "x": 292.0,
              "y": 121.0
            },
            {
              "x": 288.0,
              "y": 119.0
            },
            {
              "x": 286.0,
              "y": 119.0
            },
            {
              "x": 285.0,
              "y": 118.0
            },
            {
              "x": 276.0,
              "y": 118.0
            },
            {
              "x": 275.0,
              "y": 119.0
            },
            {
              "x": 273.0,
              "y": 119.0
            },
            {
              "x": 270.0,
              "y": 122.0
            },
            {
              "x": 270.0,
              "y": 123.0
            },
            {
              "x": 268.0,
              "y": 124.0
            },
            {
              "x": 268.0,
              "y": 126.0
            },
            {
              "x": 267.0,
              "y": 127.0
            },
            {
              "x": 267.0,
              "y": 131.0
            },
            {
              "x": 268.0,
              "y": 132.0
            },
            {
              "x": 268.0,
              "y": 135.0
            },
            {
              "x": 270.0,
              "y": 137.0
            },
            {
              "x": 270.0,
              "y": 139.0
            },
            {
              "x": 271.0,
              "y": 140.0
            },
            {
              "x": 271.0,
              "y": 143.0
            },
            {
              "x": 270.0,
              "y": 144.0
            },
            {
              "x": 265.0,
              "y": 144.0
            },
            {
              "x": 264.0,
              "y": 143.0
            },
            {
              "x": 254.0,
              "y": 143.0
            },
            {
              "x": 253.0,
              "y": 142.0
            },
            {
              "x": 247.0,
              "y": 142.0
            },
            {
              "x": 246.0,
              "y": 143.0
            }
          ]
        ]
      },
      "properties": [],
      "slot_names": [
        "0"
      ]
    }
  ]
}