{
  "version": "2.0",
  "schema_ref": "https://darwin-public.s3.eu-west-1.amazonaws.com/darwin_json/2.0/schema.json",
  "item": {
    "name": "conchiglie.4qe88sk3.ingestion-5fd995d986-fwdsf.jpg",
    "path": "/",
    "source_info": {
      "item_id": "018ea5b6-384b-be57-27fa-79b229cd5ecf",
      "dataset": {
        "name": "Pasta",
        "slug": "pasta",
        "dataset_management_url": "https://darwin.v7labs.com/datasets/735230/dataset-management"
      },
      "team": {
        "name": "Salvino",
        "slug": "salvino"
      },
      "workview_url": "https://darwin.v7labs.com/workview?dataset=735230&item=018ea5b6-384b-be57-27fa-79b229cd5ecf"
    },
    "slots": [
      {
        "type": "image",
        "slot_name": "0",
        "width": 512,
        "height": 512,
        "thumbnail_url": "https://darwin.v7labs.com/api/v2/teams/salvino/files/d47c3b27-bec0-4ece-b367-6b9887ef6529/thumbnail",
        "source_files": [
          {
            "file_name": "conchiglie.4qe88sk3.ingestion-5fd995d986-fwdsf.jpg",
            "url": "https://darwin.v7labs.com/api/v2/teams/salvino/uploads/667929f4-890c-40d1-b69b-80ac1711b569"
          }
        ]
      }
    ]
  },
  "annotations": [
    {
      "bounding_box": {
        "h": 91.0,
        "w": 212.0,
        "x": 86.0,
        "y": 255.0
      },
      "id": "f81b3875-6d0d-4753-ad5d-8a87387a484a",
      "name": "Fusilli",
      "polygon": {
        "paths": [
          [
            {
              "x": 298.0,
              "y": 272.0
            },
            {
              "x": 296.0,
              "y": 270.0
            },
            {
              "x": 290.0,
              "y": 270.0
            },
            {
              "x": 289.0,
              "y": 271.0
            },
            {
              "x": 286.0,
              "y": 271.0
            },
            {
              "x": 285.0,
              "y": 272.0
            },
            {
              "x": 283.0,
              "y": 270.0
            },
            {
              "x": 284.0,
              "y": 259.0
            },
            {
              "x": 282.0,
              "y": 257.0
            },
            {
              "x": 280.0,
              "y": 257.0
            },
            {
              "x": 279.0,
              "y": 256.0
            },
            {
              "x": 271.0,
              "y": 256.0
            },
            {
              "x": 270.0,
              "y": 255.0
            },
            {
              "x": 260.0,
              "y": 255.0
            },
            {
              "x": 259.0,
              "y": 256.0
            },
            {
              "x": 255.0,
              "y": 257.0
            },
            {
              "x": 249.0,
              "y": 263.0
            },
            {
              "x": 247.0,
              "y": 263.0
            },
            {
              "x": 245.0,
              "y": 261.0
            },
            {
              "x": 241.0,
              "y": 259.0
            },
            {
              "x": 235.0,
              "y": 259.0
            },
            {
              "x": 233.0,
              "y": 261.0
            },
            {
              "x": 232.0,
              "y": 261.0
            },
            {
              "x": 230.0,
              "y": 265.0
            },
            {
              "x": 230.0,
              "y": 268.0
            },
            {
              "x": 227.0,
              "y": 271.0
            },
            {
              "x": 225.0,
              "y": 269.0
            },
            {
              "x": 221.0,
              "y": 268.0
            },
            {
              "x": 216.0,
              "y": 265.0
            },
            {
              "x": 210.0,
              "y": 265.0
            },
            {
              "x": 202.0,
              "y": 274.0
            },
            {
              "x": 198.0,
              "y": 274.0
            },
            {
              "x": 193.0,
              "y": 271.0
            },
            {
              "x": 186.0,
              "y": 271.0
            },
            {
              "x": 182.0,
              "y": 274.0
            },
            {
              "x": 181.0,
              "y": 274.0
            },
            {
              "x": 177.0,
              "y": 278.0
            },
            {
              "x": 172.0,
              "y": 277.0
            },
            {
              "x": 166.0,
              "y": 274.0
            },
            {
              "x": 160.0,
              "y": 274.0
            },
            {
              "x": 158.0,
              "y": 275.0
            },
            {
              "x": 152.0,
              "y": 282.0
            },
            {
              "x": 148.0,
              "y": 282.0
            },
            {
              "x": 142.0,
              "y": 279.0
            },
            {
              "x": 135.0,
              "y": 279.0
            },
            {
              "x": 125.0,
              "y": 286.0
            },
            {
              "x": 122.0,
              "y": 286.0
            },
            {
              "x": 117.0,
              "y": 283.0
            },
            {
              "x": 109.0,
              "y": 282.0
            },
            {
              "x": 108.0,
              "y": 283.0
            },
            {
              "x": 105.0,
              "y": 283.0
            },
            {
              "x": 103.0,
              "y": 284.0
            },
            {
              "x": 97.0,
              "y": 289.0
            },
            {
              "x": 93.0,
              "y": 291.0
            },
            {
              "x": 92.0,
              "y": 293.0
            },
            {
              "x": 93.0,
              "y": 296.0
            },
            {
              "x": 90.0,
              "y": 302.0
            },
            {
              "x": 90.0,
              "y": 304.0
            },
            {
              "x": 88.0,
              "y": 307.0
            },
            {
              "x": 88.0,
              "y": 310.0
            },
            {
              "x": 87.0,
              "y": 311.0
            },
            {
              "x": 87.0,
              "y": 316.0
            },
            {
              "x": 86.0,
              "y": 317.0
            },
            {
              "x": 86.0,
              "y": 321.0
            },
            {
              "x": 89.0,
              "y": 324.0
            },
            {
              "x": 95.0,
              "y": 324.0
            },
            {
              "x": 97.0,
              "y": 326.0
            },
            {
              "x": 94.0,
              "y": 330.0
            },
            {
              "x": 94.0,
              "y": 335.0
            },
            {
              "x": 97.0,
              "y": 340.0
            },
            {
              "x": 97.0,
              "y": 342.0
            },
            {
              "x": 99.0,
              "y": 344.0
            },
            {
              "x": 101.0,
              "y": 345.0
            },
            {
              "x": 104.0,
              "y": 345.0
            },
            {
              "x": 105.0,
              "y": 346.0
            },
            {
              "x": 109.0,
              "y": 345.0
            },
            {
              "x": 112.0,
              "y": 342.0
            },
            {
              "x": 113.0,
              "y": 342.0
            },
            {
              "x": 119.0,
              "y": 335.0
            },
            {
              "x": 120.0,
              "y": 335.0
            },
            {
              "x": 126.0,
              "y": 341.0
            },
            {
              "x": 128.0,
              "y": 342.0
            },
            {
              "x": 136.0,
              "y": 342.0
            },
            {
              "x": 138.0,
              "y": 340.0
            },
            {
              "x": 139.0,
              "y": 340.0
            },
            {
              "x": 147.0,
              "y": 332.0
            },
            {
              "x": 150.0,
              "y": 335.0
            },
            {
              "x": 154.0,
              "y": 336.0
            },
            {
              "x": 155.0,
              "y": 337.0
            },
            {
              "x": 163.0,
              "y": 337.0
            },
            {
              "x": 165.0,
              "y": 335.0
            },
            {
              "x": 166.0,
              "y": 335.0
            },
            {
              "x": 173.0,
              "y": 327.0
            },
            {
              "x": 176.0,
              "y": 327.0
            },
            {
              "x": 179.0,
              "y": 330.0
            },
            {
              "x": 183.0,
              "y": 331.0
            },
            {
              "x": 184.0,
              "y": 332.0
            },
            {
              "x": 192.0,
              "y": 332.0
            },
            {
              "x": 199.0,
              "y": 328.0
            },
            {
              "x": 199.0,
              "y": 324.0
            },
            {
              "x": 200.0,
              "y": 323.0
            },
            {
              "x": 203.0,
              "y": 323.0
            },
            {
              "x": 205.0,
              "y": 325.0
            },
            {
              "x": 207.0,
              "y": 325.0
            },
            {
              "x": 208.0,
              "y": 326.0
            },
            {
              "x": 215.0,
              "y": 326.0
            },
            {
              "x": 223.0,
              "y": 322.0
            },
            {
              "x": 224.0,
              "y": 320.0
            },
            {
              "x": 227.0,
              "y": 318.0
            },
            {
              "x": 229.0,
              "y": 318.0
            },
            {
              "x": 230.0,
              "y": 319.0
            },
            {
              "x": 234.0,
              "y": 319.0
            },
            {
              "x": 235.0,
              "y": 318.0
            },
            {
              "x": 240.0,
              "y": 317.0
            },
            {
              "x": 246.0,
              "y": 314.0
            },
            {
              "x": 249.0,
              "y": 311.0
            },
            {
              "x": 258.0,
              "y": 310.0
            },
            {
              "x": 259.0,
              "y": 309.0
            },
            {
              "x": 261.0,
              "y": 309.0
            },
            {
              "x": 266.0,
              "y": 305.0
            },
            {
              "x": 272.0,
              "y": 302.0
            },
            {
              "x": 278.0,
              "y": 301.0
            },
            {
              "x": 279.0,
              "y": 300.0
            },
            {
              "x": 282.0,
              "y": 300.0
            },
            {
              "x": 287.0,
              "y": 296.0
            },
            {
              "x": 287.0,
              "y": 288.0
            },
            {
              "x": 288.0,
              "y": 286.0
            },
            {
              "x": 296.0,
              "y": 278.0
            },
            {
              "x": 296.0,
              "y": 277.0
            },
            {
              "x": 298.0,
              "y": 275.0
            }
          ]
        ]
      },
      "properties": [],
      "slot_names": [
        "0"
      ]
    }
  ]
}