{
  "version": "2.0",
  "schema_ref": "https://darwin-public.s3.eu-west-1.amazonaws.com/darwin_json/2.0/schema.json",
  "item": {
    "name": "conchiglie.4qe8781i.ingestion-5fd995d986-fwdsf.jpg",
    "path": "/",
    "source_info": {
      "item_id": "018ea5b6-384c-3bcf-e173-74691ce9014a",
      "dataset": {
        "name": "Pasta",
        "slug": "pasta",
        "dataset_management_url": "https://darwin.v7labs.com/datasets/735230/dataset-management"
      },
      "team": {
        "name": "Salvino",
        "slug": "salvino"
      },
      "workview_url": "https://darwin.v7labs.com/workview?dataset=735230&item=018ea5b6-384c-3bcf-e173-74691ce9014a"
    },
    "slots": [
      {
        "type": "image",
        "slot_name": "0",
        "width": 512,
        "height": 512,
        "thumbnail_url": "https://darwin.v7labs.com/api/v2/teams/salvino/files/3e0f2a4b-d9b5-4f79-989e-5f841b19f501/thumbnail",
        "source_files": [
          {
            "file_name": "conchiglie.4qe8781i.ingestion-5fd995d986-fwdsf.jpg",
            "url": "https://darwin.v7labs.com/api/v2/teams/salvino/uploads/74b62aac-b3ce-4324-8728-082f62ec4e49"
          }
        ]
      }
    ]
  },
  "annotations": [
    {
      "bounding_box": {
        "h": 321.0,
        "w": 275.0,
        "x": 166.0,
        "y": 12.0
      },
      "id": "c17d9dc7-b8aa-425a-8a5e-692485982c27",
      "name": "Farfalle",
      "polygon": {
        "paths": [
          [
            {
              "x": 275.0,
              "y": 12.0
            },
            {
              "x": 271.0,
              "y": 14.0
            },
            {
              "x": 269.0,
              "y": 16.0
            },
            {
              "x": 269.0,
              "y": 19.0
            },
            {
              "x": 268.0,
              "y": 20.0
            },
            {
              "x": 268.0,
              "y": 28.0
            },
            {
              "x": 267.0,
              "y": 29.0
            },
            {
              "x": 267.0,
              "y": 33.0
            },
            {
              "x": 265.0,
              "y": 37.0
            },
            {
              "x": 262.0,
              "y": 37.0
            },
            {
              "x": 261.0,
              "y": 35.0
            },
            {
              "x": 260.0,
              "y": 35.0
            },
            {
              "x": 253.0,
              "y": 29.0
            },
            {
              "x": 249.0,
              "y": 27.0
            },
            {
              "x": 242.0,
              "y": 27.0
            },
            {
              "x": 240.0,
              "y": 31.0
            },
            {
              "x": 240.0,
              "y": 45.0
            },
            {
              "x": 241.0,
              "y": 46.0
            },
            {
              "x": 241.0,
              "y": 49.0
            },
            {
              "x": 239.0,
              "y": 52.0
            },
            {
              "x": 237.0,
              "y": 53.0
            },
            {
              "x": 236.0,
              "y": 52.0
            },
            {
              "x": 233.0,
              "y": 52.0
            },
            {
              "x": 231.0,
              "y": 50.0
            },
            {
              "x": 228.0,
              "y": 50.0
            },
            {
              "x": 225.0,
              "y": 48.0
            },
            {
              "x": 217.0,
              "y": 48.0
            },
            {
              "x": 214.0,
              "y": 50.0
            },
            {
              "x": 213.0,
              "y": 52.0
            },
            {
              "x": 213.0,
              "y": 58.0
            },
            {
              "x": 215.0,
              "y": 61.0
            },
            {
              "x": 215.0,
              "y": 65.0
            },
            {
              "x": 217.0,
              "y": 68.0
            },
            {
              "x": 217.0,
              "y": 71.0
            },
            {
              "x": 219.0,
              "y": 75.0
            },
            {
              "x": 219.0,
              "y": 76.0
            },
            {
              "x": 217.0,
              "y": 78.0
            },
            {
              "x": 215.0,
              "y": 78.0
            },
            {
              "x": 214.0,
              "y": 79.0
            },
            {
              "x": 196.0,
              "y": 78.0
            },
            {
              "x": 192.0,
              "y": 81.0
            },
            {
              "x": 192.0,
              "y": 83.0
            },
            {
              "x": 190.0,
              "y": 87.0
            },
            {
              "x": 191.0,
              "y": 88.0
            },
            {
              "x": 191.0,
              "y": 90.0
            },
            {
              "x": 194.0,
              "y": 96.0
            },
            {
              "x": 200.0,
              "y": 104.0
            },
            {
              "x": 200.0,
              "y": 109.0
            },
            {
              "x": 194.0,
              "y": 112.0
            },
            {
              "x": 189.0,
              "y": 112.0
            },
            {
              "x": 188.0,
              "y": 113.0
            },
            {
              "x": 177.0,
              "y": 114.0
            },
            {
              "x": 173.0,
              "y": 118.0
            },
            {
              "x": 173.0,
              "y": 125.0
            },
            {
              "x": 175.0,
              "y": 127.0
            },
            {
              "x": 176.0,
              "y": 130.0
            },
            {
              "x": 181.0,
              "y": 135.0
            },
            {
              "x": 183.0,
              "y": 139.0
            },
            {
              "x": 184.0,
              "y": 139.0
            },
            {
              "x": 187.0,
              "y": 143.0
            },
            {
              "x": 187.0,
              "y": 147.0
            },
            {
              "x": 180.0,
              "y": 152.0
            },
            {
              "x": 178.0,
              "y": 152.0
            },
            {
              "x": 176.0,
              "y": 154.0
            },
            {
              "x": 169.0,
              "y": 157.0
            },
            {
              "x": 166.0,
              "y": 160.0
            },
            {
              "x": 166.0,
              "y": 166.0
            },
            {
              "x": 168.0,
              "y": 170.0
            },
            {
              "x": 171.0,
              "y": 173.0
            },
            {
              "x": 178.0,
              "y": 177.0
            },
            {
              "x": 179.0,
              "y": 179.0
            },
            {
              "x": 180.0,
              "y": 179.0
            },
            {
              "x": 185.0,
              "y": 184.0
            },
            {
              "x": 185.0,
              "y": 186.0
            },
            {
              "x": 182.0,
              "y": 189.0
            },
            {
              "x": 181.0,
              "y": 189.0
            },
            {
              "x": 179.0,
              "y": 191.0
            },
            {
              "x": 172.0,
              "y": 195.0
            },
            {
              "x": 170.0,
              "y": 197.0
            },
            {
              "x": 170.0,
              "y": 198.0
            },
            {
              "x": 168.0,
              "y": 199.0
            },
            {
              "x": 168.0,
              "y": 214.0
            },
            {
              "x": 170.0,
              "y": 218.0
            },
            {
              "x": 174.0,
              "y": 220.0
            },
            {
              "x": 175.0,
              "y": 222.0
            },
            {
              "x": 177.0,
              "y": 222.0
            },
            {
              "x": 179.0,
              "y": 224.0
            },
            {
              "x": 182.0,
              "y": 224.0
            },
            {
              "x": 186.0,
              "y": 226.0
            },
            {
              "x": 200.0,
              "y": 226.0
            },
            {
              "x": 201.0,
              "y": 227.0
            },
            {
              "x": 214.0,
              "y": 227.0
            },
            {
              "x": 215.0,
              "y": 228.0
            },
            {
              "x": 246.0,
              "y": 228.0
            },
            {
              "x": 247.0,
              "y": 227.0
            },
            {
              "x": 261.0,
              "y": 226.0
            },
            {
              "x": 264.0,
              "y": 224.0
            },
            {
              "x": 268.0,
              "y": 224.0
            },
            {
              "x": 272.0,
              "y": 222.0
            },
            {
              "x": 276.0,
              "y": 222.0
            },
            {
              "x": 283.0,
              "y": 218.0
            },
            {
              "x": 286.0,
              "y": 215.0
            },
            {
              "x": 287.0,
              "y": 215.0
            },
            {
              "x": 292.0,
              "y": 211.0
            },
            {
              "x": 293.0,
              "y": 211.0
            },
            {
              "x": 293.0,
              "y": 210.0
            },
            {
              "x": 297.0,
              "y": 207.0
            },
            {
              "x": 301.0,
              "y": 207.0
            },
            {
              "x": 305.0,
              "y": 212.0
            },
            {
              "x": 305.0,
              "y": 214.0
            },
            {
              "x": 307.0,
              "y": 217.0
            },
            {
              "x": 307.0,
              "y": 220.0
            },
            {
              "x": 309.0,
              "y": 224.0
            },
            {
              "x": 309.0,
              "y": 228.0
            },
            {
              "x": 311.0,
              "y": 231.0
            },
            {
              "x": 311.0,
              "y": 238.0
            },
            {
              "x": 312.0,
              "y": 239.0
            },
            {
              "x": 312.0,
              "y": 250.0
            },
            {
              "x": 313.0,
              "y": 251.0
            },
            {
              "x": 313.0,
              "y": 258.0
            },
            {
              "x": 315.0,
              "y": 261.0
            },
            {
              "x": 315.0,
              "y": 264.0
            },
            {
              "x": 318.0,
              "y": 270.0
            },
            {
              "x": 318.0,
              "y": 272.0
            },
            {
              "x": 320.0,
              "y": 274.0
            },
            {
              "x": 320.0,
              "y": 276.0
            },
            {
              "x": 322.0,
              "y": 278.0
            },
            {
              "x": 322.0,
              "y": 280.0
            },
            {
              "x": 324.0,
              "y": 284.0
            },
            {
              "x": 326.0,
              "y": 286.0
            },
            {
              "x": 328.0,
              "y": 290.0
            },
            {
              "x": 331.0,
              "y": 293.0
            },
            {
              "x": 331.0,
              "y": 294.0
            },
            {
              "x": 333.0,
              "y": 295.0
            },
            {
              "x": 335.0,
              "y": 299.0
            },
            {
              "x": 339.0,
              "y": 303.0
            },
            {
              "x": 341.0,
              "y": 307.0
            },
            {
              "x": 343.0,
              "y": 308.0
            },
            {
              "x": 343.0,
              "y": 309.0
            },
            {
              "x": 347.0,
              "y": 313.0
            },
            {
              "x": 347.0,
              "y": 314.0
            },
            {
              "x": 348.0,
              "y": 314.0
            },
            {
              "x": 349.0,
              "y": 316.0
            },
            {
              "x": 354.0,
              "y": 321.0
            },
            {
              "x": 354.0,
              "y": 322.0
            },
            {
              "x": 356.0,
              "y": 323.0
            },
            {
              "x": 358.0,
              "y": 328.0
            },
            {
              "x": 360.0,
              "y": 329.0
            },
            {
              "x": 360.0,
              "y": 331.0
            },
            {
              "x": 364.0,
              "y": 333.0
            },
            {
              "x": 377.0,
              "y": 333.0
            },
            {
              "x": 381.0,
              "y": 330.0
            },
            {
              "x": 381.0,
              "y": 329.0
            },
            {
              "x": 383.0,
              "y": 327.0
            },
            {
              "x": 383.0,
              "y": 324.0
            },
            {
              "x": 384.0,
              "y": 323.0
            },
            {
              "x": 383.0,
              "y": 322.0
            },
            {
              "x": 383.0,
              "y": 315.0
            },
            {
              "x": 382.0,
              "y": 314.0
            },
            {
              "x": 382.0,
              "y": 311.0
            },
            {
              "x": 381.0,
              "y": 310.0
            },
            {
              "x": 380.0,
              "y": 304.0
            },
            {
              "x": 381.0,
              "y": 303.0
            },
            {
              "x": 386.0,
              "y": 303.0
            },
            {
              "x": 388.0,
              "y": 305.0
            },
            {
              "x": 390.0,
              "y": 305.0
            },
            {
              "x": 392.0,
              "y": 307.0
            },
            {
              "x": 398.0,
              "y": 307.0
            },
            {
              "x": 400.0,
              "y": 303.0
            },
            {
              "x": 400.0,
              "y": 296.0
            },
            {
              "x": 398.0,
              "y": 292.0
            },
            {
              "x": 398.0,
              "y": 287.0
            },
            {
              "x": 397.0,
              "y": 286.0
            },
            {
              "x": 397.0,
              "y": 283.0
            },
            {
              "x": 398.0,
              "y": 281.0
            },
            {
              "x": 400.0,
              "y": 279.0
            },
            {
              "x": 415.0,
              "y": 279.0
            },
            {
              "x": 415.0,
              "y": 278.0
            },
            {
              "x": 417.0,
              "y": 277.0
            },
            {
              "x": 417.0,
              "y": 269.0
            },
            {
              "x": 416.0,
              "y": 268.0
            },
            {
              "x": 416.0,
              "y": 266.0
            },
            {
              "x": 415.0,
              "y": 265.0
            },
            {
              "x": 415.0,
              "y": 261.0
            },
            {
              "x": 414.0,
              "y": 260.0
            },
            {
              "x": 414.0,
              "y": 255.0
            },
            {
              "x": 415.0,
              "y": 253.0
            },
            {
              "x": 416.0,
              "y": 252.0
            },
            {
              "x": 422.0,
              "y": 251.0
            },
            {
              "x": 423.0,
              "y": 250.0
            },
            {
              "x": 428.0,
              "y": 250.0
            },
            {
              "x": 432.0,
              "y": 247.0
            },
            {
              "x": 432.0,
              "y": 242.0
            },
            {
              "x": 427.0,
              "y": 235.0
            },
            {
              "x": 427.0,
              "y": 233.0
            },
            {
              "x": 424.0,
              "y": 228.0
            },
            {
              "x": 424.0,
              "y": 225.0
            },
            {
              "x": 428.0,
              "y": 220.0
            },
            {
              "x": 430.0,
              "y": 220.0
            },
            {
              "x": 436.0,
              "y": 217.0
            },
            {
              "x": 436.0,
              "y": 210.0
            },
            {
              "x": 434.0,
              "y": 208.0
            },
            {
              "x": 430.0,
              "y": 201.0
            },
            {
              "x": 427.0,
              "y": 198.0
            },
            {
              "x": 427.0,
              "y": 196.0
            },
            {
              "x": 426.0,
              "y": 195.0
            },
            {
              "x": 427.0,
              "y": 194.0
            },
            {
              "x": 427.0,
              "y": 192.0
            },
            {
              "x": 438.0,
              "y": 182.0
            },
            {
              "x": 438.0,
              "y": 174.0
            },
            {
              "x": 434.0,
              "y": 170.0
            },
            {
              "x": 432.0,
              "y": 169.0
            },
            {
              "x": 432.0,
              "y": 168.0
            },
            {
              "x": 427.0,
              "y": 163.0
            },
            {
              "x": 427.0,
              "y": 162.0
            },
            {
              "x": 439.0,
              "y": 151.0
            },
            {
              "x": 441.0,
              "y": 147.0
            },
            {
              "x": 441.0,
              "y": 139.0
            },
            {
              "x": 438.0,
              "y": 133.0
            },
            {
              "x": 433.0,
              "y": 129.0
            },
            {
              "x": 421.0,
              "y": 129.0
            },
            {
              "x": 420.0,
              "y": 128.0
            },
            {
              "x": 415.0,
              "y": 128.0
            },
            {
              "x": 414.0,
              "y": 127.0
            },
            {
              "x": 399.0,
              "y": 127.0
            },
            {
              "x": 398.0,
              "y": 126.0
            },
            {
              "x": 379.0,
              "y": 126.0
            },
            {
              "x": 378.0,
              "y": 127.0
            },
            {
              "x": 368.0,
              "y": 127.0
            },
            {
              "x": 365.0,
              "y": 129.0
            },
            {
              "x": 362.0,
              "y": 129.0
            },
            {
              "x": 360.0,
              "y": 131.0
            },
            {
              "x": 358.0,
              "y": 131.0
            },
            {
              "x": 355.0,
              "y": 134.0
            },
            {
              "x": 354.0,
              "y": 134.0
            },
            {
              "x": 352.0,
              "y": 136.0
            },
            {
              "x": 352.0,
              "y": 137.0
            },
            {
              "x": 350.0,
              "y": 138.0
            },
            {
              "x": 349.0,
              "y": 140.0
            },
            {
              "x": 345.0,
              "y": 141.0
            },
            {
              "x": 344.0,
              "y": 140.0
            },
            {
              "x": 341.0,
              "y": 140.0
            },
            {
              "x": 339.0,
              "y": 139.0
            },
            {
              "x": 332.0,
              "y": 131.0
            },
            {
              "x": 332.0,
              "y": 123.0
            },
            {
              "x": 331.0,
              "y": 122.0
            },
            {
              "x": 331.0,
              "y": 112.0
            },
            {
              "x": 330.0,
              "y": 111.0
            },
            {
              "x": 330.0,
              "y": 108.0
            },
            {
              "x": 329.0,
              "y": 107.0
            },
            {
              "x": 329.0,
              "y": 103.0
            },
            {
              "x": 327.0,
              "y": 100.0
            },
            {
              "x": 327.0,
              "y": 97.0
            },
            {
              "x": 325.0,
              "y": 94.0
            },
            {
              "x": 325.0,
              "y": 90.0
            },
            {
              "x": 323.0,
              "y": 87.0
            },
            {
              "x": 323.0,
              "y": 84.0
            },
            {
              "x": 321.0,
              "y": 81.0
            },
            {
              "x": 321.0,
              "y": 78.0
            },
            {
              "x": 319.0,
              "y": 75.0
            },
            {
              "x": 319.0,
              "y": 72.0
            },
            {
              "x": 317.0,
              "y": 70.0
            },
            {
              "x": 317.0,
              "y": 68.0
            },
            {
              "x": 315.0,
              "y": 66.0
            },
            {
              "x": 314.0,
              "y": 62.0
            },
            {
              "x": 312.0,
              "y": 60.0
            },
            {
              "x": 312.0,
              "y": 58.0
            },
            {
              "x": 310.0,
              "y": 55.0
            },
            {
              "x": 310.0,
              "y": 53.0
            },
            {
              "x": 308.0,
              "y": 51.0
            },
            {
              "x": 308.0,
              "y": 48.0
            },
            {
              "x": 304.0,
              "y": 41.0
            },
            {
              "x": 304.0,
              "y": 39.0
            },
            {
              "x": 302.0,
              "y": 36.0
            },
            {
              "x": 302.0,
              "y": 34.0
            },
            {
              "x": 300.0,
              "y": 32.0
            },
            {
              "x": 300.0,
              "y": 30.0
            },
            {
              "x": 295.0,
              "y": 22.0
            },
            {
              "x": 295.0,
              "y": 20.0
            },
            {
              "x": 294.0,
              "y": 20.0
            },
            {
              "x": 293.0,
              "y": 18.0
            },
            {
              "x": 289.0,
              "y": 14.0
            },
            {
              "x": 285.0,
              "y": 12.0
            }
          ]
        ]
      },
      "properties": [],
      "slot_names": [
        "0"
      ]
    }
  ]
}