{
  "version": "2.0",
  "schema_ref": "https://darwin-public.s3.eu-west-1.amazonaws.com/darwin_json/2.0/schema.json",
  "item": {
    "name": "conchiglie.4qe85rbg.ingestion-5fd995d986-9zbdz.jpg",
    "path": "/",
    "source_info": {
      "item_id": "018ea5b6-384a-3e81-11b7-aaca6c7ae18f",
      "dataset": {
        "name": "Pasta",
        "slug": "pasta",
        "dataset_management_url": "https://darwin.v7labs.com/datasets/735230/dataset-management"
      },
      "team": {
        "name": "Salvino",
        "slug": "salvino"
      },
      "workview_url": "https://darwin.v7labs.com/workview?dataset=735230&item=018ea5b6-384a-3e81-11b7-aaca6c7ae18f"
    },
    "slots": [
      {
        "type": "image",
        "slot_name": "0",
        "width": 512,
        "height": 512,
        "thumbnail_url": "https://darwin.v7labs.com/api/v2/teams/salvino/files/d70c2f07-a5ac-41a2-a26f-7d833b27bfb7/thumbnail",
        "source_files": [
          {
            "file_name": "conchiglie.4qe85rbg.ingestion-5fd995d986-9zbdz.jpg",
            "url": "https://darwin.v7labs.com/api/v2/teams/salvino/uploads/4d7d5e56-f70b-41bd-93c1-8125f2767a89"
          }
        ]
      }
    ]
  },
  "annotations": [
    {
      "bounding_box": {
        "h": 198.0,
        "w": 186.0,
        "x": 149.0,
        "y": 159.0
      },
      "id": "5ef12b0b-aabc-495e-9562-0d9dbbc0788e",
      "name": "Farfalle",
      "polygon": {
        "paths": [
          [
            {
              "x": 196.0,
              "y": 164.0
            },
            {
              "x": 192.0,
              "y": 166.0
            },
            {
              "x": 188.0,
              "y": 171.0
            },
            {
              "x": 188.0,
              "y": 175.0
            },
            {
              "x": 189.0,
              "y": 176.0
            },
            {
              "x": 189.0,
              "y": 179.0
            },
            {
              "x": 190.0,
              "y": 180.0
            },
            {
              "x": 190.0,
              "y": 183.0
            },
            {
              "x": 191.0,
              "y": 184.0
            },
            {
              "x": 191.0,
              "y": 191.0
            },
            {
              "x": 193.0,
              "y": 195.0
            },
            {
              "x": 193.0,
              "y": 198.0
            },
            {
              "x": 194.0,
              "y": 199.0
            },
            {
              "x": 195.0,
              "y": 206.0
            },
            {
              "x": 198.0,
              "y": 212.0
            },
            {
              "x": 199.0,
              "y": 217.0
            },
            {
              "x": 201.0,
              "y": 219.0
            },
            {
              "x": 203.0,
              "y": 223.0
            },
            {
              "x": 207.0,
              "y": 227.0
            },
            {
              "x": 207.0,
              "y": 228.0
            },
            {
              "x": 209.0,
              "y": 229.0
            },
            {
              "x": 211.0,
              "y": 231.0
            },
            {
              "x": 211.0,
              "y": 232.0
            },
            {
              "x": 215.0,
              "y": 235.0
            },
            {
              "x": 215.0,
              "y": 236.0
            },
            {
              "x": 216.0,
              "y": 236.0
            },
            {
              "x": 220.0,
              "y": 239.0
            },
            {
              "x": 220.0,
              "y": 242.0
            },
            {
              "x": 217.0,
              "y": 247.0
            },
            {
              "x": 217.0,
              "y": 250.0
            },
            {
              "x": 215.0,
              "y": 252.0
            },
            {
              "x": 213.0,
              "y": 253.0
            },
            {
              "x": 204.0,
              "y": 253.0
            },
            {
              "x": 203.0,
              "y": 254.0
            },
            {
              "x": 200.0,
              "y": 254.0
            },
            {
              "x": 199.0,
              "y": 255.0
            },
            {
              "x": 195.0,
              "y": 255.0
            },
            {
              "x": 191.0,
              "y": 257.0
            },
            {
              "x": 183.0,
              "y": 263.0
            },
            {
              "x": 180.0,
              "y": 264.0
            },
            {
              "x": 177.0,
              "y": 267.0
            },
            {
              "x": 176.0,
              "y": 267.0
            },
            {
              "x": 173.0,
              "y": 271.0
            },
            {
              "x": 172.0,
              "y": 271.0
            },
            {
              "x": 167.0,
              "y": 276.0
            },
            {
              "x": 166.0,
              "y": 276.0
            },
            {
              "x": 166.0,
              "y": 277.0
            },
            {
              "x": 164.0,
              "y": 279.0
            },
            {
              "x": 163.0,
              "y": 279.0
            },
            {
              "x": 162.0,
              "y": 281.0
            },
            {
              "x": 150.0,
              "y": 292.0
            },
            {
              "x": 150.0,
              "y": 294.0
            },
            {
              "x": 149.0,
              "y": 295.0
            },
            {
              "x": 149.0,
              "y": 302.0
            },
            {
              "x": 150.0,
              "y": 303.0
            },
            {
              "x": 150.0,
              "y": 305.0
            },
            {
              "x": 152.0,
              "y": 307.0
            },
            {
              "x": 154.0,
              "y": 307.0
            },
            {
              "x": 155.0,
              "y": 308.0
            },
            {
              "x": 157.0,
              "y": 308.0
            },
            {
              "x": 158.0,
              "y": 307.0
            },
            {
              "x": 162.0,
              "y": 307.0
            },
            {
              "x": 163.0,
              "y": 306.0
            },
            {
              "x": 166.0,
              "y": 306.0
            },
            {
              "x": 167.0,
              "y": 307.0
            },
            {
              "x": 166.0,
              "y": 315.0
            },
            {
              "x": 165.0,
              "y": 316.0
            },
            {
              "x": 165.0,
              "y": 319.0
            },
            {
              "x": 164.0,
              "y": 320.0
            },
            {
              "x": 164.0,
              "y": 322.0
            },
            {
              "x": 166.0,
              "y": 325.0
            },
            {
              "x": 168.0,
              "y": 325.0
            },
            {
              "x": 169.0,
              "y": 324.0
            },
            {
              "x": 173.0,
              "y": 324.0
            },
            {
              "x": 174.0,
              "y": 323.0
            },
            {
              "x": 177.0,
              "y": 323.0
            },
            {
              "x": 178.0,
              "y": 322.0
            },
            {
              "x": 181.0,
              "y": 322.0
            },
            {
              "x": 183.0,
              "y": 324.0
            },
            {
              "x": 183.0,
              "y": 337.0
            },
            {
              "x": 184.0,
              "y": 338.0
            },
            {
              "x": 184.0,
              "y": 340.0
            },
            {
              "x": 190.0,
              "y": 340.0
            },
            {
              "x": 192.0,
              "y": 338.0
            },
            {
              "x": 196.0,
              "y": 336.0
            },
            {
              "x": 202.0,
              "y": 335.0
            },
            {
              "x": 205.0,
              "y": 339.0
            },
            {
              "x": 205.0,
              "y": 343.0
            },
            {
              "x": 206.0,
              "y": 344.0
            },
            {
              "x": 206.0,
              "y": 346.0
            },
            {
              "x": 209.0,
              "y": 350.0
            },
            {
              "x": 212.0,
              "y": 350.0
            },
            {
              "x": 214.0,
              "y": 349.0
            },
            {
              "x": 220.0,
              "y": 343.0
            },
            {
              "x": 223.0,
              "y": 342.0
            },
            {
              "x": 226.0,
              "y": 344.0
            },
            {
              "x": 227.0,
              "y": 348.0
            },
            {
              "x": 228.0,
              "y": 349.0
            },
            {
              "x": 228.0,
              "y": 352.0
            },
            {
              "x": 230.0,
              "y": 354.0
            },
            {
              "x": 230.0,
              "y": 355.0
            },
            {
              "x": 233.0,
              "y": 357.0
            },
            {
              "x": 236.0,
              "y": 356.0
            },
            {
              "x": 237.0,
              "y": 354.0
            },
            {
              "x": 241.0,
              "y": 350.0
            },
            {
              "x": 241.0,
              "y": 349.0
            },
            {
              "x": 245.0,
              "y": 346.0
            },
            {
              "x": 248.0,
              "y": 346.0
            },
            {
              "x": 252.0,
              "y": 350.0
            },
            {
              "x": 252.0,
              "y": 351.0
            },
            {
              "x": 256.0,
              "y": 355.0
            },
            {
              "x": 256.0,
              "y": 356.0
            },
            {
              "x": 260.0,
              "y": 357.0
            },
            {
              "x": 262.0,
              "y": 356.0
            },
            {
              "x": 267.0,
              "y": 345.0
            },
            {
              "x": 269.0,
              "y": 343.0
            },
            {
              "x": 271.0,
              "y": 343.0
            },
            {
              "x": 275.0,
              "y": 347.0
            },
            {
              "x": 275.0,
              "y": 348.0
            },
            {
              "x": 276.0,
              "y": 348.0
            },
            {
              "x": 277.0,
              "y": 350.0
            },
            {
              "x": 281.0,
              "y": 353.0
            },
            {
              "x": 287.0,
              "y": 353.0
            },
            {
              "x": 291.0,
              "y": 351.0
            },
            {
              "x": 293.0,
              "y": 347.0
            },
            {
              "x": 293.0,
              "y": 343.0
            },
            {
              "x": 294.0,
              "y": 342.0
            },
            {
              "x": 294.0,
              "y": 340.0
            },
            {
              "x": 293.0,
              "y": 339.0
            },
            {
              "x": 293.0,
              "y": 335.0
            },
            {
              "x": 292.0,
              "y": 334.0
            },
            {
              "x": 292.0,
              "y": 325.0
            },
            {
              "x": 291.0,
              "y": 324.0
            },
            {
              "x": 291.0,
              "y": 320.0
            },
            {
              "x": 290.0,
              "y": 319.0
            },
            {
              "x": 290.0,
              "y": 314.0
            },
            {
              "x": 289.0,
              "y": 313.0
            },
            {
              "x": 289.0,
              "y": 308.0
            },
            {
              "x": 288.0,
              "y": 307.0
            },
            {
              "x": 287.0,
              "y": 297.0
            },
            {
              "x": 282.0,
              "y": 287.0
            },
            {
              "x": 282.0,
              "y": 285.0
            },
            {
              "x": 280.0,
              "y": 283.0
            },
            {
              "x": 276.0,
              "y": 276.0
            },
            {
              "x": 264.0,
              "y": 265.0
            },
            {
              "x": 263.0,
              "y": 261.0
            },
            {
              "x": 262.0,
              "y": 260.0
            },
            {
              "x": 265.0,
              "y": 254.0
            },
            {
              "x": 273.0,
              "y": 253.0
            },
            {
              "x": 274.0,
              "y": 252.0
            },
            {
              "x": 278.0,
              "y": 252.0
            },
            {
              "x": 282.0,
              "y": 250.0
            },
            {
              "x": 286.0,
              "y": 250.0
            },
            {
              "x": 290.0,
              "y": 248.0
            },
            {
              "x": 292.0,
              "y": 246.0
            },
            {
              "x": 295.0,
              "y": 245.0
            },
            {
              "x": 297.0,
              "y": 243.0
            },
            {
              "x": 300.0,
              "y": 242.0
            },
            {
              "x": 300.0,
              "y": 241.0
            },
            {
              "x": 304.0,
              "y": 238.0
            },
            {
              "x": 305.0,
              "y": 238.0
            },
            {
              "x": 305.0,
              "y": 237.0
            },
            {
              "x": 307.0,
              "y": 235.0
            },
            {
              "x": 308.0,
              "y": 235.0
            },
            {
              "x": 334.0,
              "y": 208.0
            },
            {
              "x": 335.0,
              "y": 204.0
            },
            {
              "x": 332.0,
              "y": 198.0
            },
            {
              "x": 330.0,
              "y": 197.0
            },
            {
              "x": 328.0,
              "y": 197.0
            },
            {
              "x": 327.0,
              "y": 196.0
            },
            {
              "x": 314.0,
              "y": 197.0
            },
            {
              "x": 312.0,
              "y": 195.0
            },
            {
              "x": 312.0,
              "y": 189.0
            },
            {
              "x": 313.0,
              "y": 188.0
            },
            {
              "x": 312.0,
              "y": 182.0
            },
            {
              "x": 309.0,
              "y": 180.0
            },
            {
              "x": 307.0,
              "y": 180.0
            },
            {
              "x": 303.0,
              "y": 182.0
            },
            {
              "x": 300.0,
              "y": 182.0
            },
            {
              "x": 299.0,
              "y": 183.0
            },
            {
              "x": 295.0,
              "y": 182.0
            },
            {
              "x": 292.0,
              "y": 178.0
            },
            {
              "x": 292.0,
              "y": 174.0
            },
            {
              "x": 291.0,
              "y": 173.0
            },
            {
              "x": 290.0,
              "y": 169.0
            },
            {
              "x": 285.0,
              "y": 169.0
            },
            {
              "x": 280.0,
              "y": 173.0
            },
            {
              "x": 278.0,
              "y": 173.0
            },
            {
              "x": 277.0,
              "y": 174.0
            },
            {
              "x": 272.0,
              "y": 170.0
            },
            {
              "x": 271.0,
              "y": 166.0
            },
            {
              "x": 266.0,
              "y": 162.0
            },
            {
              "x": 263.0,
              "y": 163.0
            },
            {
              "x": 258.0,
              "y": 168.0
            },
            {
              "x": 256.0,
              "y": 169.0
            },
            {
              "x": 253.0,
              "y": 169.0
            },
            {
              "x": 251.0,
              "y": 167.0
            },
            {
              "x": 251.0,
              "y": 165.0
            },
            {
              "x": 247.0,
              "y": 161.0
            },
            {
              "x": 247.0,
              "y": 160.0
            },
            {
              "x": 245.0,
              "y": 159.0
            },
            {
              "x": 240.0,
              "y": 159.0
            },
            {
              "x": 236.0,
              "y": 166.0
            },
            {
              "x": 233.0,
              "y": 168.0
            },
            {
              "x": 229.0,
              "y": 167.0
            },
            {
              "x": 222.0,
              "y": 160.0
            },
            {
              "x": 219.0,
              "y": 159.0
            },
            {
              "x": 217.0,
              "y": 161.0
            },
            {
              "x": 216.0,
              "y": 161.0
            },
            {
              "x": 215.0,
              "y": 163.0
            },
            {
              "x": 215.0,
              "y": 167.0
            },
            {
              "x": 211.0,
              "y": 171.0
            },
            {
              "x": 209.0,
              "y": 172.0
            },
            {
              "x": 203.0,
              "y": 169.0
            },
            {
              "x": 202.0,
              "y": 167.0
            },
            {
              "x": 198.0,
              "y": 164.0
            }
          ]
        ]
      },
      "properties": [],
      "slot_names": [
        "0"
      ]
    }
  ]
}