{
  "version": "2.0",
  "schema_ref": "https://darwin-public.s3.eu-west-1.amazonaws.com/darwin_json/2.0/schema.json",
  "item": {
    "name": "conchiglie.4qe5g7t8.ingestion-5fd995d986-l5rgx.jpg",
    "path": "/",
    "source_info": {
      "item_id": "018ea5b6-3847-f14c-5b92-2f811c48a5b8",
      "dataset": {
        "name": "Pasta",
        "slug": "pasta",
        "dataset_management_url": "https://darwin.v7labs.com/datasets/735230/dataset-management"
      },
      "team": {
        "name": "Salvino",
        "slug": "salvino"
      },
      "workview_url": "https://darwin.v7labs.com/workview?dataset=735230&item=018ea5b6-3847-f14c-5b92-2f811c48a5b8"
    },
    "slots": [
      {
        "type": "image",
        "slot_name": "0",
        "width": 512,
        "height": 512,
        "thumbnail_url": "https://darwin.v7labs.com/api/v2/teams/salvino/files/9b890db8-f73a-48eb-a5b5-6cabc7a68a0a/thumbnail",
        "source_files": [
          {
            "file_name": "conchiglie.4qe5g7t8.ingestion-5fd995d986-l5rgx.jpg",
            "url": "https://darwin.v7labs.com/api/v2/teams/salvino/uploads/feb0edb3-3b26-45b3-b586-1b020a59760c"
          }
        ]
      }
    ]
  },
  "annotations": [
    {
      "bounding_box": {
        "h": 172.0,
        "w": 133.0,
        "x": 276.0,
        "y": 148.0
      },
      "id": "54eb3f54-90b4-403b-95dc-ec9b217df42c",
      "name": "Conchiglie",
      "polygon": {
        "paths": [
          [
            {
              "x": 378.0,
              "y": 151.0
            },
            {
              "x": 375.0,
              "y": 151.0
            },
            {
              "x": 374.0,
              "y": 150.0
            },
            {
              "x": 369.0,
              "y": 150.0
            },
            {
              "x": 368.0,
              "y": 149.0
            },
            {
              "x": 365.0,
              "y": 149.0
            },
            {
              "x": 364.0,
              "y": 148.0
            },
            {
              "x": 361.0,
              "y": 148.0
            },
            {
              "x": 360.0,
              "y": 149.0
            },
            {
              "x": 354.0,
              "y": 149.0
            },
            {
              "x": 353.0,
              "y": 150.0
            },
            {
              "x": 349.0,
              "y": 151.0
            },
            {
              "x": 344.0,
              "y": 156.0
            },
            {
              "x": 343.0,
              "y": 156.0
            },
            {
              "x": 339.0,
              "y": 160.0
            },
            {
              "x": 338.0,
              "y": 160.0
            },
            {
              "x": 338.0,
              "y": 161.0
            },
            {
              "x": 329.0,
              "y": 169.0
            },
            {
              "x": 325.0,
              "y": 171.0
            },
            {
              "x": 320.0,
              "y": 172.0
            },
            {
              "x": 316.0,
              "y": 174.0
            },
            {
              "x": 314.0,
              "y": 176.0
            },
            {
              "x": 312.0,
              "y": 176.0
            },
            {
              "x": 310.0,
              "y": 178.0
            },
            {
              "x": 308.0,
              "y": 178.0
            },
            {
              "x": 305.0,
              "y": 180.0
            },
            {
              "x": 303.0,
              "y": 180.0
            },
            {
              "x": 301.0,
              "y": 182.0
            },
            {
              "x": 299.0,
              "y": 182.0
            },
            {
              "x": 285.0,
              "y": 195.0
            },
            {
              "x": 280.0,
              "y": 204.0
            },
            {
              "x": 280.0,
              "y": 206.0
            },
            {
              "x": 278.0,
              "y": 209.0
            },
            {
              "x": 278.0,
              "y": 214.0
            },
            {
              "x": 276.0,
              "y": 218.0
            },
            {
              "x": 276.0,
              "y": 244.0
            },
            {
              "x": 277.0,
              "y": 245.0
            },
            {
              "x": 277.0,
              "y": 248.0
            },
            {
              "x": 278.0,
              "y": 249.0
            },
            {
              "x": 278.0,
              "y": 251.0
            },
            {
              "x": 279.0,
              "y": 252.0
            },
            {
              "x": 279.0,
              "y": 254.0
            },
            {
              "x": 281.0,
              "y": 258.0
            },
            {
              "x": 281.0,
              "y": 261.0
            },
            {
              "x": 285.0,
              "y": 268.0
            },
            {
              "x": 286.0,
              "y": 273.0
            },
            {
              "x": 288.0,
              "y": 275.0
            },
            {
              "x": 289.0,
              "y": 279.0
            },
            {
              "x": 292.0,
              "y": 283.0
            },
            {
              "x": 295.0,
              "y": 289.0
            },
            {
              "x": 296.0,
              "y": 294.0
            },
            {
              "x": 298.0,
              "y": 297.0
            },
            {
              "x": 299.0,
              "y": 301.0
            },
            {
              "x": 301.0,
              "y": 303.0
            },
            {
              "x": 301.0,
              "y": 305.0
            },
            {
              "x": 303.0,
              "y": 309.0
            },
            {
              "x": 304.0,
              "y": 310.0
            },
            {
              "x": 311.0,
              "y": 310.0
            },
            {
              "x": 314.0,
              "y": 314.0
            },
            {
              "x": 314.0,
              "y": 317.0
            },
            {
              "x": 316.0,
              "y": 319.0
            },
            {
              "x": 319.0,
              "y": 319.0
            },
            {
              "x": 320.0,
              "y": 320.0
            },
            {
              "x": 325.0,
              "y": 320.0
            },
            {
              "x": 327.0,
              "y": 318.0
            },
            {
              "x": 329.0,
              "y": 318.0
            },
            {
              "x": 336.0,
              "y": 314.0
            },
            {
              "x": 340.0,
              "y": 313.0
            },
            {
              "x": 344.0,
              "y": 309.0
            },
            {
              "x": 346.0,
              "y": 309.0
            },
            {
              "x": 350.0,
              "y": 305.0
            },
            {
              "x": 351.0,
              "y": 302.0
            },
            {
              "x": 355.0,
              "y": 299.0
            },
            {
              "x": 355.0,
              "y": 297.0
            },
            {
              "x": 360.0,
              "y": 292.0
            },
            {
              "x": 363.0,
              "y": 292.0
            },
            {
              "x": 365.0,
              "y": 291.0
            },
            {
              "x": 376.0,
              "y": 283.0
            },
            {
              "x": 380.0,
              "y": 282.0
            },
            {
              "x": 388.0,
              "y": 274.0
            },
            {
              "x": 390.0,
              "y": 274.0
            },
            {
              "x": 398.0,
              "y": 266.0
            },
            {
              "x": 400.0,
              "y": 261.0
            },
            {
              "x": 403.0,
              "y": 257.0
            },
            {
              "x": 403.0,
              "y": 254.0
            },
            {
              "x": 405.0,
              "y": 252.0
            },
            {
              "x": 407.0,
              "y": 248.0
            },
            {
              "x": 407.0,
              "y": 246.0
            },
            {
              "x": 408.0,
              "y": 245.0
            },
            {
              "x": 408.0,
              "y": 241.0
            },
            {
              "x": 409.0,
              "y": 240.0
            },
            {
              "x": 409.0,
              "y": 238.0
            },
            {
              "x": 408.0,
              "y": 237.0
            },
            {
              "x": 409.0,
              "y": 227.0
            },
            {
              "x": 408.0,
              "y": 226.0
            },
            {
              "x": 408.0,
              "y": 223.0
            },
            {
              "x": 407.0,
              "y": 222.0
            },
            {
              "x": 406.0,
              "y": 217.0
            },
            {
              "x": 403.0,
              "y": 213.0
            },
            {
              "x": 403.0,
              "y": 209.0
            },
            {
              "x": 399.0,
              "y": 204.0
            },
            {
              "x": 399.0,
              "y": 200.0
            },
            {
              "x": 396.0,
              "y": 197.0
            },
            {
              "x": 395.0,
              "y": 193.0
            },
            {
              "x": 392.0,
              "y": 188.0
            },
            {
              "x": 392.0,
              "y": 170.0
            },
            {
              "x": 390.0,
              "y": 167.0
            },
            {
              "x": 389.0,
              "y": 161.0
            },
            {
              "x": 384.0,
              "y": 155.0
            },
            {
              "x": 380.0,
              "y": 153.0
            }
          ]
        ]
      },
      "properties": [],
      "slot_names": [
        "0"
      ]
    }
  ]
}