{
  "version": "2.0",
  "schema_ref": "https://darwin-public.s3.eu-west-1.amazonaws.com/darwin_json/2.0/schema.json",
  "item": {
    "name": "conchiglie.4qe5fun4.ingestion-5fd995d986-fwdsf.jpg",
    "path": "/",
    "source_info": {
      "item_id": "018ea5b6-3846-9118-8978-63013d602640",
      "dataset": {
        "name": "Pasta",
        "slug": "pasta",
        "dataset_management_url": "https://darwin.v7labs.com/datasets/735230/dataset-management"
      },
      "team": {
        "name": "Salvino",
        "slug": "salvino"
      },
      "workview_url": "https://darwin.v7labs.com/workview?dataset=735230&item=018ea5b6-3846-9118-8978-63013d602640"
    },
    "slots": [
      {
        "type": "image",
        "slot_name": "0",
        "width": 512,
        "height": 512,
        "thumbnail_url": "https://darwin.v7labs.com/api/v2/teams/salvino/files/bd98be5f-6de5-4a4b-9f11-7220ea748374/thumbnail",
        "source_files": [
          {
            "file_name": "conchiglie.4qe5fun4.ingestion-5fd995d986-fwdsf.jpg",
            "url": "https://darwin.v7labs.com/api/v2/teams/salvino/uploads/8d408bf2-91f9-43aa-b5b0-6fcfbea4a5d6"
          }
        ]
      }
    ]
  },
  "annotations": [
    {
      "bounding_box": {
        "h": 203.0,
        "w": 146.0,
        "x": 182.0,
        "y": 135.0
      },
      "id": "46534d1f-0812-4908-8c9f-b99c850a8d23",
      "name": "Conchiglie",
      "polygon": {
        "paths": [
          [
            {
              "x": 315.0,
              "y": 146.0
            },
            {
              "x": 309.0,
              "y": 143.0
            },
            {
              "x": 302.0,
              "y": 143.0
            },
            {
              "x": 301.0,
              "y": 142.0
            },
            {
              "x": 299.0,
              "y": 142.0
            },
            {
              "x": 293.0,
              "y": 139.0
            },
            {
              "x": 291.0,
              "y": 137.0
            },
            {
              "x": 288.0,
              "y": 137.0
            },
            {
              "x": 285.0,
              "y": 135.0
            },
            {
              "x": 283.0,
              "y": 135.0
            },
            {
              "x": 277.0,
              "y": 138.0
            },
            {
              "x": 274.0,
              "y": 141.0
            },
            {
              "x": 270.0,
              "y": 143.0
            },
            {
              "x": 263.0,
              "y": 149.0
            },
            {
              "x": 259.0,
              "y": 150.0
            },
            {
              "x": 256.0,
              "y": 153.0
            },
            {
              "x": 248.0,
              "y": 156.0
            },
            {
              "x": 246.0,
              "y": 158.0
            },
            {
              "x": 241.0,
              "y": 160.0
            },
            {
              "x": 236.0,
              "y": 164.0
            },
            {
              "x": 229.0,
              "y": 167.0
            },
            {
              "x": 223.0,
              "y": 172.0
            },
            {
              "x": 219.0,
              "y": 173.0
            },
            {
              "x": 212.0,
              "y": 179.0
            },
            {
              "x": 206.0,
              "y": 182.0
            },
            {
              "x": 204.0,
              "y": 184.0
            },
            {
              "x": 204.0,
              "y": 185.0
            },
            {
              "x": 202.0,
              "y": 187.0
            },
            {
              "x": 201.0,
              "y": 187.0
            },
            {
              "x": 201.0,
              "y": 188.0
            },
            {
              "x": 199.0,
              "y": 189.0
            },
            {
              "x": 198.0,
              "y": 191.0
            },
            {
              "x": 197.0,
              "y": 191.0
            },
            {
              "x": 196.0,
              "y": 194.0
            },
            {
              "x": 193.0,
              "y": 197.0
            },
            {
              "x": 190.0,
              "y": 203.0
            },
            {
              "x": 190.0,
              "y": 205.0
            },
            {
              "x": 187.0,
              "y": 210.0
            },
            {
              "x": 187.0,
              "y": 212.0
            },
            {
              "x": 186.0,
              "y": 213.0
            },
            {
              "x": 186.0,
              "y": 216.0
            },
            {
              "x": 185.0,
              "y": 217.0
            },
            {
              "x": 185.0,
              "y": 219.0
            },
            {
              "x": 183.0,
              "y": 223.0
            },
            {
              "x": 183.0,
              "y": 232.0
            },
            {
              "x": 182.0,
              "y": 233.0
            },
            {
              "x": 182.0,
              "y": 237.0
            },
            {
              "x": 183.0,
              "y": 238.0
            },
            {
              "x": 183.0,
              "y": 247.0
            },
            {
              "x": 184.0,
              "y": 248.0
            },
            {
              "x": 184.0,
              "y": 254.0
            },
            {
              "x": 186.0,
              "y": 258.0
            },
            {
              "x": 186.0,
              "y": 263.0
            },
            {
              "x": 189.0,
              "y": 269.0
            },
            {
              "x": 188.0,
              "y": 274.0
            },
            {
              "x": 191.0,
              "y": 279.0
            },
            {
              "x": 191.0,
              "y": 285.0
            },
            {
              "x": 192.0,
              "y": 286.0
            },
            {
              "x": 192.0,
              "y": 294.0
            },
            {
              "x": 193.0,
              "y": 295.0
            },
            {
              "x": 193.0,
              "y": 303.0
            },
            {
              "x": 195.0,
              "y": 307.0
            },
            {
              "x": 195.0,
              "y": 314.0
            },
            {
              "x": 197.0,
              "y": 317.0
            },
            {
              "x": 198.0,
              "y": 317.0
            },
            {
              "x": 200.0,
              "y": 319.0
            },
            {
              "x": 202.0,
              "y": 319.0
            },
            {
              "x": 206.0,
              "y": 321.0
            },
            {
              "x": 210.0,
              "y": 324.0
            },
            {
              "x": 210.0,
              "y": 325.0
            },
            {
              "x": 212.0,
              "y": 327.0
            },
            {
              "x": 212.0,
              "y": 336.0
            },
            {
              "x": 213.0,
              "y": 337.0
            },
            {
              "x": 215.0,
              "y": 338.0
            },
            {
              "x": 221.0,
              "y": 338.0
            },
            {
              "x": 222.0,
              "y": 337.0
            },
            {
              "x": 228.0,
              "y": 337.0
            },
            {
              "x": 229.0,
              "y": 336.0
            },
            {
              "x": 232.0,
              "y": 336.0
            },
            {
              "x": 235.0,
              "y": 334.0
            },
            {
              "x": 239.0,
              "y": 334.0
            },
            {
              "x": 241.0,
              "y": 333.0
            },
            {
              "x": 249.0,
              "y": 325.0
            },
            {
              "x": 251.0,
              "y": 321.0
            },
            {
              "x": 254.0,
              "y": 318.0
            },
            {
              "x": 260.0,
              "y": 316.0
            },
            {
              "x": 264.0,
              "y": 312.0
            },
            {
              "x": 268.0,
              "y": 312.0
            },
            {
              "x": 269.0,
              "y": 311.0
            },
            {
              "x": 271.0,
              "y": 311.0
            },
            {
              "x": 275.0,
              "y": 307.0
            },
            {
              "x": 281.0,
              "y": 307.0
            },
            {
              "x": 286.0,
              "y": 303.0
            },
            {
              "x": 291.0,
              "y": 302.0
            },
            {
              "x": 296.0,
              "y": 298.0
            },
            {
              "x": 302.0,
              "y": 296.0
            },
            {
              "x": 312.0,
              "y": 286.0
            },
            {
              "x": 314.0,
              "y": 281.0
            },
            {
              "x": 317.0,
              "y": 279.0
            },
            {
              "x": 317.0,
              "y": 278.0
            },
            {
              "x": 319.0,
              "y": 276.0
            },
            {
              "x": 320.0,
              "y": 272.0
            },
            {
              "x": 324.0,
              "y": 268.0
            },
            {
              "x": 325.0,
              "y": 266.0
            },
            {
              "x": 325.0,
              "y": 260.0
            },
            {
              "x": 327.0,
              "y": 256.0
            },
            {
              "x": 327.0,
              "y": 248.0
            },
            {
              "x": 328.0,
              "y": 247.0
            },
            {
              "x": 328.0,
              "y": 241.0
            },
            {
              "x": 327.0,
              "y": 240.0
            },
            {
              "x": 327.0,
              "y": 235.0
            },
            {
              "x": 328.0,
              "y": 234.0
            },
            {
              "x": 326.0,
              "y": 230.0
            },
            {
              "x": 326.0,
              "y": 222.0
            },
            {
              "x": 323.0,
              "y": 216.0
            },
            {
              "x": 323.0,
              "y": 211.0
            },
            {
              "x": 322.0,
              "y": 210.0
            },
            {
              "x": 322.0,
              "y": 208.0
            },
            {
              "x": 320.0,
              "y": 204.0
            },
            {
              "x": 320.0,
              "y": 197.0
            },
            {
              "x": 318.0,
              "y": 193.0
            },
            {
              "x": 318.0,
              "y": 180.0
            },
            {
              "x": 319.0,
              "y": 179.0
            },
            {
              "x": 319.0,
              "y": 176.0
            },
            {
              "x": 321.0,
              "y": 172.0
            },
            {
              "x": 321.0,
              "y": 159.0
            },
            {
              "x": 320.0,
              "y": 158.0
            },
            {
              "x": 319.0,
              "y": 154.0
            },
            {
              "x": 317.0,
              "y": 152.0
            },
            {
              "x": 317.0,
              "y": 149.0
            },
            {
              "x": 315.0,
              "y": 147.0
            }
          ]
        ]
      },
      "properties": [],
      "slot_names": [
        "0"
      ]
    }
  ]
}