{
  "version": "2.0",
  "schema_ref": "https://darwin-public.s3.eu-west-1.amazonaws.com/darwin_json/2.0/schema.json",
  "item": {
    "name": "conchiglie.4qe7t3em.ingestion-5fd995d986-fwdsf.jpg",
    "path": "/",
    "source_info": {
      "item_id": "018ea5b6-3849-9549-632f-f3915e6590d1",
      "dataset": {
        "name": "Pasta",
        "slug": "pasta",
        "dataset_management_url": "https://darwin.v7labs.com/datasets/735230/dataset-management"
      },
      "team": {
        "name": "Salvino",
        "slug": "salvino"
      },
      "workview_url": "https://darwin.v7labs.com/workview?dataset=735230&item=018ea5b6-3849-9549-632f-f3915e6590d1"
    },
    "slots": [
      {
        "type": "image",
        "slot_name": "0",
        "width": 512,
        "height": 512,
        "thumbnail_url": "https://darwin.v7labs.com/api/v2/teams/salvino/files/5db0fe11-ca20-484c-b5f7-1b927cc6eed0/thumbnail",
        "source_files": [
          {
            "file_name": "conchiglie.4qe7t3em.ingestion-5fd995d986-fwdsf.jpg",
            "url": "https://darwin.v7labs.com/api/v2/teams/salvino/uploads/d44079a1-eb8c-47cc-a60f-6aa1d94b5d3c"
          }
        ]
      }
    ]
  },
  "annotations": [
    {
      "bounding_box": {
        "h": 233.0,
        "w": 241.0,
        "x": 0.0,
        "y": 90.0
      },
      "id": "ac1fe7b4-203b-4525-93a5-dde214b75818",
      "name": "Farfalle",
      "polygon": {
        "paths": [
          [
            {
              "x": 47.0,
              "y": 102.0
            },
            {
              "x": 45.0,
              "y": 105.0
            },
            {
              "x": 45.0,
              "y": 110.0
            },
            {
              "x": 44.0,
              "y": 111.0
            },
            {
              "x": 44.0,
              "y": 114.0
            },
            {
              "x": 41.0,
              "y": 118.0
            },
            {
              "x": 23.0,
              "y": 117.0
            },
            {
              "x": 20.0,
              "y": 119.0
            },
            {
              "x": 20.0,
              "y": 125.0
            },
            {
              "x": 21.0,
              "y": 126.0
            },
            {
              "x": 21.0,
              "y": 129.0
            },
            {
              "x": 23.0,
              "y": 133.0
            },
            {
              "x": 23.0,
              "y": 137.0
            },
            {
              "x": 22.0,
              "y": 138.0
            },
            {
              "x": 20.0,
              "y": 139.0
            },
            {
              "x": 12.0,
              "y": 139.0
            },
            {
              "x": 11.0,
              "y": 140.0
            },
            {
              "x": 7.0,
              "y": 140.0
            },
            {
              "x": 6.0,
              "y": 141.0
            },
            {
              "x": 4.0,
              "y": 141.0
            },
            {
              "x": 0.0,
              "y": 145.0
            },
            {
              "x": 0.0,
              "y": 148.0
            },
            {
              "x": 1.0,
              "y": 150.0
            },
            {
              "x": 3.0,
              "y": 151.0
            },
            {
              "x": 6.0,
              "y": 157.0
            },
            {
              "x": 6.0,
              "y": 158.0
            },
            {
              "x": 3.0,
              "y": 161.0
            },
            {
              "x": 0.0,
              "y": 161.0
            },
            {
              "x": 0.0,
              "y": 241.0
            },
            {
              "x": 1.0,
              "y": 242.0
            },
            {
              "x": 32.0,
              "y": 242.0
            },
            {
              "x": 33.0,
              "y": 241.0
            },
            {
              "x": 40.0,
              "y": 241.0
            },
            {
              "x": 41.0,
              "y": 240.0
            },
            {
              "x": 52.0,
              "y": 239.0
            },
            {
              "x": 53.0,
              "y": 238.0
            },
            {
              "x": 56.0,
              "y": 238.0
            },
            {
              "x": 57.0,
              "y": 237.0
            },
            {
              "x": 64.0,
              "y": 236.0
            },
            {
              "x": 67.0,
              "y": 234.0
            },
            {
              "x": 72.0,
              "y": 233.0
            },
            {
              "x": 85.0,
              "y": 226.0
            },
            {
              "x": 91.0,
              "y": 226.0
            },
            {
              "x": 95.0,
              "y": 222.0
            },
            {
              "x": 100.0,
              "y": 222.0
            },
            {
              "x": 102.0,
              "y": 223.0
            },
            {
              "x": 106.0,
              "y": 227.0
            },
            {
              "x": 106.0,
              "y": 234.0
            },
            {
              "x": 105.0,
              "y": 235.0
            },
            {
              "x": 105.0,
              "y": 240.0
            },
            {
              "x": 104.0,
              "y": 241.0
            },
            {
              "x": 104.0,
              "y": 252.0
            },
            {
              "x": 105.0,
              "y": 253.0
            },
            {
              "x": 106.0,
              "y": 260.0
            },
            {
              "x": 108.0,
              "y": 263.0
            },
            {
              "x": 108.0,
              "y": 265.0
            },
            {
              "x": 112.0,
              "y": 273.0
            },
            {
              "x": 114.0,
              "y": 275.0
            },
            {
              "x": 118.0,
              "y": 283.0
            },
            {
              "x": 121.0,
              "y": 286.0
            },
            {
              "x": 123.0,
              "y": 290.0
            },
            {
              "x": 127.0,
              "y": 294.0
            },
            {
              "x": 127.0,
              "y": 295.0
            },
            {
              "x": 135.0,
              "y": 305.0
            },
            {
              "x": 135.0,
              "y": 306.0
            },
            {
              "x": 139.0,
              "y": 310.0
            },
            {
              "x": 141.0,
              "y": 314.0
            },
            {
              "x": 148.0,
              "y": 321.0
            },
            {
              "x": 152.0,
              "y": 322.0
            },
            {
              "x": 153.0,
              "y": 323.0
            },
            {
              "x": 161.0,
              "y": 322.0
            },
            {
              "x": 168.0,
              "y": 317.0
            },
            {
              "x": 169.0,
              "y": 315.0
            },
            {
              "x": 169.0,
              "y": 310.0
            },
            {
              "x": 168.0,
              "y": 309.0
            },
            {
              "x": 168.0,
              "y": 297.0
            },
            {
              "x": 171.0,
              "y": 294.0
            },
            {
              "x": 179.0,
              "y": 295.0
            },
            {
              "x": 182.0,
              "y": 297.0
            },
            {
              "x": 185.0,
              "y": 297.0
            },
            {
              "x": 186.0,
              "y": 298.0
            },
            {
              "x": 191.0,
              "y": 298.0
            },
            {
              "x": 193.0,
              "y": 296.0
            },
            {
              "x": 192.0,
              "y": 278.0
            },
            {
              "x": 194.0,
              "y": 275.0
            },
            {
              "x": 196.0,
              "y": 274.0
            },
            {
              "x": 215.0,
              "y": 274.0
            },
            {
              "x": 217.0,
              "y": 273.0
            },
            {
              "x": 217.0,
              "y": 266.0
            },
            {
              "x": 215.0,
              "y": 262.0
            },
            {
              "x": 213.0,
              "y": 260.0
            },
            {
              "x": 211.0,
              "y": 256.0
            },
            {
              "x": 211.0,
              "y": 254.0
            },
            {
              "x": 216.0,
              "y": 250.0
            },
            {
              "x": 220.0,
              "y": 250.0
            },
            {
              "x": 221.0,
              "y": 249.0
            },
            {
              "x": 222.0,
              "y": 250.0
            },
            {
              "x": 226.0,
              "y": 250.0
            },
            {
              "x": 230.0,
              "y": 247.0
            },
            {
              "x": 231.0,
              "y": 243.0
            },
            {
              "x": 229.0,
              "y": 239.0
            },
            {
              "x": 223.0,
              "y": 232.0
            },
            {
              "x": 223.0,
              "y": 228.0
            },
            {
              "x": 225.0,
              "y": 226.0
            },
            {
              "x": 227.0,
              "y": 226.0
            },
            {
              "x": 230.0,
              "y": 224.0
            },
            {
              "x": 237.0,
              "y": 223.0
            },
            {
              "x": 240.0,
              "y": 219.0
            },
            {
              "x": 240.0,
              "y": 217.0
            },
            {
              "x": 238.0,
              "y": 213.0
            },
            {
              "x": 229.0,
              "y": 204.0
            },
            {
              "x": 229.0,
              "y": 200.0
            },
            {
              "x": 231.0,
              "y": 198.0
            },
            {
              "x": 237.0,
              "y": 195.0
            },
            {
              "x": 239.0,
              "y": 195.0
            },
            {
              "x": 241.0,
              "y": 192.0
            },
            {
              "x": 241.0,
              "y": 188.0
            },
            {
              "x": 240.0,
              "y": 186.0
            },
            {
              "x": 235.0,
              "y": 181.0
            },
            {
              "x": 234.0,
              "y": 181.0
            },
            {
              "x": 228.0,
              "y": 176.0
            },
            {
              "x": 228.0,
              "y": 175.0
            },
            {
              "x": 231.0,
              "y": 172.0
            },
            {
              "x": 236.0,
              "y": 170.0
            },
            {
              "x": 239.0,
              "y": 167.0
            },
            {
              "x": 239.0,
              "y": 164.0
            },
            {
              "x": 240.0,
              "y": 163.0
            },
            {
              "x": 239.0,
              "y": 161.0
            },
            {
              "x": 239.0,
              "y": 158.0
            },
            {
              "x": 236.0,
              "y": 155.0
            },
            {
              "x": 236.0,
              "y": 154.0
            },
            {
              "x": 232.0,
              "y": 151.0
            },
            {
              "x": 185.0,
              "y": 151.0
            },
            {
              "x": 184.0,
              "y": 152.0
            },
            {
              "x": 178.0,
              "y": 152.0
            },
            {
              "x": 177.0,
              "y": 153.0
            },
            {
              "x": 173.0,
              "y": 153.0
            },
            {
              "x": 170.0,
              "y": 155.0
            },
            {
              "x": 168.0,
              "y": 155.0
            },
            {
              "x": 156.0,
              "y": 161.0
            },
            {
              "x": 149.0,
              "y": 166.0
            },
            {
              "x": 147.0,
              "y": 166.0
            },
            {
              "x": 146.0,
              "y": 167.0
            },
            {
              "x": 144.0,
              "y": 167.0
            },
            {
              "x": 140.0,
              "y": 169.0
            },
            {
              "x": 126.0,
              "y": 169.0
            },
            {
              "x": 123.0,
              "y": 166.0
            },
            {
              "x": 124.0,
              "y": 165.0
            },
            {
              "x": 124.0,
              "y": 159.0
            },
            {
              "x": 125.0,
              "y": 158.0
            },
            {
              "x": 125.0,
              "y": 151.0
            },
            {
              "x": 124.0,
              "y": 150.0
            },
            {
              "x": 124.0,
              "y": 143.0
            },
            {
              "x": 122.0,
              "y": 139.0
            },
            {
              "x": 122.0,
              "y": 136.0
            },
            {
              "x": 116.0,
              "y": 124.0
            },
            {
              "x": 114.0,
              "y": 122.0
            },
            {
              "x": 110.0,
              "y": 115.0
            },
            {
              "x": 103.0,
              "y": 107.0
            },
            {
              "x": 103.0,
              "y": 106.0
            },
            {
              "x": 89.0,
              "y": 91.0
            },
            {
              "x": 87.0,
              "y": 90.0
            },
            {
              "x": 78.0,
              "y": 90.0
            },
            {
              "x": 74.0,
              "y": 92.0
            },
            {
              "x": 71.0,
              "y": 95.0
            },
            {
              "x": 69.0,
              "y": 103.0
            },
            {
              "x": 66.0,
              "y": 105.0
            },
            {
              "x": 65.0,
              "y": 104.0
            },
            {
              "x": 60.0,
              "y": 104.0
            },
            {
              "x": 59.0,
              "y": 103.0
            },
            {
              "x": 57.0,
              "y": 103.0
            },
            {
              "x": 56.0,
              "y": 102.0
            },
            {
              "x": 52.0,
              "y": 102.0
            },
            {
              "x": 51.0,
              "y": 101.0
            },
            {
              "x": 49.0,
              "y": 102.0
            }
          ]
        ]
      },
      "properties": [],
      "slot_names": [
        "0"
      ]
    }
  ]
}