{
  "version": "2.0",
  "schema_ref": "https://darwin-public.s3.eu-west-1.amazonaws.com/darwin_json/2.0/schema.json",
  "item": {
    "name": "conchiglie.4qe5h78t.ingestion-5fd995d986-fwdsf.jpg",
    "path": "/",
    "source_info": {
      "item_id": "018ea5b6-3848-9fa0-d3a6-94098b0e2aa4",
      "dataset": {
        "name": "Pasta",
        "slug": "pasta",
        "dataset_management_url": "https://darwin.v7labs.com/datasets/735230/dataset-management"
      },
      "team": {
        "name": "Salvino",
        "slug": "salvino"
      },
      "workview_url": "https://darwin.v7labs.com/workview?dataset=735230&item=018ea5b6-3848-9fa0-d3a6-94098b0e2aa4"
    },
    "slots": [
      {
        "type": "image",
        "slot_name": "0",
        "width": 512,
        "height": 512,
        "thumbnail_url": "https://darwin.v7labs.com/api/v2/teams/salvino/files/2ddca652-2e12-499d-9eeb-753175051484/thumbnail",
        "source_files": [
          {
            "file_name": "conchiglie.4qe5h78t.ingestion-5fd995d986-fwdsf.jpg",
            "url": "https://darwin.v7labs.com/api/v2/teams/salvino/uploads/a0c7e050-fc43-4126-a085-b8864d1856fd"
          }
        ]
      }
    ]
  },
  "annotations": [
    {
      "bounding_box": {
        "h": 152.0,
        "w": 136.0,
        "x": 135.0,
        "y": 99.0
      },
      "id": "9b1a9f48-be3c-4bdf-b24e-d70bce08dd1d",
      "name": "Conchiglie",
      "polygon": {
        "paths": [
          [
            {
              "x": 146.0,
              "y": 109.0
            },
            {
              "x": 146.0,
              "y": 110.0
            },
            {
              "x": 140.0,
              "y": 117.0
            },
            {
              "x": 139.0,
              "y": 123.0
            },
            {
              "x": 138.0,
              "y": 124.0
            },
            {
              "x": 138.0,
              "y": 128.0
            },
            {
              "x": 139.0,
              "y": 129.0
            },
            {
              "x": 139.0,
              "y": 140.0
            },
            {
              "x": 138.0,
              "y": 141.0
            },
            {
              "x": 138.0,
              "y": 154.0
            },
            {
              "x": 135.0,
              "y": 160.0
            },
            {
              "x": 135.0,
              "y": 166.0
            },
            {
              "x": 136.0,
              "y": 167.0
            },
            {
              "x": 136.0,
              "y": 171.0
            },
            {
              "x": 137.0,
              "y": 172.0
            },
            {
              "x": 136.0,
              "y": 173.0
            },
            {
              "x": 136.0,
              "y": 185.0
            },
            {
              "x": 137.0,
              "y": 186.0
            },
            {
              "x": 137.0,
              "y": 188.0
            },
            {
              "x": 139.0,
              "y": 190.0
            },
            {
              "x": 139.0,
              "y": 192.0
            },
            {
              "x": 140.0,
              "y": 193.0
            },
            {
              "x": 141.0,
              "y": 197.0
            },
            {
              "x": 144.0,
              "y": 200.0
            },
            {
              "x": 146.0,
              "y": 204.0
            },
            {
              "x": 151.0,
              "y": 209.0
            },
            {
              "x": 152.0,
              "y": 209.0
            },
            {
              "x": 156.0,
              "y": 214.0
            },
            {
              "x": 160.0,
              "y": 216.0
            },
            {
              "x": 166.0,
              "y": 221.0
            },
            {
              "x": 168.0,
              "y": 222.0
            },
            {
              "x": 171.0,
              "y": 222.0
            },
            {
              "x": 173.0,
              "y": 224.0
            },
            {
              "x": 175.0,
              "y": 224.0
            },
            {
              "x": 179.0,
              "y": 226.0
            },
            {
              "x": 182.0,
              "y": 226.0
            },
            {
              "x": 187.0,
              "y": 229.0
            },
            {
              "x": 192.0,
              "y": 229.0
            },
            {
              "x": 198.0,
              "y": 232.0
            },
            {
              "x": 202.0,
              "y": 232.0
            },
            {
              "x": 212.0,
              "y": 237.0
            },
            {
              "x": 216.0,
              "y": 241.0
            },
            {
              "x": 216.0,
              "y": 243.0
            },
            {
              "x": 219.0,
              "y": 246.0
            },
            {
              "x": 221.0,
              "y": 246.0
            },
            {
              "x": 223.0,
              "y": 248.0
            },
            {
              "x": 225.0,
              "y": 248.0
            },
            {
              "x": 226.0,
              "y": 249.0
            },
            {
              "x": 234.0,
              "y": 249.0
            },
            {
              "x": 235.0,
              "y": 250.0
            },
            {
              "x": 243.0,
              "y": 250.0
            },
            {
              "x": 244.0,
              "y": 251.0
            },
            {
              "x": 248.0,
              "y": 250.0
            },
            {
              "x": 251.0,
              "y": 248.0
            },
            {
              "x": 253.0,
              "y": 248.0
            },
            {
              "x": 256.0,
              "y": 245.0
            },
            {
              "x": 256.0,
              "y": 240.0
            },
            {
              "x": 259.0,
              "y": 236.0
            },
            {
              "x": 259.0,
              "y": 235.0
            },
            {
              "x": 264.0,
              "y": 231.0
            },
            {
              "x": 265.0,
              "y": 231.0
            },
            {
              "x": 270.0,
              "y": 225.0
            },
            {
              "x": 270.0,
              "y": 213.0
            },
            {
              "x": 269.0,
              "y": 212.0
            },
            {
              "x": 269.0,
              "y": 200.0
            },
            {
              "x": 268.0,
              "y": 199.0
            },
            {
              "x": 268.0,
              "y": 182.0
            },
            {
              "x": 269.0,
              "y": 181.0
            },
            {
              "x": 269.0,
              "y": 176.0
            },
            {
              "x": 270.0,
              "y": 175.0
            },
            {
              "x": 269.0,
              "y": 167.0
            },
            {
              "x": 271.0,
              "y": 164.0
            },
            {
              "x": 271.0,
              "y": 161.0
            },
            {
              "x": 270.0,
              "y": 160.0
            },
            {
              "x": 270.0,
              "y": 155.0
            },
            {
              "x": 271.0,
              "y": 154.0
            },
            {
              "x": 271.0,
              "y": 152.0
            },
            {
              "x": 270.0,
              "y": 151.0
            },
            {
              "x": 269.0,
              "y": 145.0
            },
            {
              "x": 268.0,
              "y": 144.0
            },
            {
              "x": 268.0,
              "y": 139.0
            },
            {
              "x": 266.0,
              "y": 137.0
            },
            {
              "x": 266.0,
              "y": 135.0
            },
            {
              "x": 262.0,
              "y": 128.0
            },
            {
              "x": 261.0,
              "y": 124.0
            },
            {
              "x": 260.0,
              "y": 124.0
            },
            {
              "x": 249.0,
              "y": 114.0
            },
            {
              "x": 248.0,
              "y": 114.0
            },
            {
              "x": 243.0,
              "y": 110.0
            },
            {
              "x": 237.0,
              "y": 107.0
            },
            {
              "x": 234.0,
              "y": 107.0
            },
            {
              "x": 231.0,
              "y": 105.0
            },
            {
              "x": 221.0,
              "y": 104.0
            },
            {
              "x": 220.0,
              "y": 103.0
            },
            {
              "x": 201.0,
              "y": 103.0
            },
            {
              "x": 200.0,
              "y": 104.0
            },
            {
              "x": 192.0,
              "y": 104.0
            },
            {
              "x": 189.0,
              "y": 102.0
            },
            {
              "x": 185.0,
              "y": 102.0
            },
            {
              "x": 179.0,
              "y": 99.0
            },
            {
              "x": 166.0,
              "y": 99.0
            },
            {
              "x": 165.0,
              "y": 100.0
            },
            {
              "x": 161.0,
              "y": 100.0
            },
            {
              "x": 158.0,
              "y": 102.0
            },
            {
              "x": 156.0,
              "y": 102.0
            },
            {
              "x": 153.0,
              "y": 105.0
            },
            {
              "x": 152.0,
              "y": 105.0
            },
            {
              "x": 147.0,
              "y": 109.0
            }
          ]
        ]
      },
      "properties": [],
      "slot_names": [
        "0"
      ]
    }
  ]
}