{
  "version": "2.0",
  "schema_ref": "https://darwin-public.s3.eu-west-1.amazonaws.com/darwin_json/2.0/schema.json",
  "item": {
    "name": "conchiglie.4qe5gfqg.ingestion-5fd995d986-l5rgx.jpg",
    "path": "/",
    "source_info": {
      "item_id": "018ea5b6-3847-4fdf-481b-558abde72b70",
      "dataset": {
        "name": "Pasta",
        "slug": "pasta",
        "dataset_management_url": "https://darwin.v7labs.com/datasets/735230/dataset-management"
      },
      "team": {
        "name": "Salvino",
        "slug": "salvino"
      },
      "workview_url": "https://darwin.v7labs.com/workview?dataset=735230&item=018ea5b6-3847-4fdf-481b-558abde72b70"
    },
    "slots": [
      {
        "type": "image",
        "slot_name": "0",
        "width": 512,
        "height": 512,
        "thumbnail_url": "https://darwin.v7labs.com/api/v2/teams/salvino/files/59a2aade-00da-48f1-8328-4bf4f6dd0c65/thumbnail",
        "source_files": [
          {
            "file_name": "conchiglie.4qe5gfqg.ingestion-5fd995d986-l5rgx.jpg",
            "url": "https://darwin.v7labs.com/api/v2/teams/salvino/uploads/ba98abdb-2f3f-4e43-a523-de4ceff69f81"
          }
        ]
      }
    ]
  },
  "annotations": [
    {
      "bounding_box": {
        "h": 133.0,
        "w": 169.0,
        "x": 94.0,
        "y": 110.0
      },
      "id": "311bab62-e4c4-4841-b571-f3b70ed9c79a",
      "name": "Conchiglie",
      "polygon": {
        "paths": [
          [
            {
              "x": 97.0,
              "y": 119.0
            },
            {
              "x": 97.0,
              "y": 122.0
            },
            {
              "x": 96.0,
              "y": 123.0
            },
            {
              "x": 96.0,
              "y": 128.0
            },
            {
              "x": 95.0,
              "y": 129.0
            },
            {
              "x": 95.0,
              "y": 135.0
            },
            {
              "x": 94.0,
              "y": 136.0
            },
            {
              "x": 94.0,
              "y": 141.0
            },
            {
              "x": 95.0,
              "y": 142.0
            },
            {
              "x": 96.0,
              "y": 147.0
            },
            {
              "x": 99.0,
              "y": 150.0
            },
            {
              "x": 102.0,
              "y": 157.0
            },
            {
              "x": 106.0,
              "y": 161.0
            },
            {
              "x": 107.0,
              "y": 164.0
            },
            {
              "x": 109.0,
              "y": 165.0
            },
            {
              "x": 112.0,
              "y": 171.0
            },
            {
              "x": 112.0,
              "y": 173.0
            },
            {
              "x": 113.0,
              "y": 174.0
            },
            {
              "x": 113.0,
              "y": 178.0
            },
            {
              "x": 115.0,
              "y": 182.0
            },
            {
              "x": 116.0,
              "y": 192.0
            },
            {
              "x": 118.0,
              "y": 196.0
            },
            {
              "x": 118.0,
              "y": 199.0
            },
            {
              "x": 119.0,
              "y": 200.0
            },
            {
              "x": 120.0,
              "y": 205.0
            },
            {
              "x": 123.0,
              "y": 211.0
            },
            {
              "x": 125.0,
              "y": 213.0
            },
            {
              "x": 128.0,
              "y": 219.0
            },
            {
              "x": 139.0,
              "y": 230.0
            },
            {
              "x": 140.0,
              "y": 230.0
            },
            {
              "x": 142.0,
              "y": 232.0
            },
            {
              "x": 144.0,
              "y": 232.0
            },
            {
              "x": 146.0,
              "y": 234.0
            },
            {
              "x": 154.0,
              "y": 238.0
            },
            {
              "x": 156.0,
              "y": 238.0
            },
            {
              "x": 161.0,
              "y": 241.0
            },
            {
              "x": 164.0,
              "y": 241.0
            },
            {
              "x": 165.0,
              "y": 242.0
            },
            {
              "x": 171.0,
              "y": 242.0
            },
            {
              "x": 172.0,
              "y": 243.0
            },
            {
              "x": 192.0,
              "y": 243.0
            },
            {
              "x": 196.0,
              "y": 241.0
            },
            {
              "x": 199.0,
              "y": 241.0
            },
            {
              "x": 200.0,
              "y": 240.0
            },
            {
              "x": 205.0,
              "y": 239.0
            },
            {
              "x": 212.0,
              "y": 235.0
            },
            {
              "x": 214.0,
              "y": 235.0
            },
            {
              "x": 216.0,
              "y": 233.0
            },
            {
              "x": 221.0,
              "y": 232.0
            },
            {
              "x": 225.0,
              "y": 229.0
            },
            {
              "x": 227.0,
              "y": 229.0
            },
            {
              "x": 233.0,
              "y": 226.0
            },
            {
              "x": 236.0,
              "y": 226.0
            },
            {
              "x": 240.0,
              "y": 224.0
            },
            {
              "x": 247.0,
              "y": 223.0
            },
            {
              "x": 255.0,
              "y": 219.0
            },
            {
              "x": 256.0,
              "y": 218.0
            },
            {
              "x": 256.0,
              "y": 213.0
            },
            {
              "x": 255.0,
              "y": 212.0
            },
            {
              "x": 255.0,
              "y": 210.0
            },
            {
              "x": 257.0,
              "y": 207.0
            },
            {
              "x": 260.0,
              "y": 206.0
            },
            {
              "x": 262.0,
              "y": 204.0
            },
            {
              "x": 263.0,
              "y": 201.0
            },
            {
              "x": 260.0,
              "y": 197.0
            },
            {
              "x": 259.0,
              "y": 194.0
            },
            {
              "x": 257.0,
              "y": 192.0
            },
            {
              "x": 257.0,
              "y": 190.0
            },
            {
              "x": 255.0,
              "y": 186.0
            },
            {
              "x": 253.0,
              "y": 184.0
            },
            {
              "x": 252.0,
              "y": 180.0
            },
            {
              "x": 250.0,
              "y": 178.0
            },
            {
              "x": 250.0,
              "y": 177.0
            },
            {
              "x": 246.0,
              "y": 174.0
            },
            {
              "x": 246.0,
              "y": 173.0
            },
            {
              "x": 242.0,
              "y": 171.0
            },
            {
              "x": 238.0,
              "y": 167.0
            },
            {
              "x": 237.0,
              "y": 164.0
            },
            {
              "x": 232.0,
              "y": 159.0
            },
            {
              "x": 230.0,
              "y": 154.0
            },
            {
              "x": 227.0,
              "y": 151.0
            },
            {
              "x": 225.0,
              "y": 146.0
            },
            {
              "x": 223.0,
              "y": 144.0
            },
            {
              "x": 223.0,
              "y": 143.0
            },
            {
              "x": 221.0,
              "y": 142.0
            },
            {
              "x": 220.0,
              "y": 139.0
            },
            {
              "x": 212.0,
              "y": 131.0
            },
            {
              "x": 212.0,
              "y": 130.0
            },
            {
              "x": 211.0,
              "y": 130.0
            },
            {
              "x": 208.0,
              "y": 127.0
            },
            {
              "x": 207.0,
              "y": 127.0
            },
            {
              "x": 202.0,
              "y": 122.0
            },
            {
              "x": 197.0,
              "y": 120.0
            },
            {
              "x": 194.0,
              "y": 117.0
            },
            {
              "x": 192.0,
              "y": 117.0
            },
            {
              "x": 184.0,
              "y": 113.0
            },
            {
              "x": 180.0,
              "y": 113.0
            },
            {
              "x": 176.0,
              "y": 111.0
            },
            {
              "x": 158.0,
              "y": 111.0
            },
            {
              "x": 157.0,
              "y": 112.0
            },
            {
              "x": 154.0,
              "y": 112.0
            },
            {
              "x": 153.0,
              "y": 113.0
            },
            {
              "x": 147.0,
              "y": 113.0
            },
            {
              "x": 146.0,
              "y": 114.0
            },
            {
              "x": 142.0,
              "y": 114.0
            },
            {
              "x": 141.0,
              "y": 115.0
            },
            {
              "x": 136.0,
              "y": 115.0
            },
            {
              "x": 132.0,
              "y": 113.0
            },
            {
              "x": 130.0,
              "y": 111.0
            },
            {
              "x": 121.0,
              "y": 111.0
            },
            {
              "x": 120.0,
              "y": 110.0
            },
            {
              "x": 113.0,
              "y": 110.0
            },
            {
              "x": 112.0,
              "y": 111.0
            },
            {
              "x": 108.0,
              "y": 111.0
            },
            {
              "x": 107.0,
              "y": 112.0
            },
            {
              "x": 105.0,
              "y": 112.0
            },
            {
              "x": 101.0,
              "y": 115.0
            },
            {
              "x": 100.0,
              "y": 115.0
            },
            {
              "x": 99.0,
              "y": 117.0
            }
          ]
        ]
      },
      "properties": [],
      "slot_names": [
        "0"
      ]
    }
  ]
}