{
  "version": "2.0",
  "schema_ref": "https://darwin-public.s3.eu-west-1.amazonaws.com/darwin_json/2.0/schema.json",
  "item": {
    "name": "conchiglie.4qe5h9e4.ingestion-5fd995d986-l5rgx.jpg",
    "path": "/",
    "source_info": {
      "item_id": "018ea5b6-3848-efbc-5c9e-ff4161cb6b1c",
      "dataset": {
        "name": "Pasta",
        "slug": "pasta",
        "dataset_management_url": "https://darwin.v7labs.com/datasets/735230/dataset-management"
      },
      "team": {
        "name": "Salvino",
        "slug": "salvino"
      },
      "workview_url": "https://darwin.v7labs.com/workview?dataset=735230&item=018ea5b6-3848-efbc-5c9e-ff4161cb6b1c"
    },
    "slots": [
      {
        "type": "image",
        "slot_name": "0",
        "width": 512,
        "height": 512,
        "thumbnail_url": "https://darwin.v7labs.com/api/v2/teams/salvino/files/6a7849f7-829d-4add-9038-e1b782f9539d/thumbnail",
        "source_files": [
          {
            "file_name": "conchiglie.4qe5h9e4.ingestion-5fd995d986-l5rgx.jpg",
            "url": "https://darwin.v7labs.com/api/v2/teams/salvino/uploads/2fd6c558-87e8-4fdf-b3e0-eb8101c9b43b"
          }
        ]
      }
    ]
  },
  "annotations": [
    {
      "bounding_box": {
        "h": 171.0,
        "w": 154.0,
        "x": 105.0,
        "y": 133.0
      },
      "id": "133dcbfe-8ee7-46a2-8f60-0968660105e4",
      "name": "Conchiglie",
      "polygon": {
        "paths": [
          [
            {
              "x": 117.0,
              "y": 140.0
            },
            {
              "x": 112.0,
              "y": 145.0
            },
            {
              "x": 111.0,
              "y": 145.0
            },
            {
              "x": 111.0,
              "y": 146.0
            },
            {
              "x": 108.0,
              "y": 149.0
            },
            {
              "x": 108.0,
              "y": 151.0
            },
            {
              "x": 105.0,
              "y": 156.0
            },
            {
              "x": 105.0,
              "y": 158.0
            },
            {
              "x": 107.0,
              "y": 162.0
            },
            {
              "x": 106.0,
              "y": 168.0
            },
            {
              "x": 111.0,
              "y": 173.0
            },
            {
              "x": 111.0,
              "y": 179.0
            },
            {
              "x": 112.0,
              "y": 180.0
            },
            {
              "x": 112.0,
              "y": 184.0
            },
            {
              "x": 111.0,
              "y": 185.0
            },
            {
              "x": 111.0,
              "y": 195.0
            },
            {
              "x": 110.0,
              "y": 196.0
            },
            {
              "x": 110.0,
              "y": 203.0
            },
            {
              "x": 109.0,
              "y": 204.0
            },
            {
              "x": 109.0,
              "y": 207.0
            },
            {
              "x": 108.0,
              "y": 208.0
            },
            {
              "x": 108.0,
              "y": 230.0
            },
            {
              "x": 111.0,
              "y": 236.0
            },
            {
              "x": 111.0,
              "y": 240.0
            },
            {
              "x": 112.0,
              "y": 241.0
            },
            {
              "x": 112.0,
              "y": 243.0
            },
            {
              "x": 116.0,
              "y": 247.0
            },
            {
              "x": 116.0,
              "y": 249.0
            },
            {
              "x": 118.0,
              "y": 253.0
            },
            {
              "x": 122.0,
              "y": 257.0
            },
            {
              "x": 124.0,
              "y": 258.0
            },
            {
              "x": 125.0,
              "y": 261.0
            },
            {
              "x": 129.0,
              "y": 265.0
            },
            {
              "x": 133.0,
              "y": 267.0
            },
            {
              "x": 138.0,
              "y": 272.0
            },
            {
              "x": 141.0,
              "y": 272.0
            },
            {
              "x": 143.0,
              "y": 273.0
            },
            {
              "x": 147.0,
              "y": 277.0
            },
            {
              "x": 149.0,
              "y": 277.0
            },
            {
              "x": 150.0,
              "y": 278.0
            },
            {
              "x": 154.0,
              "y": 278.0
            },
            {
              "x": 158.0,
              "y": 280.0
            },
            {
              "x": 160.0,
              "y": 282.0
            },
            {
              "x": 167.0,
              "y": 282.0
            },
            {
              "x": 173.0,
              "y": 285.0
            },
            {
              "x": 182.0,
              "y": 285.0
            },
            {
              "x": 184.0,
              "y": 287.0
            },
            {
              "x": 192.0,
              "y": 287.0
            },
            {
              "x": 193.0,
              "y": 288.0
            },
            {
              "x": 195.0,
              "y": 288.0
            },
            {
              "x": 199.0,
              "y": 291.0
            },
            {
              "x": 204.0,
              "y": 291.0
            },
            {
              "x": 207.0,
              "y": 294.0
            },
            {
              "x": 207.0,
              "y": 295.0
            },
            {
              "x": 210.0,
              "y": 299.0
            },
            {
              "x": 214.0,
              "y": 300.0
            },
            {
              "x": 218.0,
              "y": 302.0
            },
            {
              "x": 220.0,
              "y": 304.0
            },
            {
              "x": 238.0,
              "y": 304.0
            },
            {
              "x": 239.0,
              "y": 303.0
            },
            {
              "x": 243.0,
              "y": 303.0
            },
            {
              "x": 245.0,
              "y": 301.0
            },
            {
              "x": 246.0,
              "y": 301.0
            },
            {
              "x": 247.0,
              "y": 299.0
            },
            {
              "x": 247.0,
              "y": 295.0
            },
            {
              "x": 248.0,
              "y": 294.0
            },
            {
              "x": 248.0,
              "y": 292.0
            },
            {
              "x": 251.0,
              "y": 286.0
            },
            {
              "x": 258.0,
              "y": 279.0
            },
            {
              "x": 259.0,
              "y": 277.0
            },
            {
              "x": 259.0,
              "y": 275.0
            },
            {
              "x": 258.0,
              "y": 274.0
            },
            {
              "x": 258.0,
              "y": 262.0
            },
            {
              "x": 256.0,
              "y": 258.0
            },
            {
              "x": 255.0,
              "y": 244.0
            },
            {
              "x": 254.0,
              "y": 243.0
            },
            {
              "x": 254.0,
              "y": 233.0
            },
            {
              "x": 253.0,
              "y": 232.0
            },
            {
              "x": 253.0,
              "y": 228.0
            },
            {
              "x": 254.0,
              "y": 227.0
            },
            {
              "x": 254.0,
              "y": 198.0
            },
            {
              "x": 253.0,
              "y": 197.0
            },
            {
              "x": 253.0,
              "y": 190.0
            },
            {
              "x": 251.0,
              "y": 187.0
            },
            {
              "x": 250.0,
              "y": 181.0
            },
            {
              "x": 246.0,
              "y": 173.0
            },
            {
              "x": 244.0,
              "y": 171.0
            },
            {
              "x": 243.0,
              "y": 168.0
            },
            {
              "x": 234.0,
              "y": 158.0
            },
            {
              "x": 230.0,
              "y": 156.0
            },
            {
              "x": 224.0,
              "y": 150.0
            },
            {
              "x": 222.0,
              "y": 150.0
            },
            {
              "x": 218.0,
              "y": 148.0
            },
            {
              "x": 215.0,
              "y": 145.0
            },
            {
              "x": 213.0,
              "y": 145.0
            },
            {
              "x": 212.0,
              "y": 144.0
            },
            {
              "x": 210.0,
              "y": 144.0
            },
            {
              "x": 206.0,
              "y": 142.0
            },
            {
              "x": 203.0,
              "y": 142.0
            },
            {
              "x": 202.0,
              "y": 141.0
            },
            {
              "x": 198.0,
              "y": 141.0
            },
            {
              "x": 197.0,
              "y": 140.0
            },
            {
              "x": 161.0,
              "y": 140.0
            },
            {
              "x": 160.0,
              "y": 139.0
            },
            {
              "x": 156.0,
              "y": 139.0
            },
            {
              "x": 155.0,
              "y": 138.0
            },
            {
              "x": 153.0,
              "y": 138.0
            },
            {
              "x": 149.0,
              "y": 136.0
            },
            {
              "x": 146.0,
              "y": 136.0
            },
            {
              "x": 140.0,
              "y": 133.0
            },
            {
              "x": 133.0,
              "y": 133.0
            },
            {
              "x": 132.0,
              "y": 134.0
            },
            {
              "x": 127.0,
              "y": 134.0
            },
            {
              "x": 123.0,
              "y": 137.0
            },
            {
              "x": 120.0,
              "y": 138.0
            },
            {
              "x": 118.0,
              "y": 140.0
            }
          ]
        ]
      },
      "properties": [],
      "slot_names": [
        "0"
      ]
    }
  ]
}