{
  "version": "2.0",
  "schema_ref": "https://darwin-public.s3.eu-west-1.amazonaws.com/darwin_json/2.0/schema.json",
  "item": {
    "name": "conchiglie.4qe86qk5.ingestion-5fd995d986-9zbdz.jpg",
    "path": "/",
    "source_info": {
      "item_id": "018ea5b6-384b-ce40-2011-99b9ae40f06c",
      "dataset": {
        "name": "Pasta",
        "slug": "pasta",
        "dataset_management_url": "https://darwin.v7labs.com/datasets/735230/dataset-management"
      },
      "team": {
        "name": "Salvino",
        "slug": "salvino"
      },
      "workview_url": "https://darwin.v7labs.com/workview?dataset=735230&item=018ea5b6-384b-ce40-2011-99b9ae40f06c"
    },
    "slots": [
      {
        "type": "image",
        "slot_name": "0",
        "width": 512,
        "height": 512,
        "thumbnail_url": "https://darwin.v7labs.com/api/v2/teams/salvino/files/f8b12ecf-f43f-485b-89b8-5aa86cfb3f32/thumbnail",
        "source_files": [
          {
            "file_name": "conchiglie.4qe86qk5.ingestion-5fd995d986-9zbdz.jpg",
            "url": "https://darwin.v7labs.com/api/v2/teams/salvino/uploads/0c9fbcfd-59e9-4425-a1d9-174b062d1c94"
          }
        ]
      }
    ]
  },
  "annotations": [
    {
      "bounding_box": {
        "h": 208.0,
        "w": 214.0,
        "x": 59.0,
        "y": 197.0
      },
      "id": "42b8c814-1362-4bf3-8eea-e76c8a966dca",
      "name": "Farfalle",
      "polygon": {
        "paths": [
          [
            {
              "x": 145.0,
              "y": 197.0
            },
            {
              "x": 141.0,
              "y": 200.0
            },
            {
              "x": 139.0,
              "y": 204.0
            },
            {
              "x": 139.0,
              "y": 213.0
            },
            {
              "x": 138.0,
              "y": 214.0
            },
            {
              "x": 138.0,
              "y": 225.0
            },
            {
              "x": 137.0,
              "y": 226.0
            },
            {
              "x": 137.0,
              "y": 250.0
            },
            {
              "x": 138.0,
              "y": 251.0
            },
            {
              "x": 138.0,
              "y": 255.0
            },
            {
              "x": 139.0,
              "y": 256.0
            },
            {
              "x": 139.0,
              "y": 260.0
            },
            {
              "x": 140.0,
              "y": 261.0
            },
            {
              "x": 140.0,
              "y": 263.0
            },
            {
              "x": 145.0,
              "y": 272.0
            },
            {
              "x": 153.0,
              "y": 282.0
            },
            {
              "x": 153.0,
              "y": 285.0
            },
            {
              "x": 152.0,
              "y": 287.0
            },
            {
              "x": 148.0,
              "y": 290.0
            },
            {
              "x": 144.0,
              "y": 290.0
            },
            {
              "x": 143.0,
              "y": 291.0
            },
            {
              "x": 138.0,
              "y": 291.0
            },
            {
              "x": 137.0,
              "y": 290.0
            },
            {
              "x": 128.0,
              "y": 290.0
            },
            {
              "x": 127.0,
              "y": 291.0
            },
            {
              "x": 117.0,
              "y": 292.0
            },
            {
              "x": 116.0,
              "y": 293.0
            },
            {
              "x": 108.0,
              "y": 295.0
            },
            {
              "x": 100.0,
              "y": 299.0
            },
            {
              "x": 98.0,
              "y": 301.0
            },
            {
              "x": 95.0,
              "y": 302.0
            },
            {
              "x": 93.0,
              "y": 304.0
            },
            {
              "x": 85.0,
              "y": 308.0
            },
            {
              "x": 84.0,
              "y": 310.0
            },
            {
              "x": 82.0,
              "y": 310.0
            },
            {
              "x": 81.0,
              "y": 312.0
            },
            {
              "x": 80.0,
              "y": 312.0
            },
            {
              "x": 75.0,
              "y": 316.0
            },
            {
              "x": 72.0,
              "y": 317.0
            },
            {
              "x": 70.0,
              "y": 319.0
            },
            {
              "x": 67.0,
              "y": 320.0
            },
            {
              "x": 64.0,
              "y": 323.0
            },
            {
              "x": 63.0,
              "y": 323.0
            },
            {
              "x": 63.0,
              "y": 324.0
            },
            {
              "x": 60.0,
              "y": 327.0
            },
            {
              "x": 60.0,
              "y": 329.0
            },
            {
              "x": 59.0,
              "y": 330.0
            },
            {
              "x": 59.0,
              "y": 334.0
            },
            {
              "x": 60.0,
              "y": 335.0
            },
            {
              "x": 60.0,
              "y": 337.0
            },
            {
              "x": 65.0,
              "y": 341.0
            },
            {
              "x": 79.0,
              "y": 341.0
            },
            {
              "x": 81.0,
              "y": 343.0
            },
            {
              "x": 80.0,
              "y": 344.0
            },
            {
              "x": 80.0,
              "y": 347.0
            },
            {
              "x": 76.0,
              "y": 354.0
            },
            {
              "x": 76.0,
              "y": 359.0
            },
            {
              "x": 78.0,
              "y": 360.0
            },
            {
              "x": 86.0,
              "y": 360.0
            },
            {
              "x": 87.0,
              "y": 359.0
            },
            {
              "x": 93.0,
              "y": 359.0
            },
            {
              "x": 95.0,
              "y": 361.0
            },
            {
              "x": 95.0,
              "y": 369.0
            },
            {
              "x": 94.0,
              "y": 370.0
            },
            {
              "x": 94.0,
              "y": 376.0
            },
            {
              "x": 97.0,
              "y": 378.0
            },
            {
              "x": 99.0,
              "y": 378.0
            },
            {
              "x": 103.0,
              "y": 376.0
            },
            {
              "x": 106.0,
              "y": 376.0
            },
            {
              "x": 107.0,
              "y": 375.0
            },
            {
              "x": 112.0,
              "y": 374.0
            },
            {
              "x": 114.0,
              "y": 376.0
            },
            {
              "x": 114.0,
              "y": 378.0
            },
            {
              "x": 115.0,
              "y": 379.0
            },
            {
              "x": 115.0,
              "y": 389.0
            },
            {
              "x": 117.0,
              "y": 391.0
            },
            {
              "x": 122.0,
              "y": 391.0
            },
            {
              "x": 126.0,
              "y": 388.0
            },
            {
              "x": 128.0,
              "y": 388.0
            },
            {
              "x": 134.0,
              "y": 385.0
            },
            {
              "x": 136.0,
              "y": 387.0
            },
            {
              "x": 138.0,
              "y": 391.0
            },
            {
              "x": 139.0,
              "y": 399.0
            },
            {
              "x": 141.0,
              "y": 401.0
            },
            {
              "x": 144.0,
              "y": 401.0
            },
            {
              "x": 146.0,
              "y": 400.0
            },
            {
              "x": 158.0,
              "y": 391.0
            },
            {
              "x": 161.0,
              "y": 393.0
            },
            {
              "x": 161.0,
              "y": 395.0
            },
            {
              "x": 163.0,
              "y": 397.0
            },
            {
              "x": 164.0,
              "y": 401.0
            },
            {
              "x": 165.0,
              "y": 401.0
            },
            {
              "x": 168.0,
              "y": 404.0
            },
            {
              "x": 172.0,
              "y": 403.0
            },
            {
              "x": 175.0,
              "y": 400.0
            },
            {
              "x": 176.0,
              "y": 397.0
            },
            {
              "x": 179.0,
              "y": 394.0
            },
            {
              "x": 179.0,
              "y": 393.0
            },
            {
              "x": 182.0,
              "y": 391.0
            },
            {
              "x": 186.0,
              "y": 395.0
            },
            {
              "x": 186.0,
              "y": 397.0
            },
            {
              "x": 192.0,
              "y": 405.0
            },
            {
              "x": 195.0,
              "y": 405.0
            },
            {
              "x": 196.0,
              "y": 404.0
            },
            {
              "x": 201.0,
              "y": 403.0
            },
            {
              "x": 204.0,
              "y": 401.0
            },
            {
              "x": 204.0,
              "y": 397.0
            },
            {
              "x": 205.0,
              "y": 396.0
            },
            {
              "x": 205.0,
              "y": 387.0
            },
            {
              "x": 206.0,
              "y": 386.0
            },
            {
              "x": 206.0,
              "y": 376.0
            },
            {
              "x": 207.0,
              "y": 375.0
            },
            {
              "x": 207.0,
              "y": 362.0
            },
            {
              "x": 206.0,
              "y": 361.0
            },
            {
              "x": 206.0,
              "y": 350.0
            },
            {
              "x": 205.0,
              "y": 349.0
            },
            {
              "x": 204.0,
              "y": 336.0
            },
            {
              "x": 201.0,
              "y": 331.0
            },
            {
              "x": 201.0,
              "y": 329.0
            },
            {
              "x": 193.0,
              "y": 319.0
            },
            {
              "x": 193.0,
              "y": 316.0
            },
            {
              "x": 196.0,
              "y": 311.0
            },
            {
              "x": 197.0,
              "y": 307.0
            },
            {
              "x": 198.0,
              "y": 306.0
            },
            {
              "x": 204.0,
              "y": 306.0
            },
            {
              "x": 205.0,
              "y": 307.0
            },
            {
              "x": 219.0,
              "y": 307.0
            },
            {
              "x": 220.0,
              "y": 306.0
            },
            {
              "x": 225.0,
              "y": 306.0
            },
            {
              "x": 226.0,
              "y": 305.0
            },
            {
              "x": 234.0,
              "y": 303.0
            },
            {
              "x": 237.0,
              "y": 301.0
            },
            {
              "x": 242.0,
              "y": 300.0
            },
            {
              "x": 246.0,
              "y": 297.0
            },
            {
              "x": 253.0,
              "y": 294.0
            },
            {
              "x": 256.0,
              "y": 291.0
            },
            {
              "x": 258.0,
              "y": 291.0
            },
            {
              "x": 262.0,
              "y": 289.0
            },
            {
              "x": 268.0,
              "y": 284.0
            },
            {
              "x": 269.0,
              "y": 284.0
            },
            {
              "x": 273.0,
              "y": 277.0
            },
            {
              "x": 273.0,
              "y": 275.0
            },
            {
              "x": 269.0,
              "y": 269.0
            },
            {
              "x": 260.0,
              "y": 269.0
            },
            {
              "x": 259.0,
              "y": 268.0
            },
            {
              "x": 257.0,
              "y": 268.0
            },
            {
              "x": 254.0,
              "y": 265.0
            },
            {
              "x": 255.0,
              "y": 264.0
            },
            {
              "x": 255.0,
              "y": 262.0
            },
            {
              "x": 257.0,
              "y": 258.0
            },
            {
              "x": 260.0,
              "y": 254.0
            },
            {
              "x": 259.0,
              "y": 251.0
            },
            {
              "x": 257.0,
              "y": 250.0
            },
            {
              "x": 248.0,
              "y": 250.0
            },
            {
              "x": 247.0,
              "y": 249.0
            },
            {
              "x": 245.0,
              "y": 249.0
            },
            {
              "x": 243.0,
              "y": 247.0
            },
            {
              "x": 242.0,
              "y": 244.0
            },
            {
              "x": 243.0,
              "y": 243.0
            },
            {
              "x": 243.0,
              "y": 240.0
            },
            {
              "x": 245.0,
              "y": 236.0
            },
            {
              "x": 245.0,
              "y": 234.0
            },
            {
              "x": 243.0,
              "y": 232.0
            },
            {
              "x": 241.0,
              "y": 231.0
            },
            {
              "x": 239.0,
              "y": 231.0
            },
            {
              "x": 238.0,
              "y": 232.0
            },
            {
              "x": 233.0,
              "y": 232.0
            },
            {
              "x": 232.0,
              "y": 233.0
            },
            {
              "x": 229.0,
              "y": 233.0
            },
            {
              "x": 227.0,
              "y": 232.0
            },
            {
              "x": 226.0,
              "y": 231.0
            },
            {
              "x": 226.0,
              "y": 228.0
            },
            {
              "x": 225.0,
              "y": 227.0
            },
            {
              "x": 226.0,
              "y": 225.0
            },
            {
              "x": 226.0,
              "y": 219.0
            },
            {
              "x": 225.0,
              "y": 218.0
            },
            {
              "x": 223.0,
              "y": 217.0
            },
            {
              "x": 218.0,
              "y": 217.0
            },
            {
              "x": 216.0,
              "y": 219.0
            },
            {
              "x": 214.0,
              "y": 219.0
            },
            {
              "x": 211.0,
              "y": 221.0
            },
            {
              "x": 209.0,
              "y": 221.0
            },
            {
              "x": 206.0,
              "y": 217.0
            },
            {
              "x": 205.0,
              "y": 209.0
            },
            {
              "x": 203.0,
              "y": 206.0
            },
            {
              "x": 199.0,
              "y": 206.0
            },
            {
              "x": 198.0,
              "y": 207.0
            },
            {
              "x": 196.0,
              "y": 207.0
            },
            {
              "x": 190.0,
              "y": 212.0
            },
            {
              "x": 186.0,
              "y": 212.0
            },
            {
              "x": 183.0,
              "y": 208.0
            },
            {
              "x": 182.0,
              "y": 204.0
            },
            {
              "x": 179.0,
              "y": 201.0
            },
            {
              "x": 179.0,
              "y": 200.0
            },
            {
              "x": 173.0,
              "y": 200.0
            },
            {
              "x": 170.0,
              "y": 203.0
            },
            {
              "x": 170.0,
              "y": 204.0
            },
            {
              "x": 165.0,
              "y": 209.0
            },
            {
              "x": 164.0,
              "y": 209.0
            },
            {
              "x": 162.0,
              "y": 207.0
            },
            {
              "x": 162.0,
              "y": 206.0
            },
            {
              "x": 160.0,
              "y": 204.0
            },
            {
              "x": 156.0,
              "y": 197.0
            }
          ]
        ]
      },
      "properties": [],
      "slot_names": [
        "0"
      ]
    },
    {
      "bounding_box": {
        "h": 51.0,
        "w": 55.0,
        "x": 391.0,
        "y": 97.0
      },
      "id": "672c984a-8ea8-4d24-99ed-634bb518d8bd",
      "name": "Ditalini",
      "polygon": {
        "paths": [
          [
            {
              "x": 440.0,
              "y": 101.0
            },
            {
              "x": 432.0,
              "y": 97.0
            },
            {
              "x": 421.0,
              "y": 97.0
            },
            {
              "x": 420.0,
              "y": 98.0
            },
            {
              "x": 417.0,
              "y": 98.0
            },
            {
              "x": 415.0,
              "y": 100.0
            },
            {
              "x": 411.0,
              "y": 102.0
            },
            {
              "x": 397.0,
              "y": 115.0
            },
            {
              "x": 396.0,
              "y": 115.0
            },
            {
              "x": 396.0,
              "y": 116.0
            },
            {
              "x": 392.0,
              "y": 120.0
            },
            {
              "x": 392.0,
              "y": 122.0
            },
            {
              "x": 391.0,
              "y": 123.0
            },
            {
              "x": 391.0,
              "y": 137.0
            },
            {
              "x": 394.0,
              "y": 143.0
            },
            {
              "x": 397.0,
              "y": 146.0
            },
            {
              "x": 397.0,
              "y": 147.0
            },
            {
              "x": 398.0,
              "y": 148.0
            },
            {
              "x": 415.0,
              "y": 148.0
            },
            {
              "x": 419.0,
              "y": 146.0
            },
            {
              "x": 422.0,
              "y": 143.0
            },
            {
              "x": 423.0,
              "y": 143.0
            },
            {
              "x": 426.0,
              "y": 140.0
            },
            {
              "x": 427.0,
              "y": 140.0
            },
            {
              "x": 431.0,
              "y": 136.0
            },
            {
              "x": 432.0,
              "y": 136.0
            },
            {
              "x": 433.0,
              "y": 134.0
            },
            {
              "x": 434.0,
              "y": 134.0
            },
            {
              "x": 438.0,
              "y": 130.0
            },
            {
              "x": 439.0,
              "y": 130.0
            },
            {
              "x": 444.0,
              "y": 124.0
            },
            {
              "x": 444.0,
              "y": 121.0
            },
            {
              "x": 445.0,
              "y": 120.0
            },
            {
              "x": 445.0,
              "y": 113.0
            },
            {
              "x": 446.0,
              "y": 111.0
            },
            {
              "x": 443.0,
              "y": 106.0
            },
            {
              "x": 443.0,
              "y": 104.0
            }
          ]
        ]
      },
      "properties": [],
      "slot_names": [
        "0"
      ]
    },
    {
      "bounding_box": {
        "h": 49.0,
        "w": 65.0,
        "x": 297.0,
        "y": 172.0
      },
      "id": "53e18896-4e16-4435-8c03-9f37a6b4589d",
      "name": "Ditalini",
      "polygon": {
        "paths": [
          [
            {
              "x": 355.0,
              "y": 176.0
            },
            {
              "x": 347.0,
              "y": 172.0
            },
            {
              "x": 335.0,
              "y": 173.0
            },
            {
              "x": 331.0,
              "y": 175.0
            },
            {
              "x": 327.0,
              "y": 175.0
            },
            {
              "x": 326.0,
              "y": 176.0
            },
            {
              "x": 322.0,
              "y": 176.0
            },
            {
              "x": 321.0,
              "y": 177.0
            },
            {
              "x": 317.0,
              "y": 177.0
            },
            {
              "x": 316.0,
              "y": 178.0
            },
            {
              "x": 311.0,
              "y": 178.0
            },
            {
              "x": 310.0,
              "y": 179.0
            },
            {
              "x": 306.0,
              "y": 179.0
            },
            {
              "x": 305.0,
              "y": 180.0
            },
            {
              "x": 300.0,
              "y": 181.0
            },
            {
              "x": 297.0,
              "y": 187.0
            },
            {
              "x": 297.0,
              "y": 198.0
            },
            {
              "x": 298.0,
              "y": 199.0
            },
            {
              "x": 298.0,
              "y": 205.0
            },
            {
              "x": 299.0,
              "y": 206.0
            },
            {
              "x": 301.0,
              "y": 214.0
            },
            {
              "x": 306.0,
              "y": 220.0
            },
            {
              "x": 308.0,
              "y": 221.0
            },
            {
              "x": 314.0,
              "y": 221.0
            },
            {
              "x": 315.0,
              "y": 220.0
            },
            {
              "x": 320.0,
              "y": 220.0
            },
            {
              "x": 321.0,
              "y": 219.0
            },
            {
              "x": 325.0,
              "y": 219.0
            },
            {
              "x": 326.0,
              "y": 218.0
            },
            {
              "x": 332.0,
              "y": 218.0
            },
            {
              "x": 333.0,
              "y": 217.0
            },
            {
              "x": 336.0,
              "y": 217.0
            },
            {
              "x": 337.0,
              "y": 216.0
            },
            {
              "x": 340.0,
              "y": 216.0
            },
            {
              "x": 341.0,
              "y": 215.0
            },
            {
              "x": 345.0,
              "y": 215.0
            },
            {
              "x": 346.0,
              "y": 214.0
            },
            {
              "x": 354.0,
              "y": 213.0
            },
            {
              "x": 358.0,
              "y": 211.0
            },
            {
              "x": 361.0,
              "y": 208.0
            },
            {
              "x": 362.0,
              "y": 206.0
            },
            {
              "x": 362.0,
              "y": 195.0
            },
            {
              "x": 361.0,
              "y": 194.0
            },
            {
              "x": 361.0,
              "y": 189.0
            },
            {
              "x": 360.0,
              "y": 188.0
            },
            {
              "x": 358.0,
              "y": 180.0
            },
            {
              "x": 355.0,
              "y": 177.0
            }
          ]
        ]
      },
      "properties": [],
      "slot_names": [
        "0"
      ]
    }
  ]
}