{
  "version": "2.0",
  "schema_ref": "https://darwin-public.s3.eu-west-1.amazonaws.com/darwin_json/2.0/schema.json",
  "item": {
    "name": "conchiglie.4qe7s1ui.ingestion-5fd995d986-fwdsf.jpg",
    "path": "/",
    "source_info": {
      "item_id": "018ea5b6-3849-5bd4-caed-e646eee4e1b0",
      "dataset": {
        "name": "Pasta",
        "slug": "pasta",
        "dataset_management_url": "https://darwin.v7labs.com/datasets/735230/dataset-management"
      },
      "team": {
        "name": "Salvino",
        "slug": "salvino"
      },
      "workview_url": "https://darwin.v7labs.com/workview?dataset=735230&item=018ea5b6-3849-5bd4-caed-e646eee4e1b0"
    },
    "slots": [
      {
        "type": "image",
        "slot_name": "0",
        "width": 512,
        "height": 512,
        "thumbnail_url": "https://darwin.v7labs.com/api/v2/teams/salvino/files/88a9d50b-de02-42f3-98c6-3d7a386f5a62/thumbnail",
        "source_files": [
          {
            "file_name": "conchiglie.4qe7s1ui.ingestion-5fd995d986-fwdsf.jpg",
            "url": "https://darwin.v7labs.com/api/v2/teams/salvino/uploads/d3df4a33-aae8-458d-ac07-36a2518250bf"
          }
        ]
      }
    ]
  },
  "annotations": [
    {
      "bounding_box": {
        "h": 224.0,
        "w": 189.0,
        "x": 244.0,
        "y": 167.0
      },
      "id": "ce5a0333-99b2-4aed-aff3-f3621709c7c3",
      "name": "Farfalle",
      "polygon": {
        "paths": [
          [
            {
              "x": 251.0,
              "y": 187.0
            },
            {
              "x": 244.0,
              "y": 193.0
            },
            {
              "x": 244.0,
              "y": 202.0
            },
            {
              "x": 246.0,
              "y": 206.0
            },
            {
              "x": 250.0,
              "y": 210.0
            },
            {
              "x": 250.0,
              "y": 212.0
            },
            {
              "x": 256.0,
              "y": 220.0
            },
            {
              "x": 257.0,
              "y": 223.0
            },
            {
              "x": 263.0,
              "y": 231.0
            },
            {
              "x": 264.0,
              "y": 234.0
            },
            {
              "x": 267.0,
              "y": 237.0
            },
            {
              "x": 267.0,
              "y": 238.0
            },
            {
              "x": 270.0,
              "y": 241.0
            },
            {
              "x": 270.0,
              "y": 242.0
            },
            {
              "x": 278.0,
              "y": 250.0
            },
            {
              "x": 278.0,
              "y": 251.0
            },
            {
              "x": 279.0,
              "y": 251.0
            },
            {
              "x": 281.0,
              "y": 253.0
            },
            {
              "x": 282.0,
              "y": 255.0
            },
            {
              "x": 283.0,
              "y": 255.0
            },
            {
              "x": 293.0,
              "y": 263.0
            },
            {
              "x": 303.0,
              "y": 268.0
            },
            {
              "x": 304.0,
              "y": 270.0
            },
            {
              "x": 305.0,
              "y": 270.0
            },
            {
              "x": 307.0,
              "y": 272.0
            },
            {
              "x": 311.0,
              "y": 273.0
            },
            {
              "x": 313.0,
              "y": 276.0
            },
            {
              "x": 313.0,
              "y": 282.0
            },
            {
              "x": 309.0,
              "y": 285.0
            },
            {
              "x": 308.0,
              "y": 285.0
            },
            {
              "x": 304.0,
              "y": 289.0
            },
            {
              "x": 301.0,
              "y": 290.0
            },
            {
              "x": 299.0,
              "y": 292.0
            },
            {
              "x": 292.0,
              "y": 296.0
            },
            {
              "x": 290.0,
              "y": 298.0
            },
            {
              "x": 288.0,
              "y": 302.0
            },
            {
              "x": 283.0,
              "y": 307.0
            },
            {
              "x": 280.0,
              "y": 313.0
            },
            {
              "x": 278.0,
              "y": 315.0
            },
            {
              "x": 275.0,
              "y": 321.0
            },
            {
              "x": 275.0,
              "y": 323.0
            },
            {
              "x": 274.0,
              "y": 324.0
            },
            {
              "x": 274.0,
              "y": 326.0
            },
            {
              "x": 272.0,
              "y": 330.0
            },
            {
              "x": 272.0,
              "y": 333.0
            },
            {
              "x": 270.0,
              "y": 336.0
            },
            {
              "x": 270.0,
              "y": 339.0
            },
            {
              "x": 269.0,
              "y": 340.0
            },
            {
              "x": 269.0,
              "y": 342.0
            },
            {
              "x": 268.0,
              "y": 343.0
            },
            {
              "x": 266.0,
              "y": 351.0
            },
            {
              "x": 264.0,
              "y": 354.0
            },
            {
              "x": 264.0,
              "y": 357.0
            },
            {
              "x": 263.0,
              "y": 358.0
            },
            {
              "x": 263.0,
              "y": 365.0
            },
            {
              "x": 264.0,
              "y": 366.0
            },
            {
              "x": 264.0,
              "y": 368.0
            },
            {
              "x": 267.0,
              "y": 371.0
            },
            {
              "x": 268.0,
              "y": 371.0
            },
            {
              "x": 272.0,
              "y": 374.0
            },
            {
              "x": 278.0,
              "y": 374.0
            },
            {
              "x": 287.0,
              "y": 366.0
            },
            {
              "x": 289.0,
              "y": 365.0
            },
            {
              "x": 292.0,
              "y": 365.0
            },
            {
              "x": 294.0,
              "y": 367.0
            },
            {
              "x": 294.0,
              "y": 371.0
            },
            {
              "x": 296.0,
              "y": 375.0
            },
            {
              "x": 296.0,
              "y": 383.0
            },
            {
              "x": 298.0,
              "y": 384.0
            },
            {
              "x": 303.0,
              "y": 384.0
            },
            {
              "x": 304.0,
              "y": 383.0
            },
            {
              "x": 306.0,
              "y": 383.0
            },
            {
              "x": 306.0,
              "y": 382.0
            },
            {
              "x": 311.0,
              "y": 377.0
            },
            {
              "x": 317.0,
              "y": 374.0
            },
            {
              "x": 322.0,
              "y": 379.0
            },
            {
              "x": 323.0,
              "y": 382.0
            },
            {
              "x": 325.0,
              "y": 384.0
            },
            {
              "x": 325.0,
              "y": 386.0
            },
            {
              "x": 331.0,
              "y": 391.0
            },
            {
              "x": 334.0,
              "y": 391.0
            },
            {
              "x": 336.0,
              "y": 389.0
            },
            {
              "x": 338.0,
              "y": 385.0
            },
            {
              "x": 346.0,
              "y": 391.0
            },
            {
              "x": 348.0,
              "y": 391.0
            },
            {
              "x": 351.0,
              "y": 389.0
            },
            {
              "x": 358.0,
              "y": 388.0
            },
            {
              "x": 360.0,
              "y": 387.0
            },
            {
              "x": 364.0,
              "y": 382.0
            },
            {
              "x": 364.0,
              "y": 380.0
            },
            {
              "x": 366.0,
              "y": 378.0
            },
            {
              "x": 366.0,
              "y": 375.0
            },
            {
              "x": 367.0,
              "y": 374.0
            },
            {
              "x": 369.0,
              "y": 374.0
            },
            {
              "x": 370.0,
              "y": 375.0
            },
            {
              "x": 368.0,
              "y": 380.0
            },
            {
              "x": 371.0,
              "y": 384.0
            },
            {
              "x": 373.0,
              "y": 385.0
            },
            {
              "x": 377.0,
              "y": 385.0
            },
            {
              "x": 380.0,
              "y": 383.0
            },
            {
              "x": 382.0,
              "y": 383.0
            },
            {
              "x": 386.0,
              "y": 380.0
            },
            {
              "x": 387.0,
              "y": 380.0
            },
            {
              "x": 387.0,
              "y": 378.0
            },
            {
              "x": 389.0,
              "y": 374.0
            },
            {
              "x": 389.0,
              "y": 371.0
            },
            {
              "x": 390.0,
              "y": 370.0
            },
            {
              "x": 390.0,
              "y": 366.0
            },
            {
              "x": 392.0,
              "y": 364.0
            },
            {
              "x": 395.0,
              "y": 364.0
            },
            {
              "x": 399.0,
              "y": 366.0
            },
            {
              "x": 402.0,
              "y": 369.0
            },
            {
              "x": 408.0,
              "y": 368.0
            },
            {
              "x": 410.0,
              "y": 367.0
            },
            {
              "x": 412.0,
              "y": 363.0
            },
            {
              "x": 412.0,
              "y": 359.0
            },
            {
              "x": 417.0,
              "y": 354.0
            },
            {
              "x": 421.0,
              "y": 355.0
            },
            {
              "x": 425.0,
              "y": 353.0
            },
            {
              "x": 427.0,
              "y": 351.0
            },
            {
              "x": 431.0,
              "y": 350.0
            },
            {
              "x": 431.0,
              "y": 349.0
            },
            {
              "x": 433.0,
              "y": 347.0
            },
            {
              "x": 433.0,
              "y": 341.0
            },
            {
              "x": 432.0,
              "y": 340.0
            },
            {
              "x": 431.0,
              "y": 334.0
            },
            {
              "x": 425.0,
              "y": 328.0
            },
            {
              "x": 425.0,
              "y": 326.0
            },
            {
              "x": 423.0,
              "y": 324.0
            },
            {
              "x": 422.0,
              "y": 321.0
            },
            {
              "x": 419.0,
              "y": 318.0
            },
            {
              "x": 418.0,
              "y": 315.0
            },
            {
              "x": 408.0,
              "y": 304.0
            },
            {
              "x": 408.0,
              "y": 303.0
            },
            {
              "x": 395.0,
              "y": 292.0
            },
            {
              "x": 391.0,
              "y": 290.0
            },
            {
              "x": 389.0,
              "y": 290.0
            },
            {
              "x": 384.0,
              "y": 287.0
            },
            {
              "x": 382.0,
              "y": 287.0
            },
            {
              "x": 375.0,
              "y": 283.0
            },
            {
              "x": 372.0,
              "y": 283.0
            },
            {
              "x": 370.0,
              "y": 282.0
            },
            {
              "x": 365.0,
              "y": 276.0
            },
            {
              "x": 364.0,
              "y": 274.0
            },
            {
              "x": 364.0,
              "y": 271.0
            },
            {
              "x": 363.0,
              "y": 270.0
            },
            {
              "x": 363.0,
              "y": 265.0
            },
            {
              "x": 364.0,
              "y": 264.0
            },
            {
              "x": 368.0,
              "y": 263.0
            },
            {
              "x": 370.0,
              "y": 261.0
            },
            {
              "x": 373.0,
              "y": 260.0
            },
            {
              "x": 376.0,
              "y": 257.0
            },
            {
              "x": 377.0,
              "y": 257.0
            },
            {
              "x": 382.0,
              "y": 252.0
            },
            {
              "x": 383.0,
              "y": 252.0
            },
            {
              "x": 386.0,
              "y": 249.0
            },
            {
              "x": 387.0,
              "y": 246.0
            },
            {
              "x": 389.0,
              "y": 245.0
            },
            {
              "x": 391.0,
              "y": 240.0
            },
            {
              "x": 393.0,
              "y": 238.0
            },
            {
              "x": 394.0,
              "y": 233.0
            },
            {
              "x": 396.0,
              "y": 230.0
            },
            {
              "x": 396.0,
              "y": 228.0
            },
            {
              "x": 398.0,
              "y": 224.0
            },
            {
              "x": 398.0,
              "y": 221.0
            },
            {
              "x": 400.0,
              "y": 218.0
            },
            {
              "x": 400.0,
              "y": 214.0
            },
            {
              "x": 401.0,
              "y": 213.0
            },
            {
              "x": 402.0,
              "y": 208.0
            },
            {
              "x": 404.0,
              "y": 205.0
            },
            {
              "x": 404.0,
              "y": 199.0
            },
            {
              "x": 402.0,
              "y": 195.0
            },
            {
              "x": 398.0,
              "y": 191.0
            },
            {
              "x": 396.0,
              "y": 190.0
            },
            {
              "x": 394.0,
              "y": 190.0
            },
            {
              "x": 393.0,
              "y": 189.0
            },
            {
              "x": 392.0,
              "y": 190.0
            },
            {
              "x": 389.0,
              "y": 190.0
            },
            {
              "x": 388.0,
              "y": 191.0
            },
            {
              "x": 384.0,
              "y": 191.0
            },
            {
              "x": 381.0,
              "y": 187.0
            },
            {
              "x": 381.0,
              "y": 183.0
            },
            {
              "x": 379.0,
              "y": 181.0
            },
            {
              "x": 379.0,
              "y": 180.0
            },
            {
              "x": 378.0,
              "y": 180.0
            },
            {
              "x": 376.0,
              "y": 178.0
            },
            {
              "x": 371.0,
              "y": 178.0
            },
            {
              "x": 367.0,
              "y": 181.0
            },
            {
              "x": 363.0,
              "y": 182.0
            },
            {
              "x": 358.0,
              "y": 177.0
            },
            {
              "x": 355.0,
              "y": 170.0
            },
            {
              "x": 351.0,
              "y": 167.0
            },
            {
              "x": 349.0,
              "y": 167.0
            },
            {
              "x": 346.0,
              "y": 170.0
            },
            {
              "x": 344.0,
              "y": 174.0
            },
            {
              "x": 340.0,
              "y": 177.0
            },
            {
              "x": 337.0,
              "y": 177.0
            },
            {
              "x": 335.0,
              "y": 176.0
            },
            {
              "x": 331.0,
              "y": 172.0
            },
            {
              "x": 330.0,
              "y": 170.0
            },
            {
              "x": 329.0,
              "y": 170.0
            },
            {
              "x": 325.0,
              "y": 167.0
            },
            {
              "x": 321.0,
              "y": 168.0
            },
            {
              "x": 318.0,
              "y": 174.0
            },
            {
              "x": 316.0,
              "y": 176.0
            },
            {
              "x": 312.0,
              "y": 177.0
            },
            {
              "x": 303.0,
              "y": 167.0
            },
            {
              "x": 299.0,
              "y": 167.0
            },
            {
              "x": 296.0,
              "y": 170.0
            },
            {
              "x": 295.0,
              "y": 175.0
            },
            {
              "x": 293.0,
              "y": 179.0
            },
            {
              "x": 291.0,
              "y": 181.0
            },
            {
              "x": 288.0,
              "y": 181.0
            },
            {
              "x": 286.0,
              "y": 179.0
            },
            {
              "x": 280.0,
              "y": 176.0
            },
            {
              "x": 277.0,
              "y": 176.0
            },
            {
              "x": 275.0,
              "y": 175.0
            },
            {
              "x": 272.0,
              "y": 177.0
            },
            {
              "x": 272.0,
              "y": 181.0
            },
            {
              "x": 271.0,
              "y": 182.0
            },
            {
              "x": 271.0,
              "y": 188.0
            },
            {
              "x": 269.0,
              "y": 191.0
            },
            {
              "x": 265.0,
              "y": 191.0
            },
            {
              "x": 257.0,
              "y": 187.0
            }
          ]
        ]
      },
      "properties": [],
      "slot_names": [
        "0"
      ]
    }
  ]
}