{
  "version": "2.0",
  "schema_ref": "https://darwin-public.s3.eu-west-1.amazonaws.com/darwin_json/2.0/schema.json",
  "item": {
    "name": "conchiglie.4qe7s6jb.ingestion-5fd995d986-l5rgx.jpg",
    "path": "/",
    "source_info": {
      "item_id": "018ea5b6-3849-1bb8-c12e-a1bda9457578",
      "dataset": {
        "name": "Pasta",
        "slug": "pasta",
        "dataset_management_url": "https://darwin.v7labs.com/datasets/735230/dataset-management"
      },
      "team": {
        "name": "Salvino",
        "slug": "salvino"
      },
      "workview_url": "https://darwin.v7labs.com/workview?dataset=735230&item=018ea5b6-3849-1bb8-c12e-a1bda9457578"
    },
    "slots": [
      {
        "type": "image",
        "slot_name": "0",
        "width": 512,
        "height": 512,
        "thumbnail_url": "https://darwin.v7labs.com/api/v2/teams/salvino/files/affbe94f-b56d-447f-913f-c6195fa73d71/thumbnail",
        "source_files": [
          {
            "file_name": "conchiglie.4qe7s6jb.ingestion-5fd995d986-l5rgx.jpg",
            "url": "https://darwin.v7labs.com/api/v2/teams/salvino/uploads/98e4971c-fc6b-48c4-94d5-83f7c99c05b5"
          }
        ]
      }
    ]
  },
  "annotations": [
    {
      "bounding_box": {
        "h": 220.0,
        "w": 215.0,
        "x": 169.0,
        "y": 143.0
      },
      "id": "b7580f37-4ca5-4684-9d45-09e215423ec5",
      "name": "Farfalle",
      "polygon": {
        "paths": [
          [
            {
              "x": 325.0,
              "y": 155.0
            },
            {
              "x": 319.0,
              "y": 155.0
            },
            {
              "x": 317.0,
              "y": 157.0
            },
            {
              "x": 313.0,
              "y": 158.0
            },
            {
              "x": 308.0,
              "y": 154.0
            },
            {
              "x": 307.0,
              "y": 151.0
            },
            {
              "x": 306.0,
              "y": 151.0
            },
            {
              "x": 301.0,
              "y": 147.0
            },
            {
              "x": 300.0,
              "y": 148.0
            },
            {
              "x": 296.0,
              "y": 149.0
            },
            {
              "x": 294.0,
              "y": 151.0
            },
            {
              "x": 287.0,
              "y": 151.0
            },
            {
              "x": 286.0,
              "y": 150.0
            },
            {
              "x": 284.0,
              "y": 150.0
            },
            {
              "x": 282.0,
              "y": 148.0
            },
            {
              "x": 278.0,
              "y": 146.0
            },
            {
              "x": 275.0,
              "y": 143.0
            },
            {
              "x": 273.0,
              "y": 143.0
            },
            {
              "x": 270.0,
              "y": 146.0
            },
            {
              "x": 270.0,
              "y": 147.0
            },
            {
              "x": 267.0,
              "y": 150.0
            },
            {
              "x": 266.0,
              "y": 150.0
            },
            {
              "x": 266.0,
              "y": 151.0
            },
            {
              "x": 264.0,
              "y": 153.0
            },
            {
              "x": 262.0,
              "y": 154.0
            },
            {
              "x": 250.0,
              "y": 148.0
            },
            {
              "x": 245.0,
              "y": 149.0
            },
            {
              "x": 242.0,
              "y": 154.0
            },
            {
              "x": 242.0,
              "y": 156.0
            },
            {
              "x": 240.0,
              "y": 158.0
            },
            {
              "x": 235.0,
              "y": 158.0
            },
            {
              "x": 232.0,
              "y": 155.0
            },
            {
              "x": 227.0,
              "y": 153.0
            },
            {
              "x": 225.0,
              "y": 151.0
            },
            {
              "x": 221.0,
              "y": 151.0
            },
            {
              "x": 218.0,
              "y": 156.0
            },
            {
              "x": 218.0,
              "y": 159.0
            },
            {
              "x": 217.0,
              "y": 160.0
            },
            {
              "x": 218.0,
              "y": 162.0
            },
            {
              "x": 218.0,
              "y": 165.0
            },
            {
              "x": 216.0,
              "y": 167.0
            },
            {
              "x": 209.0,
              "y": 167.0
            },
            {
              "x": 208.0,
              "y": 166.0
            },
            {
              "x": 206.0,
              "y": 166.0
            },
            {
              "x": 202.0,
              "y": 164.0
            },
            {
              "x": 196.0,
              "y": 164.0
            },
            {
              "x": 194.0,
              "y": 167.0
            },
            {
              "x": 194.0,
              "y": 176.0
            },
            {
              "x": 195.0,
              "y": 177.0
            },
            {
              "x": 195.0,
              "y": 179.0
            },
            {
              "x": 193.0,
              "y": 181.0
            },
            {
              "x": 188.0,
              "y": 181.0
            },
            {
              "x": 187.0,
              "y": 180.0
            },
            {
              "x": 176.0,
              "y": 180.0
            },
            {
              "x": 174.0,
              "y": 181.0
            },
            {
              "x": 170.0,
              "y": 185.0
            },
            {
              "x": 170.0,
              "y": 187.0
            },
            {
              "x": 169.0,
              "y": 188.0
            },
            {
              "x": 169.0,
              "y": 195.0
            },
            {
              "x": 170.0,
              "y": 197.0
            },
            {
              "x": 175.0,
              "y": 201.0
            },
            {
              "x": 175.0,
              "y": 202.0
            },
            {
              "x": 188.0,
              "y": 215.0
            },
            {
              "x": 188.0,
              "y": 216.0
            },
            {
              "x": 189.0,
              "y": 216.0
            },
            {
              "x": 191.0,
              "y": 218.0
            },
            {
              "x": 191.0,
              "y": 219.0
            },
            {
              "x": 193.0,
              "y": 221.0
            },
            {
              "x": 194.0,
              "y": 221.0
            },
            {
              "x": 196.0,
              "y": 224.0
            },
            {
              "x": 198.0,
              "y": 225.0
            },
            {
              "x": 199.0,
              "y": 227.0
            },
            {
              "x": 200.0,
              "y": 227.0
            },
            {
              "x": 209.0,
              "y": 235.0
            },
            {
              "x": 212.0,
              "y": 236.0
            },
            {
              "x": 215.0,
              "y": 239.0
            },
            {
              "x": 218.0,
              "y": 240.0
            },
            {
              "x": 220.0,
              "y": 242.0
            },
            {
              "x": 222.0,
              "y": 242.0
            },
            {
              "x": 224.0,
              "y": 244.0
            },
            {
              "x": 228.0,
              "y": 246.0
            },
            {
              "x": 233.0,
              "y": 247.0
            },
            {
              "x": 236.0,
              "y": 249.0
            },
            {
              "x": 240.0,
              "y": 249.0
            },
            {
              "x": 241.0,
              "y": 250.0
            },
            {
              "x": 243.0,
              "y": 250.0
            },
            {
              "x": 247.0,
              "y": 253.0
            },
            {
              "x": 250.0,
              "y": 253.0
            },
            {
              "x": 252.0,
              "y": 254.0
            },
            {
              "x": 255.0,
              "y": 259.0
            },
            {
              "x": 255.0,
              "y": 266.0
            },
            {
              "x": 250.0,
              "y": 271.0
            },
            {
              "x": 249.0,
              "y": 271.0
            },
            {
              "x": 245.0,
              "y": 275.0
            },
            {
              "x": 244.0,
              "y": 275.0
            },
            {
              "x": 244.0,
              "y": 276.0
            },
            {
              "x": 238.0,
              "y": 283.0
            },
            {
              "x": 238.0,
              "y": 284.0
            },
            {
              "x": 234.0,
              "y": 289.0
            },
            {
              "x": 231.0,
              "y": 295.0
            },
            {
              "x": 230.0,
              "y": 299.0
            },
            {
              "x": 228.0,
              "y": 300.0
            },
            {
              "x": 224.0,
              "y": 308.0
            },
            {
              "x": 223.0,
              "y": 315.0
            },
            {
              "x": 222.0,
              "y": 316.0
            },
            {
              "x": 222.0,
              "y": 318.0
            },
            {
              "x": 220.0,
              "y": 322.0
            },
            {
              "x": 220.0,
              "y": 330.0
            },
            {
              "x": 219.0,
              "y": 331.0
            },
            {
              "x": 219.0,
              "y": 338.0
            },
            {
              "x": 218.0,
              "y": 339.0
            },
            {
              "x": 218.0,
              "y": 346.0
            },
            {
              "x": 217.0,
              "y": 347.0
            },
            {
              "x": 217.0,
              "y": 351.0
            },
            {
              "x": 220.0,
              "y": 357.0
            },
            {
              "x": 227.0,
              "y": 361.0
            },
            {
              "x": 235.0,
              "y": 360.0
            },
            {
              "x": 239.0,
              "y": 357.0
            },
            {
              "x": 240.0,
              "y": 357.0
            },
            {
              "x": 240.0,
              "y": 356.0
            },
            {
              "x": 247.0,
              "y": 349.0
            },
            {
              "x": 248.0,
              "y": 349.0
            },
            {
              "x": 251.0,
              "y": 352.0
            },
            {
              "x": 252.0,
              "y": 354.0
            },
            {
              "x": 252.0,
              "y": 357.0
            },
            {
              "x": 254.0,
              "y": 359.0
            },
            {
              "x": 254.0,
              "y": 360.0
            },
            {
              "x": 258.0,
              "y": 363.0
            },
            {
              "x": 260.0,
              "y": 363.0
            },
            {
              "x": 264.0,
              "y": 360.0
            },
            {
              "x": 265.0,
              "y": 360.0
            },
            {
              "x": 274.0,
              "y": 352.0
            },
            {
              "x": 277.0,
              "y": 352.0
            },
            {
              "x": 281.0,
              "y": 355.0
            },
            {
              "x": 293.0,
              "y": 355.0
            },
            {
              "x": 294.0,
              "y": 356.0
            },
            {
              "x": 297.0,
              "y": 356.0
            },
            {
              "x": 301.0,
              "y": 353.0
            },
            {
              "x": 301.0,
              "y": 350.0
            },
            {
              "x": 302.0,
              "y": 349.0
            },
            {
              "x": 305.0,
              "y": 349.0
            },
            {
              "x": 310.0,
              "y": 354.0
            },
            {
              "x": 316.0,
              "y": 355.0
            },
            {
              "x": 319.0,
              "y": 353.0
            },
            {
              "x": 320.0,
              "y": 351.0
            },
            {
              "x": 320.0,
              "y": 346.0
            },
            {
              "x": 322.0,
              "y": 344.0
            },
            {
              "x": 322.0,
              "y": 342.0
            },
            {
              "x": 324.0,
              "y": 340.0
            },
            {
              "x": 329.0,
              "y": 340.0
            },
            {
              "x": 332.0,
              "y": 342.0
            },
            {
              "x": 335.0,
              "y": 342.0
            },
            {
              "x": 337.0,
              "y": 344.0
            },
            {
              "x": 341.0,
              "y": 344.0
            },
            {
              "x": 343.0,
              "y": 343.0
            },
            {
              "x": 345.0,
              "y": 340.0
            },
            {
              "x": 344.0,
              "y": 336.0
            },
            {
              "x": 345.0,
              "y": 335.0
            },
            {
              "x": 345.0,
              "y": 333.0
            },
            {
              "x": 347.0,
              "y": 329.0
            },
            {
              "x": 347.0,
              "y": 326.0
            },
            {
              "x": 348.0,
              "y": 325.0
            },
            {
              "x": 351.0,
              "y": 325.0
            },
            {
              "x": 352.0,
              "y": 326.0
            },
            {
              "x": 355.0,
              "y": 326.0
            },
            {
              "x": 356.0,
              "y": 327.0
            },
            {
              "x": 362.0,
              "y": 327.0
            },
            {
              "x": 365.0,
              "y": 324.0
            },
            {
              "x": 365.0,
              "y": 319.0
            },
            {
              "x": 364.0,
              "y": 318.0
            },
            {
              "x": 364.0,
              "y": 315.0
            },
            {
              "x": 365.0,
              "y": 314.0
            },
            {
              "x": 365.0,
              "y": 308.0
            },
            {
              "x": 366.0,
              "y": 307.0
            },
            {
              "x": 369.0,
              "y": 307.0
            },
            {
              "x": 373.0,
              "y": 309.0
            },
            {
              "x": 378.0,
              "y": 309.0
            },
            {
              "x": 383.0,
              "y": 305.0
            },
            {
              "x": 384.0,
              "y": 303.0
            },
            {
              "x": 384.0,
              "y": 300.0
            },
            {
              "x": 383.0,
              "y": 299.0
            },
            {
              "x": 383.0,
              "y": 293.0
            },
            {
              "x": 356.0,
              "y": 268.0
            },
            {
              "x": 355.0,
              "y": 268.0
            },
            {
              "x": 352.0,
              "y": 265.0
            },
            {
              "x": 351.0,
              "y": 265.0
            },
            {
              "x": 343.0,
              "y": 259.0
            },
            {
              "x": 333.0,
              "y": 254.0
            },
            {
              "x": 329.0,
              "y": 254.0
            },
            {
              "x": 328.0,
              "y": 253.0
            },
            {
              "x": 320.0,
              "y": 253.0
            },
            {
              "x": 319.0,
              "y": 252.0
            },
            {
              "x": 313.0,
              "y": 252.0
            },
            {
              "x": 312.0,
              "y": 251.0
            },
            {
              "x": 310.0,
              "y": 251.0
            },
            {
              "x": 306.0,
              "y": 249.0
            },
            {
              "x": 303.0,
              "y": 246.0
            },
            {
              "x": 301.0,
              "y": 242.0
            },
            {
              "x": 301.0,
              "y": 237.0
            },
            {
              "x": 304.0,
              "y": 234.0
            },
            {
              "x": 305.0,
              "y": 234.0
            },
            {
              "x": 306.0,
              "y": 232.0
            },
            {
              "x": 308.0,
              "y": 232.0
            },
            {
              "x": 308.0,
              "y": 231.0
            },
            {
              "x": 310.0,
              "y": 230.0
            },
            {
              "x": 315.0,
              "y": 224.0
            },
            {
              "x": 315.0,
              "y": 222.0
            },
            {
              "x": 319.0,
              "y": 218.0
            },
            {
              "x": 321.0,
              "y": 214.0
            },
            {
              "x": 321.0,
              "y": 212.0
            },
            {
              "x": 323.0,
              "y": 208.0
            },
            {
              "x": 325.0,
              "y": 206.0
            },
            {
              "x": 325.0,
              "y": 204.0
            },
            {
              "x": 326.0,
              "y": 203.0
            },
            {
              "x": 326.0,
              "y": 197.0
            },
            {
              "x": 327.0,
              "y": 196.0
            },
            {
              "x": 328.0,
              "y": 190.0
            },
            {
              "x": 329.0,
              "y": 189.0
            },
            {
              "x": 330.0,
              "y": 177.0
            },
            {
              "x": 332.0,
              "y": 174.0
            },
            {
              "x": 332.0,
              "y": 165.0
            },
            {
              "x": 333.0,
              "y": 164.0
            },
            {
              "x": 333.0,
              "y": 162.0
            },
            {
              "x": 330.0,
              "y": 159.0
            },
            {
              "x": 330.0,
              "y": 158.0
            },
            {
              "x": 326.0,
              "y": 156.0
            }
          ]
        ]
      },
      "properties": [],
      "slot_names": [
        "0"
      ]
    }
  ]
}