{
  "version": "2.0",
  "schema_ref": "https://darwin-public.s3.eu-west-1.amazonaws.com/darwin_json/2.0/schema.json",
  "item": {
    "name": "conchiglie.4qe7sdc5.ingestion-5fd995d986-l5rgx.jpg",
    "path": "/",
    "source_info": {
      "item_id": "018ea5b6-3849-9cf8-54c3-762be18ae6cc",
      "dataset": {
        "name": "Pasta",
        "slug": "pasta",
        "dataset_management_url": "https://darwin.v7labs.com/datasets/735230/dataset-management"
      },
      "team": {
        "name": "Salvino",
        "slug": "salvino"
      },
      "workview_url": "https://darwin.v7labs.com/workview?dataset=735230&item=018ea5b6-3849-9cf8-54c3-762be18ae6cc"
    },
    "slots": [
      {
        "type": "image",
        "slot_name": "0",
        "width": 512,
        "height": 512,
        "thumbnail_url": "https://darwin.v7labs.com/api/v2/teams/salvino/files/c0d93784-76c8-477a-8bf0-45ef8b697b35/thumbnail",
        "source_files": [
          {
            "file_name": "conchiglie.4qe7sdc5.ingestion-5fd995d986-l5rgx.jpg",
            "url": "https://darwin.v7labs.com/api/v2/teams/salvino/uploads/1a0d5885-e322-400c-ad9c-ab17404413e4"
          }
        ]
      }
    ]
  },
  "annotations": [
    {
      "bounding_box": {
        "h": 213.0,
        "w": 193.0,
        "x": 182.0,
        "y": 153.0
      },
      "id": "26202f99-ac25-42fd-9ced-de1596f4e359",
      "name": "Farfalle",
      "polygon": {
        "paths": [
          [
            {
              "x": 333.0,
              "y": 158.0
            },
            {
              "x": 329.0,
              "y": 158.0
            },
            {
              "x": 328.0,
              "y": 159.0
            },
            {
              "x": 326.0,
              "y": 159.0
            },
            {
              "x": 322.0,
              "y": 163.0
            },
            {
              "x": 319.0,
              "y": 164.0
            },
            {
              "x": 317.0,
              "y": 166.0
            },
            {
              "x": 313.0,
              "y": 166.0
            },
            {
              "x": 312.0,
              "y": 165.0
            },
            {
              "x": 311.0,
              "y": 160.0
            },
            {
              "x": 309.0,
              "y": 157.0
            },
            {
              "x": 309.0,
              "y": 155.0
            },
            {
              "x": 308.0,
              "y": 155.0
            },
            {
              "x": 306.0,
              "y": 153.0
            },
            {
              "x": 300.0,
              "y": 156.0
            },
            {
              "x": 295.0,
              "y": 161.0
            },
            {
              "x": 295.0,
              "y": 162.0
            },
            {
              "x": 292.0,
              "y": 164.0
            },
            {
              "x": 290.0,
              "y": 164.0
            },
            {
              "x": 281.0,
              "y": 155.0
            },
            {
              "x": 275.0,
              "y": 154.0
            },
            {
              "x": 273.0,
              "y": 157.0
            },
            {
              "x": 272.0,
              "y": 161.0
            },
            {
              "x": 267.0,
              "y": 166.0
            },
            {
              "x": 264.0,
              "y": 166.0
            },
            {
              "x": 256.0,
              "y": 157.0
            },
            {
              "x": 252.0,
              "y": 157.0
            },
            {
              "x": 249.0,
              "y": 160.0
            },
            {
              "x": 249.0,
              "y": 164.0
            },
            {
              "x": 244.0,
              "y": 172.0
            },
            {
              "x": 239.0,
              "y": 172.0
            },
            {
              "x": 237.0,
              "y": 170.0
            },
            {
              "x": 233.0,
              "y": 168.0
            },
            {
              "x": 232.0,
              "y": 166.0
            },
            {
              "x": 230.0,
              "y": 166.0
            },
            {
              "x": 229.0,
              "y": 165.0
            },
            {
              "x": 225.0,
              "y": 168.0
            },
            {
              "x": 225.0,
              "y": 171.0
            },
            {
              "x": 224.0,
              "y": 172.0
            },
            {
              "x": 224.0,
              "y": 177.0
            },
            {
              "x": 221.0,
              "y": 183.0
            },
            {
              "x": 217.0,
              "y": 183.0
            },
            {
              "x": 213.0,
              "y": 180.0
            },
            {
              "x": 208.0,
              "y": 180.0
            },
            {
              "x": 207.0,
              "y": 179.0
            },
            {
              "x": 205.0,
              "y": 179.0
            },
            {
              "x": 204.0,
              "y": 180.0
            },
            {
              "x": 204.0,
              "y": 182.0
            },
            {
              "x": 203.0,
              "y": 183.0
            },
            {
              "x": 204.0,
              "y": 184.0
            },
            {
              "x": 204.0,
              "y": 188.0
            },
            {
              "x": 205.0,
              "y": 189.0
            },
            {
              "x": 205.0,
              "y": 195.0
            },
            {
              "x": 202.0,
              "y": 198.0
            },
            {
              "x": 199.0,
              "y": 198.0
            },
            {
              "x": 196.0,
              "y": 196.0
            },
            {
              "x": 189.0,
              "y": 196.0
            },
            {
              "x": 183.0,
              "y": 201.0
            },
            {
              "x": 182.0,
              "y": 203.0
            },
            {
              "x": 183.0,
              "y": 211.0
            },
            {
              "x": 188.0,
              "y": 217.0
            },
            {
              "x": 188.0,
              "y": 218.0
            },
            {
              "x": 194.0,
              "y": 224.0
            },
            {
              "x": 196.0,
              "y": 228.0
            },
            {
              "x": 197.0,
              "y": 228.0
            },
            {
              "x": 199.0,
              "y": 230.0
            },
            {
              "x": 199.0,
              "y": 231.0
            },
            {
              "x": 205.0,
              "y": 236.0
            },
            {
              "x": 206.0,
              "y": 238.0
            },
            {
              "x": 209.0,
              "y": 239.0
            },
            {
              "x": 214.0,
              "y": 244.0
            },
            {
              "x": 215.0,
              "y": 244.0
            },
            {
              "x": 225.0,
              "y": 251.0
            },
            {
              "x": 227.0,
              "y": 251.0
            },
            {
              "x": 230.0,
              "y": 253.0
            },
            {
              "x": 232.0,
              "y": 253.0
            },
            {
              "x": 233.0,
              "y": 254.0
            },
            {
              "x": 235.0,
              "y": 254.0
            },
            {
              "x": 239.0,
              "y": 256.0
            },
            {
              "x": 248.0,
              "y": 256.0
            },
            {
              "x": 250.0,
              "y": 258.0
            },
            {
              "x": 250.0,
              "y": 266.0
            },
            {
              "x": 251.0,
              "y": 267.0
            },
            {
              "x": 251.0,
              "y": 270.0
            },
            {
              "x": 244.0,
              "y": 275.0
            },
            {
              "x": 239.0,
              "y": 277.0
            },
            {
              "x": 239.0,
              "y": 278.0
            },
            {
              "x": 232.0,
              "y": 286.0
            },
            {
              "x": 232.0,
              "y": 287.0
            },
            {
              "x": 228.0,
              "y": 292.0
            },
            {
              "x": 228.0,
              "y": 295.0
            },
            {
              "x": 222.0,
              "y": 306.0
            },
            {
              "x": 222.0,
              "y": 310.0
            },
            {
              "x": 221.0,
              "y": 311.0
            },
            {
              "x": 221.0,
              "y": 313.0
            },
            {
              "x": 219.0,
              "y": 316.0
            },
            {
              "x": 219.0,
              "y": 318.0
            },
            {
              "x": 217.0,
              "y": 322.0
            },
            {
              "x": 216.0,
              "y": 330.0
            },
            {
              "x": 215.0,
              "y": 331.0
            },
            {
              "x": 214.0,
              "y": 337.0
            },
            {
              "x": 213.0,
              "y": 338.0
            },
            {
              "x": 213.0,
              "y": 344.0
            },
            {
              "x": 216.0,
              "y": 348.0
            },
            {
              "x": 216.0,
              "y": 349.0
            },
            {
              "x": 220.0,
              "y": 352.0
            },
            {
              "x": 225.0,
              "y": 352.0
            },
            {
              "x": 234.0,
              "y": 345.0
            },
            {
              "x": 236.0,
              "y": 345.0
            },
            {
              "x": 239.0,
              "y": 349.0
            },
            {
              "x": 239.0,
              "y": 352.0
            },
            {
              "x": 240.0,
              "y": 353.0
            },
            {
              "x": 241.0,
              "y": 358.0
            },
            {
              "x": 244.0,
              "y": 361.0
            },
            {
              "x": 249.0,
              "y": 359.0
            },
            {
              "x": 251.0,
              "y": 356.0
            },
            {
              "x": 259.0,
              "y": 352.0
            },
            {
              "x": 262.0,
              "y": 354.0
            },
            {
              "x": 263.0,
              "y": 357.0
            },
            {
              "x": 266.0,
              "y": 360.0
            },
            {
              "x": 268.0,
              "y": 365.0
            },
            {
              "x": 270.0,
              "y": 366.0
            },
            {
              "x": 274.0,
              "y": 365.0
            },
            {
              "x": 274.0,
              "y": 364.0
            },
            {
              "x": 278.0,
              "y": 359.0
            },
            {
              "x": 279.0,
              "y": 356.0
            },
            {
              "x": 282.0,
              "y": 353.0
            },
            {
              "x": 285.0,
              "y": 353.0
            },
            {
              "x": 287.0,
              "y": 355.0
            },
            {
              "x": 288.0,
              "y": 355.0
            },
            {
              "x": 289.0,
              "y": 357.0
            },
            {
              "x": 294.0,
              "y": 362.0
            },
            {
              "x": 296.0,
              "y": 363.0
            },
            {
              "x": 299.0,
              "y": 363.0
            },
            {
              "x": 301.0,
              "y": 361.0
            },
            {
              "x": 301.0,
              "y": 359.0
            },
            {
              "x": 302.0,
              "y": 358.0
            },
            {
              "x": 303.0,
              "y": 354.0
            },
            {
              "x": 307.0,
              "y": 349.0
            },
            {
              "x": 310.0,
              "y": 349.0
            },
            {
              "x": 320.0,
              "y": 358.0
            },
            {
              "x": 323.0,
              "y": 359.0
            },
            {
              "x": 327.0,
              "y": 354.0
            },
            {
              "x": 327.0,
              "y": 348.0
            },
            {
              "x": 328.0,
              "y": 347.0
            },
            {
              "x": 328.0,
              "y": 344.0
            },
            {
              "x": 330.0,
              "y": 341.0
            },
            {
              "x": 335.0,
              "y": 341.0
            },
            {
              "x": 336.0,
              "y": 342.0
            },
            {
              "x": 338.0,
              "y": 342.0
            },
            {
              "x": 344.0,
              "y": 346.0
            },
            {
              "x": 348.0,
              "y": 346.0
            },
            {
              "x": 350.0,
              "y": 345.0
            },
            {
              "x": 350.0,
              "y": 344.0
            },
            {
              "x": 352.0,
              "y": 342.0
            },
            {
              "x": 352.0,
              "y": 340.0
            },
            {
              "x": 350.0,
              "y": 337.0
            },
            {
              "x": 349.0,
              "y": 329.0
            },
            {
              "x": 352.0,
              "y": 326.0
            },
            {
              "x": 353.0,
              "y": 327.0
            },
            {
              "x": 356.0,
              "y": 327.0
            },
            {
              "x": 362.0,
              "y": 330.0
            },
            {
              "x": 369.0,
              "y": 330.0
            },
            {
              "x": 369.0,
              "y": 329.0
            },
            {
              "x": 371.0,
              "y": 328.0
            },
            {
              "x": 375.0,
              "y": 324.0
            },
            {
              "x": 374.0,
              "y": 316.0
            },
            {
              "x": 369.0,
              "y": 306.0
            },
            {
              "x": 362.0,
              "y": 299.0
            },
            {
              "x": 362.0,
              "y": 298.0
            },
            {
              "x": 358.0,
              "y": 294.0
            },
            {
              "x": 358.0,
              "y": 293.0
            },
            {
              "x": 351.0,
              "y": 285.0
            },
            {
              "x": 351.0,
              "y": 284.0
            },
            {
              "x": 340.0,
              "y": 272.0
            },
            {
              "x": 337.0,
              "y": 271.0
            },
            {
              "x": 326.0,
              "y": 263.0
            },
            {
              "x": 324.0,
              "y": 263.0
            },
            {
              "x": 320.0,
              "y": 261.0
            },
            {
              "x": 317.0,
              "y": 261.0
            },
            {
              "x": 316.0,
              "y": 260.0
            },
            {
              "x": 308.0,
              "y": 259.0
            },
            {
              "x": 306.0,
              "y": 257.0
            },
            {
              "x": 304.0,
              "y": 257.0
            },
            {
              "x": 300.0,
              "y": 253.0
            },
            {
              "x": 299.0,
              "y": 251.0
            },
            {
              "x": 299.0,
              "y": 246.0
            },
            {
              "x": 307.0,
              "y": 239.0
            },
            {
              "x": 308.0,
              "y": 239.0
            },
            {
              "x": 311.0,
              "y": 236.0
            },
            {
              "x": 312.0,
              "y": 236.0
            },
            {
              "x": 317.0,
              "y": 231.0
            },
            {
              "x": 318.0,
              "y": 228.0
            },
            {
              "x": 323.0,
              "y": 222.0
            },
            {
              "x": 324.0,
              "y": 218.0
            },
            {
              "x": 326.0,
              "y": 215.0
            },
            {
              "x": 326.0,
              "y": 213.0
            },
            {
              "x": 329.0,
              "y": 208.0
            },
            {
              "x": 329.0,
              "y": 206.0
            },
            {
              "x": 330.0,
              "y": 205.0
            },
            {
              "x": 330.0,
              "y": 203.0
            },
            {
              "x": 331.0,
              "y": 202.0
            },
            {
              "x": 333.0,
              "y": 194.0
            },
            {
              "x": 336.0,
              "y": 188.0
            },
            {
              "x": 336.0,
              "y": 182.0
            },
            {
              "x": 337.0,
              "y": 181.0
            },
            {
              "x": 338.0,
              "y": 171.0
            },
            {
              "x": 339.0,
              "y": 170.0
            },
            {
              "x": 339.0,
              "y": 163.0
            },
            {
              "x": 337.0,
              "y": 160.0
            },
            {
              "x": 334.0,
              "y": 159.0
            }
          ]
        ]
      },
      "properties": [],
      "slot_names": [
        "0"
      ]
    }
  ]
}