{
  "version": "2.0",
  "schema_ref": "https://darwin-public.s3.eu-west-1.amazonaws.com/darwin_json/2.0/schema.json",
  "item": {
    "name": "conchiglie.4qe89pno.ingestion-5fd995d986-l5rgx.jpg",
    "path": "/",
    "source_info": {
      "item_id": "018ea5b6-384c-bbb0-89a8-e3c333e9164d",
      "dataset": {
        "name": "Pasta",
        "slug": "pasta",
        "dataset_management_url": "https://darwin.v7labs.com/datasets/735230/dataset-management"
      },
      "team": {
        "name": "Salvino",
        "slug": "salvino"
      },
      "workview_url": "https://darwin.v7labs.com/workview?dataset=735230&item=018ea5b6-384c-bbb0-89a8-e3c333e9164d"
    },
    "slots": [
      {
        "type": "image",
        "slot_name": "0",
        "width": 512,
        "height": 512,
        "thumbnail_url": "https://darwin.v7labs.com/api/v2/teams/salvino/files/ed5dc744-656f-4465-bbf2-69f22226a91d/thumbnail",
        "source_files": [
          {
            "file_name": "conchiglie.4qe89pno.ingestion-5fd995d986-l5rgx.jpg",
            "url": "https://darwin.v7labs.com/api/v2/teams/salvino/uploads/5d87dfb7-fac3-481d-b38f-71a8737de377"
          }
        ]
      }
    ]
  },
  "annotations": [
    {
      "bounding_box": {
        "h": 312.0,
        "w": 218.0,
        "x": 140.0,
        "y": 20.0
      },
      "id": "835df3aa-7334-46d5-b0e7-a3a8a5969077",
      "name": "Fusilli",
      "polygon": {
        "paths": [
          [
            {
              "x": 192.0,
              "y": 20.0
            },
            {
              "x": 188.0,
              "y": 22.0
            },
            {
              "x": 186.0,
              "y": 26.0
            },
            {
              "x": 186.0,
              "y": 30.0
            },
            {
              "x": 185.0,
              "y": 31.0
            },
            {
              "x": 184.0,
              "y": 36.0
            },
            {
              "x": 182.0,
              "y": 39.0
            },
            {
              "x": 182.0,
              "y": 42.0
            },
            {
              "x": 179.0,
              "y": 46.0
            },
            {
              "x": 176.0,
              "y": 46.0
            },
            {
              "x": 175.0,
              "y": 44.0
            },
            {
              "x": 172.0,
              "y": 44.0
            },
            {
              "x": 169.0,
              "y": 42.0
            },
            {
              "x": 164.0,
              "y": 42.0
            },
            {
              "x": 163.0,
              "y": 41.0
            },
            {
              "x": 150.0,
              "y": 41.0
            },
            {
              "x": 144.0,
              "y": 44.0
            },
            {
              "x": 144.0,
              "y": 45.0
            },
            {
              "x": 142.0,
              "y": 46.0
            },
            {
              "x": 142.0,
              "y": 47.0
            },
            {
              "x": 140.0,
              "y": 49.0
            },
            {
              "x": 140.0,
              "y": 58.0
            },
            {
              "x": 146.0,
              "y": 65.0
            },
            {
              "x": 146.0,
              "y": 66.0
            },
            {
              "x": 147.0,
              "y": 66.0
            },
            {
              "x": 150.0,
              "y": 69.0
            },
            {
              "x": 151.0,
              "y": 69.0
            },
            {
              "x": 152.0,
              "y": 71.0
            },
            {
              "x": 154.0,
              "y": 72.0
            },
            {
              "x": 154.0,
              "y": 77.0
            },
            {
              "x": 155.0,
              "y": 78.0
            },
            {
              "x": 155.0,
              "y": 89.0
            },
            {
              "x": 154.0,
              "y": 90.0
            },
            {
              "x": 154.0,
              "y": 94.0
            },
            {
              "x": 152.0,
              "y": 97.0
            },
            {
              "x": 152.0,
              "y": 105.0
            },
            {
              "x": 151.0,
              "y": 106.0
            },
            {
              "x": 151.0,
              "y": 111.0
            },
            {
              "x": 152.0,
              "y": 112.0
            },
            {
              "x": 152.0,
              "y": 114.0
            },
            {
              "x": 155.0,
              "y": 117.0
            },
            {
              "x": 166.0,
              "y": 117.0
            },
            {
              "x": 167.0,
              "y": 116.0
            },
            {
              "x": 171.0,
              "y": 116.0
            },
            {
              "x": 172.0,
              "y": 117.0
            },
            {
              "x": 172.0,
              "y": 120.0
            },
            {
              "x": 170.0,
              "y": 122.0
            },
            {
              "x": 170.0,
              "y": 124.0
            },
            {
              "x": 164.0,
              "y": 131.0
            },
            {
              "x": 164.0,
              "y": 133.0
            },
            {
              "x": 162.0,
              "y": 137.0
            },
            {
              "x": 162.0,
              "y": 145.0
            },
            {
              "x": 163.0,
              "y": 145.0
            },
            {
              "x": 164.0,
              "y": 147.0
            },
            {
              "x": 165.0,
              "y": 147.0
            },
            {
              "x": 167.0,
              "y": 149.0
            },
            {
              "x": 186.0,
              "y": 149.0
            },
            {
              "x": 187.0,
              "y": 150.0
            },
            {
              "x": 186.0,
              "y": 155.0
            },
            {
              "x": 184.0,
              "y": 156.0
            },
            {
              "x": 184.0,
              "y": 157.0
            },
            {
              "x": 178.0,
              "y": 165.0
            },
            {
              "x": 178.0,
              "y": 168.0
            },
            {
              "x": 176.0,
              "y": 172.0
            },
            {
              "x": 176.0,
              "y": 176.0
            },
            {
              "x": 178.0,
              "y": 180.0
            },
            {
              "x": 182.0,
              "y": 183.0
            },
            {
              "x": 193.0,
              "y": 183.0
            },
            {
              "x": 194.0,
              "y": 182.0
            },
            {
              "x": 197.0,
              "y": 182.0
            },
            {
              "x": 198.0,
              "y": 181.0
            },
            {
              "x": 204.0,
              "y": 181.0
            },
            {
              "x": 205.0,
              "y": 180.0
            },
            {
              "x": 207.0,
              "y": 182.0
            },
            {
              "x": 206.0,
              "y": 187.0
            },
            {
              "x": 204.0,
              "y": 191.0
            },
            {
              "x": 200.0,
              "y": 196.0
            },
            {
              "x": 200.0,
              "y": 198.0
            },
            {
              "x": 198.0,
              "y": 200.0
            },
            {
              "x": 198.0,
              "y": 204.0
            },
            {
              "x": 197.0,
              "y": 205.0
            },
            {
              "x": 197.0,
              "y": 213.0
            },
            {
              "x": 198.0,
              "y": 214.0
            },
            {
              "x": 198.0,
              "y": 216.0
            },
            {
              "x": 202.0,
              "y": 219.0
            },
            {
              "x": 221.0,
              "y": 219.0
            },
            {
              "x": 222.0,
              "y": 218.0
            },
            {
              "x": 225.0,
              "y": 218.0
            },
            {
              "x": 227.0,
              "y": 220.0
            },
            {
              "x": 226.0,
              "y": 225.0
            },
            {
              "x": 224.0,
              "y": 229.0
            },
            {
              "x": 222.0,
              "y": 231.0
            },
            {
              "x": 222.0,
              "y": 233.0
            },
            {
              "x": 220.0,
              "y": 236.0
            },
            {
              "x": 220.0,
              "y": 243.0
            },
            {
              "x": 219.0,
              "y": 244.0
            },
            {
              "x": 219.0,
              "y": 247.0
            },
            {
              "x": 220.0,
              "y": 248.0
            },
            {
              "x": 220.0,
              "y": 251.0
            },
            {
              "x": 227.0,
              "y": 257.0
            },
            {
              "x": 233.0,
              "y": 257.0
            },
            {
              "x": 234.0,
              "y": 258.0
            },
            {
              "x": 242.0,
              "y": 258.0
            },
            {
              "x": 244.0,
              "y": 260.0
            },
            {
              "x": 244.0,
              "y": 262.0
            },
            {
              "x": 242.0,
              "y": 265.0
            },
            {
              "x": 241.0,
              "y": 271.0
            },
            {
              "x": 240.0,
              "y": 272.0
            },
            {
              "x": 240.0,
              "y": 285.0
            },
            {
              "x": 242.0,
              "y": 287.0
            },
            {
              "x": 244.0,
              "y": 291.0
            },
            {
              "x": 250.0,
              "y": 294.0
            },
            {
              "x": 252.0,
              "y": 294.0
            },
            {
              "x": 253.0,
              "y": 295.0
            },
            {
              "x": 261.0,
              "y": 295.0
            },
            {
              "x": 264.0,
              "y": 297.0
            },
            {
              "x": 264.0,
              "y": 309.0
            },
            {
              "x": 263.0,
              "y": 310.0
            },
            {
              "x": 263.0,
              "y": 316.0
            },
            {
              "x": 264.0,
              "y": 317.0
            },
            {
              "x": 264.0,
              "y": 320.0
            },
            {
              "x": 270.0,
              "y": 327.0
            },
            {
              "x": 271.0,
              "y": 327.0
            },
            {
              "x": 273.0,
              "y": 329.0
            },
            {
              "x": 275.0,
              "y": 329.0
            },
            {
              "x": 277.0,
              "y": 331.0
            },
            {
              "x": 287.0,
              "y": 331.0
            },
            {
              "x": 288.0,
              "y": 332.0
            },
            {
              "x": 289.0,
              "y": 331.0
            },
            {
              "x": 297.0,
              "y": 331.0
            },
            {
              "x": 298.0,
              "y": 330.0
            },
            {
              "x": 305.0,
              "y": 329.0
            },
            {
              "x": 313.0,
              "y": 325.0
            },
            {
              "x": 313.0,
              "y": 324.0
            },
            {
              "x": 315.0,
              "y": 323.0
            },
            {
              "x": 315.0,
              "y": 321.0
            },
            {
              "x": 317.0,
              "y": 319.0
            },
            {
              "x": 317.0,
              "y": 313.0
            },
            {
              "x": 319.0,
              "y": 310.0
            },
            {
              "x": 319.0,
              "y": 308.0
            },
            {
              "x": 324.0,
              "y": 302.0
            },
            {
              "x": 325.0,
              "y": 302.0
            },
            {
              "x": 331.0,
              "y": 297.0
            },
            {
              "x": 334.0,
              "y": 297.0
            },
            {
              "x": 335.0,
              "y": 296.0
            },
            {
              "x": 349.0,
              "y": 296.0
            },
            {
              "x": 350.0,
              "y": 295.0
            },
            {
              "x": 354.0,
              "y": 295.0
            },
            {
              "x": 356.0,
              "y": 293.0
            },
            {
              "x": 357.0,
              "y": 293.0
            },
            {
              "x": 357.0,
              "y": 291.0
            },
            {
              "x": 358.0,
              "y": 290.0
            },
            {
              "x": 358.0,
              "y": 285.0
            },
            {
              "x": 357.0,
              "y": 284.0
            },
            {
              "x": 357.0,
              "y": 282.0
            },
            {
              "x": 353.0,
              "y": 278.0
            },
            {
              "x": 352.0,
              "y": 278.0
            },
            {
              "x": 351.0,
              "y": 276.0
            },
            {
              "x": 346.0,
              "y": 274.0
            },
            {
              "x": 339.0,
              "y": 268.0
            },
            {
              "x": 339.0,
              "y": 254.0
            },
            {
              "x": 337.0,
              "y": 252.0
            },
            {
              "x": 337.0,
              "y": 250.0
            },
            {
              "x": 335.0,
              "y": 249.0
            },
            {
              "x": 333.0,
              "y": 244.0
            },
            {
              "x": 332.0,
              "y": 244.0
            },
            {
              "x": 331.0,
              "y": 242.0
            },
            {
              "x": 330.0,
              "y": 242.0
            },
            {
              "x": 325.0,
              "y": 238.0
            },
            {
              "x": 322.0,
              "y": 238.0
            },
            {
              "x": 317.0,
              "y": 235.0
            },
            {
              "x": 316.0,
              "y": 233.0
            },
            {
              "x": 316.0,
              "y": 230.0
            },
            {
              "x": 317.0,
              "y": 229.0
            },
            {
              "x": 316.0,
              "y": 228.0
            },
            {
              "x": 316.0,
              "y": 224.0
            },
            {
              "x": 315.0,
              "y": 223.0
            },
            {
              "x": 315.0,
              "y": 218.0
            },
            {
              "x": 313.0,
              "y": 216.0
            },
            {
              "x": 313.0,
              "y": 214.0
            },
            {
              "x": 306.0,
              "y": 206.0
            },
            {
              "x": 302.0,
              "y": 204.0
            },
            {
              "x": 301.0,
              "y": 202.0
            },
            {
              "x": 300.0,
              "y": 202.0
            },
            {
              "x": 297.0,
              "y": 199.0
            },
            {
              "x": 295.0,
              "y": 195.0
            },
            {
              "x": 295.0,
              "y": 189.0
            },
            {
              "x": 294.0,
              "y": 188.0
            },
            {
              "x": 293.0,
              "y": 183.0
            },
            {
              "x": 291.0,
              "y": 181.0
            },
            {
              "x": 291.0,
              "y": 179.0
            },
            {
              "x": 289.0,
              "y": 177.0
            },
            {
              "x": 289.0,
              "y": 176.0
            },
            {
              "x": 285.0,
              "y": 172.0
            },
            {
              "x": 283.0,
              "y": 171.0
            },
            {
              "x": 283.0,
              "y": 170.0
            },
            {
              "x": 279.0,
              "y": 168.0
            },
            {
              "x": 276.0,
              "y": 165.0
            },
            {
              "x": 275.0,
              "y": 163.0
            },
            {
              "x": 275.0,
              "y": 158.0
            },
            {
              "x": 273.0,
              "y": 156.0
            },
            {
              "x": 273.0,
              "y": 154.0
            },
            {
              "x": 270.0,
              "y": 148.0
            },
            {
              "x": 267.0,
              "y": 145.0
            },
            {
              "x": 267.0,
              "y": 144.0
            },
            {
              "x": 266.0,
              "y": 144.0
            },
            {
              "x": 265.0,
              "y": 142.0
            },
            {
              "x": 263.0,
              "y": 140.0
            },
            {
              "x": 262.0,
              "y": 140.0
            },
            {
              "x": 261.0,
              "y": 138.0
            },
            {
              "x": 259.0,
              "y": 137.0
            },
            {
              "x": 257.0,
              "y": 133.0
            },
            {
              "x": 257.0,
              "y": 124.0
            },
            {
              "x": 255.0,
              "y": 121.0
            },
            {
              "x": 255.0,
              "y": 118.0
            },
            {
              "x": 253.0,
              "y": 116.0
            },
            {
              "x": 251.0,
              "y": 112.0
            },
            {
              "x": 245.0,
              "y": 106.0
            },
            {
              "x": 244.0,
              "y": 106.0
            },
            {
              "x": 241.0,
              "y": 102.0
            },
            {
              "x": 241.0,
              "y": 90.0
            },
            {
              "x": 237.0,
              "y": 82.0
            },
            {
              "x": 235.0,
              "y": 80.0
            },
            {
              "x": 233.0,
              "y": 76.0
            },
            {
              "x": 231.0,
              "y": 75.0
            },
            {
              "x": 231.0,
              "y": 74.0
            },
            {
              "x": 230.0,
              "y": 74.0
            },
            {
              "x": 223.0,
              "y": 69.0
            },
            {
              "x": 222.0,
              "y": 65.0
            },
            {
              "x": 221.0,
              "y": 64.0
            },
            {
              "x": 221.0,
              "y": 60.0
            },
            {
              "x": 219.0,
              "y": 56.0
            },
            {
              "x": 219.0,
              "y": 53.0
            },
            {
              "x": 217.0,
              "y": 51.0
            },
            {
              "x": 217.0,
              "y": 49.0
            },
            {
              "x": 215.0,
              "y": 47.0
            },
            {
              "x": 215.0,
              "y": 44.0
            },
            {
              "x": 213.0,
              "y": 42.0
            },
            {
              "x": 213.0,
              "y": 40.0
            },
            {
              "x": 211.0,
              "y": 39.0
            },
            {
              "x": 207.0,
              "y": 32.0
            },
            {
              "x": 205.0,
              "y": 31.0
            },
            {
              "x": 205.0,
              "y": 30.0
            },
            {
              "x": 201.0,
              "y": 26.0
            },
            {
              "x": 201.0,
              "y": 25.0
            },
            {
              "x": 193.0,
              "y": 20.0
            }
          ]
        ]
      },
      "properties": [],
      "slot_names": [
        "0"
      ]
    }
  ]
}