{
  "version": "2.0",
  "schema_ref": "https://darwin-public.s3.eu-west-1.amazonaws.com/darwin_json/2.0/schema.json",
  "item": {
    "name": "conchiglie.4qe5gmmd.ingestion-5fd995d986-l5rgx.jpg",
    "path": "/",
    "source_info": {
      "item_id": "018ea5b6-3847-a5ec-08e6-0e56229e73c7",
      "dataset": {
        "name": "Pasta",
        "slug": "pasta",
        "dataset_management_url": "https://darwin.v7labs.com/datasets/735230/dataset-management"
      },
      "team": {
        "name": "Salvino",
        "slug": "salvino"
      },
      "workview_url": "https://darwin.v7labs.com/workview?dataset=735230&item=018ea5b6-3847-a5ec-08e6-0e56229e73c7"
    },
    "slots": [
      {
        "type": "image",
        "slot_name": "0",
        "width": 512,
        "height": 512,
        "thumbnail_url": "https://darwin.v7labs.com/api/v2/teams/salvino/files/ee641ec2-9511-4feb-b781-64c7a03b9c18/thumbnail",
        "source_files": [
          {
            "file_name": "conchiglie.4qe5gmmd.ingestion-5fd995d986-l5rgx.jpg",
            "url": "https://darwin.v7labs.com/api/v2/teams/salvino/uploads/74146524-5c94-458f-aa74-a848a7ae60bb"
          }
        ]
      }
    ]
  },
  "annotations": [
    {
      "bounding_box": {
        "h": 124.0,
        "w": 104.0,
        "x": 277.0,
        "y": 259.0
      },
      "id": "37f681a2-1b30-4fcd-b52a-bb127ed29ff4",
      "name": "Conchiglie",
      "polygon": {
        "paths": [
          [
            {
              "x": 320.0,
              "y": 259.0
            },
            {
              "x": 316.0,
              "y": 261.0
            },
            {
              "x": 313.0,
              "y": 264.0
            },
            {
              "x": 312.0,
              "y": 264.0
            },
            {
              "x": 310.0,
              "y": 266.0
            },
            {
              "x": 308.0,
              "y": 271.0
            },
            {
              "x": 304.0,
              "y": 275.0
            },
            {
              "x": 304.0,
              "y": 276.0
            },
            {
              "x": 285.0,
              "y": 292.0
            },
            {
              "x": 285.0,
              "y": 293.0
            },
            {
              "x": 281.0,
              "y": 298.0
            },
            {
              "x": 280.0,
              "y": 302.0
            },
            {
              "x": 279.0,
              "y": 303.0
            },
            {
              "x": 279.0,
              "y": 305.0
            },
            {
              "x": 278.0,
              "y": 306.0
            },
            {
              "x": 278.0,
              "y": 310.0
            },
            {
              "x": 277.0,
              "y": 311.0
            },
            {
              "x": 277.0,
              "y": 323.0
            },
            {
              "x": 278.0,
              "y": 324.0
            },
            {
              "x": 278.0,
              "y": 329.0
            },
            {
              "x": 279.0,
              "y": 330.0
            },
            {
              "x": 279.0,
              "y": 332.0
            },
            {
              "x": 285.0,
              "y": 343.0
            },
            {
              "x": 296.0,
              "y": 354.0
            },
            {
              "x": 297.0,
              "y": 354.0
            },
            {
              "x": 302.0,
              "y": 358.0
            },
            {
              "x": 309.0,
              "y": 361.0
            },
            {
              "x": 316.0,
              "y": 369.0
            },
            {
              "x": 318.0,
              "y": 374.0
            },
            {
              "x": 321.0,
              "y": 375.0
            },
            {
              "x": 324.0,
              "y": 378.0
            },
            {
              "x": 324.0,
              "y": 379.0
            },
            {
              "x": 326.0,
              "y": 379.0
            },
            {
              "x": 330.0,
              "y": 383.0
            },
            {
              "x": 332.0,
              "y": 383.0
            },
            {
              "x": 333.0,
              "y": 382.0
            },
            {
              "x": 341.0,
              "y": 382.0
            },
            {
              "x": 342.0,
              "y": 383.0
            },
            {
              "x": 344.0,
              "y": 383.0
            },
            {
              "x": 347.0,
              "y": 380.0
            },
            {
              "x": 351.0,
              "y": 378.0
            },
            {
              "x": 352.0,
              "y": 374.0
            },
            {
              "x": 355.0,
              "y": 370.0
            },
            {
              "x": 355.0,
              "y": 369.0
            },
            {
              "x": 360.0,
              "y": 365.0
            },
            {
              "x": 362.0,
              "y": 360.0
            },
            {
              "x": 366.0,
              "y": 356.0
            },
            {
              "x": 367.0,
              "y": 356.0
            },
            {
              "x": 369.0,
              "y": 352.0
            },
            {
              "x": 371.0,
              "y": 351.0
            },
            {
              "x": 371.0,
              "y": 350.0
            },
            {
              "x": 375.0,
              "y": 345.0
            },
            {
              "x": 375.0,
              "y": 343.0
            },
            {
              "x": 378.0,
              "y": 338.0
            },
            {
              "x": 378.0,
              "y": 335.0
            },
            {
              "x": 379.0,
              "y": 334.0
            },
            {
              "x": 379.0,
              "y": 331.0
            },
            {
              "x": 380.0,
              "y": 330.0
            },
            {
              "x": 380.0,
              "y": 321.0
            },
            {
              "x": 381.0,
              "y": 320.0
            },
            {
              "x": 381.0,
              "y": 318.0
            },
            {
              "x": 380.0,
              "y": 317.0
            },
            {
              "x": 380.0,
              "y": 311.0
            },
            {
              "x": 379.0,
              "y": 310.0
            },
            {
              "x": 378.0,
              "y": 305.0
            },
            {
              "x": 376.0,
              "y": 303.0
            },
            {
              "x": 375.0,
              "y": 300.0
            },
            {
              "x": 363.0,
              "y": 289.0
            },
            {
              "x": 360.0,
              "y": 288.0
            },
            {
              "x": 358.0,
              "y": 286.0
            },
            {
              "x": 354.0,
              "y": 284.0
            },
            {
              "x": 339.0,
              "y": 268.0
            },
            {
              "x": 337.0,
              "y": 267.0
            },
            {
              "x": 330.0,
              "y": 267.0
            },
            {
              "x": 327.0,
              "y": 264.0
            },
            {
              "x": 326.0,
              "y": 260.0
            },
            {
              "x": 324.0,
              "y": 259.0
            }
          ]
        ]
      },
      "properties": [],
      "slot_names": [
        "0"
      ]
    }
  ]
}