{
  "version": "2.0",
  "schema_ref": "https://darwin-public.s3.eu-west-1.amazonaws.com/darwin_json/2.0/schema.json",
  "item": {
    "name": "conchiglie.4qe86lis.ingestion-5fd995d986-9zbdz.jpg",
    "path": "/",
    "source_info": {
      "item_id": "018ea5b6-384a-983a-441e-6cf9cd91aae3",
      "dataset": {
        "name": "Pasta",
        "slug": "pasta",
        "dataset_management_url": "https://darwin.v7labs.com/datasets/735230/dataset-management"
      },
      "team": {
        "name": "Salvino",
        "slug": "salvino"
      },
      "workview_url": "https://darwin.v7labs.com/workview?dataset=735230&item=018ea5b6-384a-983a-441e-6cf9cd91aae3"
    },
    "slots": [
      {
        "type": "image",
        "slot_name": "0",
        "width": 512,
        "height": 512,
        "thumbnail_url": "https://darwin.v7labs.com/api/v2/teams/salvino/files/d0b98148-aec0-4e89-9a5c-2481bd3abfd9/thumbnail",
        "source_files": [
          {
            "file_name": "conchiglie.4qe86lis.ingestion-5fd995d986-9zbdz.jpg",
            "url": "https://darwin.v7labs.com/api/v2/teams/salvino/uploads/158e7d6d-f32d-4e16-a912-beedbb5ef94e"
          }
        ]
      }
    ]
  },
  "annotations": [
    {
      "bounding_box": {
        "h": 287.0,
        "w": 257.0,
        "x": 74.0,
        "y": 94.0
      },
      "id": "a177993b-b0ca-4f15-89a8-64e879ca8f96",
      "name": "Farfalle",
      "polygon": {
        "paths": [
          [
            {
              "x": 267.0,
              "y": 104.0
            },
            {
              "x": 260.0,
              "y": 103.0
            },
            {
              "x": 259.0,
              "y": 104.0
            },
            {
              "x": 257.0,
              "y": 104.0
            },
            {
              "x": 255.0,
              "y": 106.0
            },
            {
              "x": 253.0,
              "y": 106.0
            },
            {
              "x": 252.0,
              "y": 107.0
            },
            {
              "x": 246.0,
              "y": 108.0
            },
            {
              "x": 243.0,
              "y": 110.0
            },
            {
              "x": 241.0,
              "y": 110.0
            },
            {
              "x": 239.0,
              "y": 108.0
            },
            {
              "x": 239.0,
              "y": 106.0
            },
            {
              "x": 237.0,
              "y": 103.0
            },
            {
              "x": 236.0,
              "y": 99.0
            },
            {
              "x": 232.0,
              "y": 95.0
            },
            {
              "x": 228.0,
              "y": 95.0
            },
            {
              "x": 227.0,
              "y": 96.0
            },
            {
              "x": 225.0,
              "y": 96.0
            },
            {
              "x": 225.0,
              "y": 97.0
            },
            {
              "x": 223.0,
              "y": 99.0
            },
            {
              "x": 222.0,
              "y": 99.0
            },
            {
              "x": 222.0,
              "y": 100.0
            },
            {
              "x": 212.0,
              "y": 110.0
            },
            {
              "x": 210.0,
              "y": 110.0
            },
            {
              "x": 206.0,
              "y": 105.0
            },
            {
              "x": 204.0,
              "y": 101.0
            },
            {
              "x": 200.0,
              "y": 97.0
            },
            {
              "x": 200.0,
              "y": 96.0
            },
            {
              "x": 196.0,
              "y": 94.0
            },
            {
              "x": 193.0,
              "y": 94.0
            },
            {
              "x": 191.0,
              "y": 96.0
            },
            {
              "x": 190.0,
              "y": 96.0
            },
            {
              "x": 190.0,
              "y": 97.0
            },
            {
              "x": 188.0,
              "y": 99.0
            },
            {
              "x": 188.0,
              "y": 101.0
            },
            {
              "x": 186.0,
              "y": 103.0
            },
            {
              "x": 184.0,
              "y": 107.0
            },
            {
              "x": 184.0,
              "y": 109.0
            },
            {
              "x": 182.0,
              "y": 111.0
            },
            {
              "x": 182.0,
              "y": 112.0
            },
            {
              "x": 180.0,
              "y": 114.0
            },
            {
              "x": 179.0,
              "y": 114.0
            },
            {
              "x": 167.0,
              "y": 104.0
            },
            {
              "x": 165.0,
              "y": 103.0
            },
            {
              "x": 162.0,
              "y": 103.0
            },
            {
              "x": 161.0,
              "y": 102.0
            },
            {
              "x": 160.0,
              "y": 103.0
            },
            {
              "x": 158.0,
              "y": 103.0
            },
            {
              "x": 156.0,
              "y": 105.0
            },
            {
              "x": 156.0,
              "y": 108.0
            },
            {
              "x": 154.0,
              "y": 112.0
            },
            {
              "x": 154.0,
              "y": 116.0
            },
            {
              "x": 153.0,
              "y": 117.0
            },
            {
              "x": 153.0,
              "y": 119.0
            },
            {
              "x": 151.0,
              "y": 123.0
            },
            {
              "x": 147.0,
              "y": 123.0
            },
            {
              "x": 143.0,
              "y": 120.0
            },
            {
              "x": 138.0,
              "y": 118.0
            },
            {
              "x": 136.0,
              "y": 116.0
            },
            {
              "x": 132.0,
              "y": 114.0
            },
            {
              "x": 126.0,
              "y": 114.0
            },
            {
              "x": 125.0,
              "y": 115.0
            },
            {
              "x": 125.0,
              "y": 119.0
            },
            {
              "x": 124.0,
              "y": 120.0
            },
            {
              "x": 124.0,
              "y": 131.0
            },
            {
              "x": 123.0,
              "y": 132.0
            },
            {
              "x": 123.0,
              "y": 134.0
            },
            {
              "x": 121.0,
              "y": 138.0
            },
            {
              "x": 114.0,
              "y": 138.0
            },
            {
              "x": 112.0,
              "y": 136.0
            },
            {
              "x": 106.0,
              "y": 135.0
            },
            {
              "x": 105.0,
              "y": 134.0
            },
            {
              "x": 100.0,
              "y": 134.0
            },
            {
              "x": 98.0,
              "y": 135.0
            },
            {
              "x": 97.0,
              "y": 137.0
            },
            {
              "x": 97.0,
              "y": 142.0
            },
            {
              "x": 98.0,
              "y": 143.0
            },
            {
              "x": 98.0,
              "y": 148.0
            },
            {
              "x": 99.0,
              "y": 149.0
            },
            {
              "x": 99.0,
              "y": 158.0
            },
            {
              "x": 98.0,
              "y": 159.0
            },
            {
              "x": 92.0,
              "y": 159.0
            },
            {
              "x": 86.0,
              "y": 156.0
            },
            {
              "x": 79.0,
              "y": 156.0
            },
            {
              "x": 79.0,
              "y": 157.0
            },
            {
              "x": 77.0,
              "y": 159.0
            },
            {
              "x": 75.0,
              "y": 163.0
            },
            {
              "x": 75.0,
              "y": 165.0
            },
            {
              "x": 74.0,
              "y": 166.0
            },
            {
              "x": 74.0,
              "y": 176.0
            },
            {
              "x": 75.0,
              "y": 177.0
            },
            {
              "x": 75.0,
              "y": 179.0
            },
            {
              "x": 78.0,
              "y": 182.0
            },
            {
              "x": 79.0,
              "y": 185.0
            },
            {
              "x": 81.0,
              "y": 186.0
            },
            {
              "x": 83.0,
              "y": 190.0
            },
            {
              "x": 85.0,
              "y": 191.0
            },
            {
              "x": 86.0,
              "y": 194.0
            },
            {
              "x": 94.0,
              "y": 203.0
            },
            {
              "x": 95.0,
              "y": 206.0
            },
            {
              "x": 97.0,
              "y": 207.0
            },
            {
              "x": 97.0,
              "y": 208.0
            },
            {
              "x": 101.0,
              "y": 212.0
            },
            {
              "x": 101.0,
              "y": 213.0
            },
            {
              "x": 111.0,
              "y": 223.0
            },
            {
              "x": 112.0,
              "y": 223.0
            },
            {
              "x": 118.0,
              "y": 229.0
            },
            {
              "x": 120.0,
              "y": 229.0
            },
            {
              "x": 122.0,
              "y": 231.0
            },
            {
              "x": 134.0,
              "y": 237.0
            },
            {
              "x": 136.0,
              "y": 237.0
            },
            {
              "x": 137.0,
              "y": 238.0
            },
            {
              "x": 139.0,
              "y": 238.0
            },
            {
              "x": 142.0,
              "y": 240.0
            },
            {
              "x": 145.0,
              "y": 240.0
            },
            {
              "x": 146.0,
              "y": 241.0
            },
            {
              "x": 156.0,
              "y": 241.0
            },
            {
              "x": 157.0,
              "y": 242.0
            },
            {
              "x": 163.0,
              "y": 242.0
            },
            {
              "x": 169.0,
              "y": 245.0
            },
            {
              "x": 172.0,
              "y": 249.0
            },
            {
              "x": 172.0,
              "y": 257.0
            },
            {
              "x": 167.0,
              "y": 262.0
            },
            {
              "x": 166.0,
              "y": 262.0
            },
            {
              "x": 163.0,
              "y": 265.0
            },
            {
              "x": 162.0,
              "y": 265.0
            },
            {
              "x": 152.0,
              "y": 275.0
            },
            {
              "x": 152.0,
              "y": 276.0
            },
            {
              "x": 150.0,
              "y": 277.0
            },
            {
              "x": 150.0,
              "y": 278.0
            },
            {
              "x": 146.0,
              "y": 283.0
            },
            {
              "x": 144.0,
              "y": 288.0
            },
            {
              "x": 142.0,
              "y": 290.0
            },
            {
              "x": 140.0,
              "y": 296.0
            },
            {
              "x": 138.0,
              "y": 298.0
            },
            {
              "x": 138.0,
              "y": 301.0
            },
            {
              "x": 136.0,
              "y": 305.0
            },
            {
              "x": 136.0,
              "y": 308.0
            },
            {
              "x": 134.0,
              "y": 311.0
            },
            {
              "x": 134.0,
              "y": 316.0
            },
            {
              "x": 133.0,
              "y": 317.0
            },
            {
              "x": 133.0,
              "y": 321.0
            },
            {
              "x": 132.0,
              "y": 322.0
            },
            {
              "x": 132.0,
              "y": 328.0
            },
            {
              "x": 130.0,
              "y": 331.0
            },
            {
              "x": 130.0,
              "y": 337.0
            },
            {
              "x": 129.0,
              "y": 338.0
            },
            {
              "x": 129.0,
              "y": 351.0
            },
            {
              "x": 128.0,
              "y": 352.0
            },
            {
              "x": 128.0,
              "y": 364.0
            },
            {
              "x": 129.0,
              "y": 365.0
            },
            {
              "x": 129.0,
              "y": 367.0
            },
            {
              "x": 134.0,
              "y": 372.0
            },
            {
              "x": 140.0,
              "y": 375.0
            },
            {
              "x": 145.0,
              "y": 375.0
            },
            {
              "x": 147.0,
              "y": 374.0
            },
            {
              "x": 149.0,
              "y": 372.0
            },
            {
              "x": 149.0,
              "y": 371.0
            },
            {
              "x": 156.0,
              "y": 364.0
            },
            {
              "x": 159.0,
              "y": 363.0
            },
            {
              "x": 162.0,
              "y": 366.0
            },
            {
              "x": 162.0,
              "y": 368.0
            },
            {
              "x": 164.0,
              "y": 371.0
            },
            {
              "x": 164.0,
              "y": 373.0
            },
            {
              "x": 166.0,
              "y": 377.0
            },
            {
              "x": 167.0,
              "y": 377.0
            },
            {
              "x": 169.0,
              "y": 380.0
            },
            {
              "x": 171.0,
              "y": 380.0
            },
            {
              "x": 172.0,
              "y": 381.0
            },
            {
              "x": 176.0,
              "y": 381.0
            },
            {
              "x": 178.0,
              "y": 379.0
            },
            {
              "x": 179.0,
              "y": 379.0
            },
            {
              "x": 180.0,
              "y": 374.0
            },
            {
              "x": 182.0,
              "y": 372.0
            },
            {
              "x": 183.0,
              "y": 372.0
            },
            {
              "x": 186.0,
              "y": 368.0
            },
            {
              "x": 188.0,
              "y": 367.0
            },
            {
              "x": 191.0,
              "y": 367.0
            },
            {
              "x": 193.0,
              "y": 368.0
            },
            {
              "x": 194.0,
              "y": 370.0
            },
            {
              "x": 198.0,
              "y": 374.0
            },
            {
              "x": 198.0,
              "y": 376.0
            },
            {
              "x": 202.0,
              "y": 381.0
            },
            {
              "x": 209.0,
              "y": 381.0
            },
            {
              "x": 211.0,
              "y": 379.0
            },
            {
              "x": 213.0,
              "y": 374.0
            },
            {
              "x": 216.0,
              "y": 371.0
            },
            {
              "x": 218.0,
              "y": 366.0
            },
            {
              "x": 222.0,
              "y": 362.0
            },
            {
              "x": 224.0,
              "y": 362.0
            },
            {
              "x": 226.0,
              "y": 364.0
            },
            {
              "x": 227.0,
              "y": 364.0
            },
            {
              "x": 233.0,
              "y": 371.0
            },
            {
              "x": 240.0,
              "y": 372.0
            },
            {
              "x": 241.0,
              "y": 371.0
            },
            {
              "x": 243.0,
              "y": 371.0
            },
            {
              "x": 245.0,
              "y": 367.0
            },
            {
              "x": 245.0,
              "y": 364.0
            },
            {
              "x": 247.0,
              "y": 361.0
            },
            {
              "x": 247.0,
              "y": 358.0
            },
            {
              "x": 249.0,
              "y": 354.0
            },
            {
              "x": 251.0,
              "y": 352.0
            },
            {
              "x": 255.0,
              "y": 352.0
            },
            {
              "x": 262.0,
              "y": 356.0
            },
            {
              "x": 264.0,
              "y": 356.0
            },
            {
              "x": 268.0,
              "y": 358.0
            },
            {
              "x": 275.0,
              "y": 357.0
            },
            {
              "x": 277.0,
              "y": 353.0
            },
            {
              "x": 277.0,
              "y": 351.0
            },
            {
              "x": 276.0,
              "y": 350.0
            },
            {
              "x": 276.0,
              "y": 344.0
            },
            {
              "x": 277.0,
              "y": 343.0
            },
            {
              "x": 277.0,
              "y": 340.0
            },
            {
              "x": 279.0,
              "y": 336.0
            },
            {
              "x": 281.0,
              "y": 335.0
            },
            {
              "x": 288.0,
              "y": 335.0
            },
            {
              "x": 289.0,
              "y": 336.0
            },
            {
              "x": 292.0,
              "y": 336.0
            },
            {
              "x": 293.0,
              "y": 337.0
            },
            {
              "x": 302.0,
              "y": 337.0
            },
            {
              "x": 304.0,
              "y": 335.0
            },
            {
              "x": 304.0,
              "y": 330.0
            },
            {
              "x": 303.0,
              "y": 329.0
            },
            {
              "x": 303.0,
              "y": 326.0
            },
            {
              "x": 302.0,
              "y": 325.0
            },
            {
              "x": 302.0,
              "y": 319.0
            },
            {
              "x": 301.0,
              "y": 317.0
            },
            {
              "x": 302.0,
              "y": 316.0
            },
            {
              "x": 302.0,
              "y": 314.0
            },
            {
              "x": 304.0,
              "y": 312.0
            },
            {
              "x": 315.0,
              "y": 312.0
            },
            {
              "x": 316.0,
              "y": 313.0
            },
            {
              "x": 324.0,
              "y": 313.0
            },
            {
              "x": 326.0,
              "y": 312.0
            },
            {
              "x": 329.0,
              "y": 308.0
            },
            {
              "x": 330.0,
              "y": 308.0
            },
            {
              "x": 331.0,
              "y": 306.0
            },
            {
              "x": 331.0,
              "y": 296.0
            },
            {
              "x": 328.0,
              "y": 290.0
            },
            {
              "x": 323.0,
              "y": 285.0
            },
            {
              "x": 322.0,
              "y": 285.0
            },
            {
              "x": 318.0,
              "y": 281.0
            },
            {
              "x": 317.0,
              "y": 281.0
            },
            {
              "x": 316.0,
              "y": 279.0
            },
            {
              "x": 314.0,
              "y": 277.0
            },
            {
              "x": 313.0,
              "y": 277.0
            },
            {
              "x": 312.0,
              "y": 275.0
            },
            {
              "x": 310.0,
              "y": 273.0
            },
            {
              "x": 309.0,
              "y": 273.0
            },
            {
              "x": 301.0,
              "y": 265.0
            },
            {
              "x": 300.0,
              "y": 265.0
            },
            {
              "x": 298.0,
              "y": 262.0
            },
            {
              "x": 295.0,
              "y": 261.0
            },
            {
              "x": 294.0,
              "y": 259.0
            },
            {
              "x": 289.0,
              "y": 257.0
            },
            {
              "x": 288.0,
              "y": 255.0
            },
            {
              "x": 284.0,
              "y": 253.0
            },
            {
              "x": 283.0,
              "y": 251.0
            },
            {
              "x": 273.0,
              "y": 246.0
            },
            {
              "x": 268.0,
              "y": 245.0
            },
            {
              "x": 266.0,
              "y": 243.0
            },
            {
              "x": 264.0,
              "y": 243.0
            },
            {
              "x": 263.0,
              "y": 242.0
            },
            {
              "x": 253.0,
              "y": 241.0
            },
            {
              "x": 249.0,
              "y": 239.0
            },
            {
              "x": 236.0,
              "y": 239.0
            },
            {
              "x": 235.0,
              "y": 238.0
            },
            {
              "x": 230.0,
              "y": 238.0
            },
            {
              "x": 225.0,
              "y": 234.0
            },
            {
              "x": 225.0,
              "y": 230.0
            },
            {
              "x": 230.0,
              "y": 225.0
            },
            {
              "x": 232.0,
              "y": 225.0
            },
            {
              "x": 233.0,
              "y": 221.0
            },
            {
              "x": 247.0,
              "y": 208.0
            },
            {
              "x": 247.0,
              "y": 207.0
            },
            {
              "x": 252.0,
              "y": 202.0
            },
            {
              "x": 253.0,
              "y": 199.0
            },
            {
              "x": 256.0,
              "y": 196.0
            },
            {
              "x": 258.0,
              "y": 191.0
            },
            {
              "x": 261.0,
              "y": 188.0
            },
            {
              "x": 261.0,
              "y": 187.0
            },
            {
              "x": 264.0,
              "y": 184.0
            },
            {
              "x": 264.0,
              "y": 183.0
            },
            {
              "x": 268.0,
              "y": 180.0
            },
            {
              "x": 268.0,
              "y": 179.0
            },
            {
              "x": 271.0,
              "y": 176.0
            },
            {
              "x": 271.0,
              "y": 175.0
            },
            {
              "x": 276.0,
              "y": 170.0
            },
            {
              "x": 276.0,
              "y": 169.0
            },
            {
              "x": 278.0,
              "y": 168.0
            },
            {
              "x": 279.0,
              "y": 165.0
            },
            {
              "x": 282.0,
              "y": 163.0
            },
            {
              "x": 282.0,
              "y": 162.0
            },
            {
              "x": 286.0,
              "y": 157.0
            },
            {
              "x": 288.0,
              "y": 153.0
            },
            {
              "x": 288.0,
              "y": 151.0
            },
            {
              "x": 290.0,
              "y": 148.0
            },
            {
              "x": 290.0,
              "y": 139.0
            },
            {
              "x": 289.0,
              "y": 138.0
            },
            {
              "x": 288.0,
              "y": 132.0
            },
            {
              "x": 286.0,
              "y": 129.0
            },
            {
              "x": 286.0,
              "y": 127.0
            },
            {
              "x": 284.0,
              "y": 125.0
            },
            {
              "x": 283.0,
              "y": 121.0
            },
            {
              "x": 279.0,
              "y": 117.0
            },
            {
              "x": 278.0,
              "y": 114.0
            },
            {
              "x": 276.0,
              "y": 113.0
            },
            {
              "x": 275.0,
              "y": 110.0
            },
            {
              "x": 274.0,
              "y": 110.0
            },
            {
              "x": 272.0,
              "y": 107.0
            },
            {
              "x": 270.0,
              "y": 107.0
            }
          ]
        ]
      },
      "properties": [],
      "slot_names": [
        "0"
      ]
    }
  ]
}