{
  "version": "2.0",
  "schema_ref": "https://darwin-public.s3.eu-west-1.amazonaws.com/darwin_json/2.0/schema.json",
  "item": {
    "name": "conchiglie.4qe8a7b4.ingestion-5fd995d986-fwdsf.jpg",
    "path": "/",
    "source_info": {
      "item_id": "018ea5b6-384a-fc2a-f086-9d6571427315",
      "dataset": {
        "name": "Pasta",
        "slug": "pasta",
        "dataset_management_url": "https://darwin.v7labs.com/datasets/735230/dataset-management"
      },
      "team": {
        "name": "Salvino",
        "slug": "salvino"
      },
      "workview_url": "https://darwin.v7labs.com/workview?dataset=735230&item=018ea5b6-384a-fc2a-f086-9d6571427315"
    },
    "slots": [
      {
        "type": "image",
        "slot_name": "0",
        "width": 512,
        "height": 512,
        "thumbnail_url": "https://darwin.v7labs.com/api/v2/teams/salvino/files/1e7e0229-405e-407b-913d-aea08848c747/thumbnail",
        "source_files": [
          {
            "file_name": "conchiglie.4qe8a7b4.ingestion-5fd995d986-fwdsf.jpg",
            "url": "https://darwin.v7labs.com/api/v2/teams/salvino/uploads/4a2ab2b0-f909-4765-85d8-76438189229d"
          }
        ]
      }
    ]
  },
  "annotations": [
    {
      "bounding_box": {
        "h": 277.0,
        "w": 268.0,
        "x": 113.0,
        "y": 214.0
      },
      "id": "3a668bbd-21c3-4468-ac99-65eb3cb36d36",
      "name": "Fusilli",
      "polygon": {
        "paths": [
          [
            {
              "x": 151.0,
              "y": 214.0
            },
            {
              "x": 147.0,
              "y": 221.0
            },
            {
              "x": 143.0,
              "y": 241.0
            },
            {
              "x": 135.0,
              "y": 245.0
            },
            {
              "x": 123.0,
              "y": 247.0
            },
            {
              "x": 115.0,
              "y": 253.0
            },
            {
              "x": 113.0,
              "y": 258.0
            },
            {
              "x": 114.0,
              "y": 265.0
            },
            {
              "x": 123.0,
              "y": 274.0
            },
            {
              "x": 134.0,
              "y": 312.0
            },
            {
              "x": 139.0,
              "y": 317.0
            },
            {
              "x": 151.0,
              "y": 321.0
            },
            {
              "x": 151.0,
              "y": 332.0
            },
            {
              "x": 157.0,
              "y": 344.0
            },
            {
              "x": 174.0,
              "y": 349.0
            },
            {
              "x": 176.0,
              "y": 366.0
            },
            {
              "x": 183.0,
              "y": 374.0
            },
            {
              "x": 204.0,
              "y": 378.0
            },
            {
              "x": 206.0,
              "y": 394.0
            },
            {
              "x": 210.0,
              "y": 401.0
            },
            {
              "x": 218.0,
              "y": 406.0
            },
            {
              "x": 234.0,
              "y": 407.0
            },
            {
              "x": 239.0,
              "y": 425.0
            },
            {
              "x": 246.0,
              "y": 433.0
            },
            {
              "x": 262.0,
              "y": 437.0
            },
            {
              "x": 273.0,
              "y": 458.0
            },
            {
              "x": 285.0,
              "y": 465.0
            },
            {
              "x": 294.0,
              "y": 466.0
            },
            {
              "x": 306.0,
              "y": 484.0
            },
            {
              "x": 320.0,
              "y": 491.0
            },
            {
              "x": 346.0,
              "y": 489.0
            },
            {
              "x": 360.0,
              "y": 480.0
            },
            {
              "x": 361.0,
              "y": 470.0
            },
            {
              "x": 352.0,
              "y": 451.0
            },
            {
              "x": 358.0,
              "y": 441.0
            },
            {
              "x": 379.0,
              "y": 430.0
            },
            {
              "x": 381.0,
              "y": 426.0
            },
            {
              "x": 379.0,
              "y": 421.0
            },
            {
              "x": 370.0,
              "y": 419.0
            },
            {
              "x": 351.0,
              "y": 421.0
            },
            {
              "x": 350.0,
              "y": 415.0
            },
            {
              "x": 353.0,
              "y": 409.0
            },
            {
              "x": 353.0,
              "y": 401.0
            },
            {
              "x": 347.0,
              "y": 394.0
            },
            {
              "x": 334.0,
              "y": 392.0
            },
            {
              "x": 321.0,
              "y": 395.0
            },
            {
              "x": 321.0,
              "y": 372.0
            },
            {
              "x": 316.0,
              "y": 367.0
            },
            {
              "x": 293.0,
              "y": 365.0
            },
            {
              "x": 293.0,
              "y": 347.0
            },
            {
              "x": 291.0,
              "y": 344.0
            },
            {
              "x": 282.0,
              "y": 338.0
            },
            {
              "x": 269.0,
              "y": 337.0
            },
            {
              "x": 266.0,
              "y": 334.0
            },
            {
              "x": 264.0,
              "y": 321.0
            },
            {
              "x": 260.0,
              "y": 316.0
            },
            {
              "x": 242.0,
              "y": 312.0
            },
            {
              "x": 239.0,
              "y": 308.0
            },
            {
              "x": 237.0,
              "y": 292.0
            },
            {
              "x": 229.0,
              "y": 286.0
            },
            {
              "x": 218.0,
              "y": 285.0
            },
            {
              "x": 215.0,
              "y": 282.0
            },
            {
              "x": 215.0,
              "y": 270.0
            },
            {
              "x": 211.0,
              "y": 263.0
            },
            {
              "x": 190.0,
              "y": 255.0
            },
            {
              "x": 179.0,
              "y": 233.0
            },
            {
              "x": 156.0,
              "y": 214.0
            }
          ]
        ]
      },
      "properties": [],
      "slot_names": [
        "0"
      ]
    }
  ]
}