{
  "version": "2.0",
  "schema_ref": "https://darwin-public.s3.eu-west-1.amazonaws.com/darwin_json/2.0/schema.json",
  "item": {
    "name": "conchiglie.4qe5fu3k.ingestion-5fd995d986-9zbdz.jpg",
    "path": "/",
    "source_info": {
      "item_id": "018ea5b6-3846-35c2-1d26-3c932f63734e",
      "dataset": {
        "name": "Pasta",
        "slug": "pasta",
        "dataset_management_url": "https://darwin.v7labs.com/datasets/735230/dataset-management"
      },
      "team": {
        "name": "Salvino",
        "slug": "salvino"
      },
      "workview_url": "https://darwin.v7labs.com/workview?dataset=735230&item=018ea5b6-3846-35c2-1d26-3c932f63734e"
    },
    "slots": [
      {
        "type": "image",
        "slot_name": "0",
        "width": 512,
        "height": 512,
        "thumbnail_url": "https://darwin.v7labs.com/api/v2/teams/salvino/files/467d5084-3bf5-47c2-8e20-e3e0b68cb339/thumbnail",
        "source_files": [
          {
            "file_name": "conchiglie.4qe5fu3k.ingestion-5fd995d986-9zbdz.jpg",
            "url": "https://darwin.v7labs.com/api/v2/teams/salvino/uploads/b99cadce-2572-45ed-8579-80d40774ce61"
          }
        ]
      }
    ]
  },
  "annotations": [
    {
      "bounding_box": {
        "h": 197.0,
        "w": 142.0,
        "x": 172.0,
        "y": 163.0
      },
      "id": "96a9d12f-3095-4123-823a-f9101084b31a",
      "name": "Conchiglie",
      "polygon": {
        "paths": [
          [
            {
              "x": 293.0,
              "y": 170.0
            },
            {
              "x": 287.0,
              "y": 169.0
            },
            {
              "x": 286.0,
              "y": 168.0
            },
            {
              "x": 281.0,
              "y": 168.0
            },
            {
              "x": 275.0,
              "y": 165.0
            },
            {
              "x": 273.0,
              "y": 165.0
            },
            {
              "x": 270.0,
              "y": 163.0
            },
            {
              "x": 263.0,
              "y": 163.0
            },
            {
              "x": 261.0,
              "y": 164.0
            },
            {
              "x": 255.0,
              "y": 170.0
            },
            {
              "x": 253.0,
              "y": 170.0
            },
            {
              "x": 249.0,
              "y": 175.0
            },
            {
              "x": 246.0,
              "y": 176.0
            },
            {
              "x": 240.0,
              "y": 181.0
            },
            {
              "x": 236.0,
              "y": 182.0
            },
            {
              "x": 233.0,
              "y": 185.0
            },
            {
              "x": 229.0,
              "y": 186.0
            },
            {
              "x": 225.0,
              "y": 189.0
            },
            {
              "x": 222.0,
              "y": 190.0
            },
            {
              "x": 218.0,
              "y": 194.0
            },
            {
              "x": 210.0,
              "y": 198.0
            },
            {
              "x": 208.0,
              "y": 200.0
            },
            {
              "x": 207.0,
              "y": 200.0
            },
            {
              "x": 205.0,
              "y": 202.0
            },
            {
              "x": 204.0,
              "y": 202.0
            },
            {
              "x": 202.0,
              "y": 204.0
            },
            {
              "x": 199.0,
              "y": 205.0
            },
            {
              "x": 196.0,
              "y": 208.0
            },
            {
              "x": 195.0,
              "y": 208.0
            },
            {
              "x": 192.0,
              "y": 211.0
            },
            {
              "x": 192.0,
              "y": 212.0
            },
            {
              "x": 190.0,
              "y": 213.0
            },
            {
              "x": 187.0,
              "y": 217.0
            },
            {
              "x": 186.0,
              "y": 217.0
            },
            {
              "x": 186.0,
              "y": 218.0
            },
            {
              "x": 184.0,
              "y": 220.0
            },
            {
              "x": 184.0,
              "y": 222.0
            },
            {
              "x": 180.0,
              "y": 227.0
            },
            {
              "x": 179.0,
              "y": 232.0
            },
            {
              "x": 176.0,
              "y": 237.0
            },
            {
              "x": 175.0,
              "y": 245.0
            },
            {
              "x": 173.0,
              "y": 248.0
            },
            {
              "x": 173.0,
              "y": 256.0
            },
            {
              "x": 172.0,
              "y": 257.0
            },
            {
              "x": 173.0,
              "y": 272.0
            },
            {
              "x": 175.0,
              "y": 274.0
            },
            {
              "x": 175.0,
              "y": 281.0
            },
            {
              "x": 177.0,
              "y": 285.0
            },
            {
              "x": 177.0,
              "y": 290.0
            },
            {
              "x": 179.0,
              "y": 293.0
            },
            {
              "x": 179.0,
              "y": 299.0
            },
            {
              "x": 181.0,
              "y": 302.0
            },
            {
              "x": 181.0,
              "y": 307.0
            },
            {
              "x": 184.0,
              "y": 312.0
            },
            {
              "x": 184.0,
              "y": 320.0
            },
            {
              "x": 185.0,
              "y": 321.0
            },
            {
              "x": 184.0,
              "y": 325.0
            },
            {
              "x": 187.0,
              "y": 331.0
            },
            {
              "x": 187.0,
              "y": 337.0
            },
            {
              "x": 191.0,
              "y": 342.0
            },
            {
              "x": 194.0,
              "y": 342.0
            },
            {
              "x": 200.0,
              "y": 345.0
            },
            {
              "x": 203.0,
              "y": 348.0
            },
            {
              "x": 204.0,
              "y": 350.0
            },
            {
              "x": 204.0,
              "y": 357.0
            },
            {
              "x": 205.0,
              "y": 359.0
            },
            {
              "x": 207.0,
              "y": 360.0
            },
            {
              "x": 213.0,
              "y": 360.0
            },
            {
              "x": 214.0,
              "y": 359.0
            },
            {
              "x": 219.0,
              "y": 359.0
            },
            {
              "x": 220.0,
              "y": 358.0
            },
            {
              "x": 223.0,
              "y": 358.0
            },
            {
              "x": 229.0,
              "y": 355.0
            },
            {
              "x": 231.0,
              "y": 355.0
            },
            {
              "x": 237.0,
              "y": 349.0
            },
            {
              "x": 238.0,
              "y": 349.0
            },
            {
              "x": 242.0,
              "y": 341.0
            },
            {
              "x": 244.0,
              "y": 339.0
            },
            {
              "x": 248.0,
              "y": 338.0
            },
            {
              "x": 253.0,
              "y": 333.0
            },
            {
              "x": 255.0,
              "y": 332.0
            },
            {
              "x": 259.0,
              "y": 332.0
            },
            {
              "x": 264.0,
              "y": 328.0
            },
            {
              "x": 266.0,
              "y": 327.0
            },
            {
              "x": 269.0,
              "y": 327.0
            },
            {
              "x": 273.0,
              "y": 325.0
            },
            {
              "x": 276.0,
              "y": 322.0
            },
            {
              "x": 279.0,
              "y": 322.0
            },
            {
              "x": 281.0,
              "y": 321.0
            },
            {
              "x": 286.0,
              "y": 316.0
            },
            {
              "x": 290.0,
              "y": 315.0
            },
            {
              "x": 300.0,
              "y": 304.0
            },
            {
              "x": 301.0,
              "y": 301.0
            },
            {
              "x": 305.0,
              "y": 297.0
            },
            {
              "x": 307.0,
              "y": 291.0
            },
            {
              "x": 311.0,
              "y": 286.0
            },
            {
              "x": 311.0,
              "y": 280.0
            },
            {
              "x": 314.0,
              "y": 274.0
            },
            {
              "x": 313.0,
              "y": 273.0
            },
            {
              "x": 313.0,
              "y": 267.0
            },
            {
              "x": 314.0,
              "y": 266.0
            },
            {
              "x": 314.0,
              "y": 262.0
            },
            {
              "x": 313.0,
              "y": 261.0
            },
            {
              "x": 313.0,
              "y": 252.0
            },
            {
              "x": 310.0,
              "y": 248.0
            },
            {
              "x": 310.0,
              "y": 242.0
            },
            {
              "x": 309.0,
              "y": 241.0
            },
            {
              "x": 309.0,
              "y": 239.0
            },
            {
              "x": 307.0,
              "y": 235.0
            },
            {
              "x": 307.0,
              "y": 231.0
            },
            {
              "x": 306.0,
              "y": 230.0
            },
            {
              "x": 306.0,
              "y": 228.0
            },
            {
              "x": 304.0,
              "y": 225.0
            },
            {
              "x": 304.0,
              "y": 220.0
            },
            {
              "x": 303.0,
              "y": 219.0
            },
            {
              "x": 303.0,
              "y": 217.0
            },
            {
              "x": 301.0,
              "y": 215.0
            },
            {
              "x": 301.0,
              "y": 202.0
            },
            {
              "x": 302.0,
              "y": 201.0
            },
            {
              "x": 302.0,
              "y": 198.0
            },
            {
              "x": 304.0,
              "y": 195.0
            },
            {
              "x": 304.0,
              "y": 191.0
            },
            {
              "x": 303.0,
              "y": 190.0
            },
            {
              "x": 303.0,
              "y": 183.0
            },
            {
              "x": 301.0,
              "y": 180.0
            },
            {
              "x": 301.0,
              "y": 178.0
            },
            {
              "x": 300.0,
              "y": 178.0
            },
            {
              "x": 297.0,
              "y": 174.0
            },
            {
              "x": 297.0,
              "y": 173.0
            },
            {
              "x": 295.0,
              "y": 171.0
            },
            {
              "x": 294.0,
              "y": 171.0
            }
          ]
        ]
      },
      "properties": [],
      "slot_names": [
        "0"
      ]
    }
  ]
}