{
  "version": "2.0",
  "schema_ref": "https://darwin-public.s3.eu-west-1.amazonaws.com/darwin_json/2.0/schema.json",
  "item": {
    "name": "conchiglie.4qe89i1f.ingestion-5fd995d986-l5rgx.jpg",
    "path": "/",
    "source_info": {
      "item_id": "018ea5b6-3844-9a46-4c7d-ba440e79a06e",
      "dataset": {
        "name": "Pasta",
        "slug": "pasta",
        "dataset_management_url": "https://darwin.v7labs.com/datasets/735230/dataset-management"
      },
      "team": {
        "name": "Salvino",
        "slug": "salvino"
      },
      "workview_url": "https://darwin.v7labs.com/workview?dataset=735230&item=018ea5b6-3844-9a46-4c7d-ba440e79a06e"
    },
    "slots": [
      {
        "type": "image",
        "slot_name": "0",
        "width": 512,
        "height": 512,
        "thumbnail_url": "https://darwin.v7labs.com/api/v2/teams/salvino/files/ab2d50d1-b16e-4cb8-ad1a-217c113e146a/thumbnail",
        "source_files": [
          {
            "file_name": "conchiglie.4qe89i1f.ingestion-5fd995d986-l5rgx.jpg",
            "url": "https://darwin.v7labs.com/api/v2/teams/salvino/uploads/13d6993a-febe-49fd-b986-8486b81f009d"
          }
        ]
      }
    ]
  },
  "annotations": [
    {
      "bounding_box": {
        "h": 237.0,
        "w": 112.0,
        "x": 251.0,
        "y": 49.0
      },
      "id": "13b582cf-6aa6-4cfd-8ce1-7bd560cf794e",
      "name": "Fusilli",
      "polygon": {
        "paths": [
          [
            {
              "x": 265.0,
              "y": 49.0
            },
            {
              "x": 261.0,
              "y": 52.0
            },
            {
              "x": 261.0,
              "y": 54.0
            },
            {
              "x": 260.0,
              "y": 55.0
            },
            {
              "x": 261.0,
              "y": 56.0
            },
            {
              "x": 261.0,
              "y": 60.0
            },
            {
              "x": 263.0,
              "y": 63.0
            },
            {
              "x": 263.0,
              "y": 65.0
            },
            {
              "x": 261.0,
              "y": 67.0
            },
            {
              "x": 260.0,
              "y": 67.0
            },
            {
              "x": 257.0,
              "y": 71.0
            },
            {
              "x": 256.0,
              "y": 81.0
            },
            {
              "x": 255.0,
              "y": 82.0
            },
            {
              "x": 255.0,
              "y": 84.0
            },
            {
              "x": 253.0,
              "y": 87.0
            },
            {
              "x": 253.0,
              "y": 89.0
            },
            {
              "x": 251.0,
              "y": 93.0
            },
            {
              "x": 251.0,
              "y": 99.0
            },
            {
              "x": 252.0,
              "y": 101.0
            },
            {
              "x": 254.0,
              "y": 102.0
            },
            {
              "x": 265.0,
              "y": 102.0
            },
            {
              "x": 266.0,
              "y": 104.0
            },
            {
              "x": 263.0,
              "y": 107.0
            },
            {
              "x": 262.0,
              "y": 107.0
            },
            {
              "x": 262.0,
              "y": 108.0
            },
            {
              "x": 258.0,
              "y": 112.0
            },
            {
              "x": 255.0,
              "y": 113.0
            },
            {
              "x": 253.0,
              "y": 115.0
            },
            {
              "x": 253.0,
              "y": 116.0
            },
            {
              "x": 251.0,
              "y": 118.0
            },
            {
              "x": 251.0,
              "y": 123.0
            },
            {
              "x": 254.0,
              "y": 125.0
            },
            {
              "x": 269.0,
              "y": 125.0
            },
            {
              "x": 272.0,
              "y": 127.0
            },
            {
              "x": 261.0,
              "y": 137.0
            },
            {
              "x": 258.0,
              "y": 138.0
            },
            {
              "x": 256.0,
              "y": 140.0
            },
            {
              "x": 254.0,
              "y": 144.0
            },
            {
              "x": 254.0,
              "y": 148.0
            },
            {
              "x": 256.0,
              "y": 150.0
            },
            {
              "x": 277.0,
              "y": 150.0
            },
            {
              "x": 279.0,
              "y": 152.0
            },
            {
              "x": 278.0,
              "y": 154.0
            },
            {
              "x": 276.0,
              "y": 156.0
            },
            {
              "x": 275.0,
              "y": 156.0
            },
            {
              "x": 273.0,
              "y": 158.0
            },
            {
              "x": 273.0,
              "y": 159.0
            },
            {
              "x": 263.0,
              "y": 168.0
            },
            {
              "x": 261.0,
              "y": 172.0
            },
            {
              "x": 261.0,
              "y": 176.0
            },
            {
              "x": 263.0,
              "y": 178.0
            },
            {
              "x": 266.0,
              "y": 178.0
            },
            {
              "x": 267.0,
              "y": 179.0
            },
            {
              "x": 284.0,
              "y": 179.0
            },
            {
              "x": 285.0,
              "y": 180.0
            },
            {
              "x": 285.0,
              "y": 181.0
            },
            {
              "x": 280.0,
              "y": 187.0
            },
            {
              "x": 279.0,
              "y": 190.0
            },
            {
              "x": 272.0,
              "y": 196.0
            },
            {
              "x": 270.0,
              "y": 200.0
            },
            {
              "x": 270.0,
              "y": 206.0
            },
            {
              "x": 274.0,
              "y": 209.0
            },
            {
              "x": 278.0,
              "y": 209.0
            },
            {
              "x": 279.0,
              "y": 210.0
            },
            {
              "x": 286.0,
              "y": 210.0
            },
            {
              "x": 288.0,
              "y": 212.0
            },
            {
              "x": 288.0,
              "y": 214.0
            },
            {
              "x": 286.0,
              "y": 216.0
            },
            {
              "x": 286.0,
              "y": 217.0
            },
            {
              "x": 278.0,
              "y": 226.0
            },
            {
              "x": 278.0,
              "y": 228.0
            },
            {
              "x": 277.0,
              "y": 229.0
            },
            {
              "x": 277.0,
              "y": 233.0
            },
            {
              "x": 278.0,
              "y": 235.0
            },
            {
              "x": 282.0,
              "y": 238.0
            },
            {
              "x": 284.0,
              "y": 238.0
            },
            {
              "x": 285.0,
              "y": 239.0
            },
            {
              "x": 290.0,
              "y": 239.0
            },
            {
              "x": 291.0,
              "y": 240.0
            },
            {
              "x": 295.0,
              "y": 240.0
            },
            {
              "x": 296.0,
              "y": 241.0
            },
            {
              "x": 295.0,
              "y": 245.0
            },
            {
              "x": 288.0,
              "y": 253.0
            },
            {
              "x": 288.0,
              "y": 255.0
            },
            {
              "x": 286.0,
              "y": 258.0
            },
            {
              "x": 286.0,
              "y": 262.0
            },
            {
              "x": 288.0,
              "y": 264.0
            },
            {
              "x": 288.0,
              "y": 265.0
            },
            {
              "x": 289.0,
              "y": 265.0
            },
            {
              "x": 292.0,
              "y": 268.0
            },
            {
              "x": 296.0,
              "y": 270.0
            },
            {
              "x": 301.0,
              "y": 271.0
            },
            {
              "x": 302.0,
              "y": 272.0
            },
            {
              "x": 302.0,
              "y": 274.0
            },
            {
              "x": 301.0,
              "y": 275.0
            },
            {
              "x": 301.0,
              "y": 280.0
            },
            {
              "x": 302.0,
              "y": 281.0
            },
            {
              "x": 303.0,
              "y": 285.0
            },
            {
              "x": 305.0,
              "y": 286.0
            },
            {
              "x": 308.0,
              "y": 286.0
            },
            {
              "x": 318.0,
              "y": 279.0
            },
            {
              "x": 325.0,
              "y": 276.0
            },
            {
              "x": 328.0,
              "y": 273.0
            },
            {
              "x": 328.0,
              "y": 272.0
            },
            {
              "x": 332.0,
              "y": 270.0
            },
            {
              "x": 335.0,
              "y": 266.0
            },
            {
              "x": 341.0,
              "y": 266.0
            },
            {
              "x": 350.0,
              "y": 271.0
            },
            {
              "x": 354.0,
              "y": 271.0
            },
            {
              "x": 356.0,
              "y": 270.0
            },
            {
              "x": 358.0,
              "y": 268.0
            },
            {
              "x": 359.0,
              "y": 268.0
            },
            {
              "x": 359.0,
              "y": 267.0
            },
            {
              "x": 361.0,
              "y": 265.0
            },
            {
              "x": 362.0,
              "y": 261.0
            },
            {
              "x": 363.0,
              "y": 260.0
            },
            {
              "x": 363.0,
              "y": 256.0
            },
            {
              "x": 362.0,
              "y": 255.0
            },
            {
              "x": 361.0,
              "y": 249.0
            },
            {
              "x": 359.0,
              "y": 247.0
            },
            {
              "x": 358.0,
              "y": 244.0
            },
            {
              "x": 354.0,
              "y": 240.0
            },
            {
              "x": 354.0,
              "y": 228.0
            },
            {
              "x": 353.0,
              "y": 227.0
            },
            {
              "x": 353.0,
              "y": 224.0
            },
            {
              "x": 348.0,
              "y": 217.0
            },
            {
              "x": 348.0,
              "y": 216.0
            },
            {
              "x": 344.0,
              "y": 212.0
            },
            {
              "x": 344.0,
              "y": 198.0
            },
            {
              "x": 343.0,
              "y": 197.0
            },
            {
              "x": 343.0,
              "y": 194.0
            },
            {
              "x": 336.0,
              "y": 182.0
            },
            {
              "x": 336.0,
              "y": 170.0
            },
            {
              "x": 335.0,
              "y": 169.0
            },
            {
              "x": 334.0,
              "y": 164.0
            },
            {
              "x": 331.0,
              "y": 158.0
            },
            {
              "x": 329.0,
              "y": 157.0
            },
            {
              "x": 327.0,
              "y": 153.0
            },
            {
              "x": 327.0,
              "y": 146.0
            },
            {
              "x": 326.0,
              "y": 145.0
            },
            {
              "x": 326.0,
              "y": 142.0
            },
            {
              "x": 325.0,
              "y": 141.0
            },
            {
              "x": 324.0,
              "y": 137.0
            },
            {
              "x": 321.0,
              "y": 133.0
            },
            {
              "x": 321.0,
              "y": 119.0
            },
            {
              "x": 320.0,
              "y": 118.0
            },
            {
              "x": 319.0,
              "y": 113.0
            },
            {
              "x": 316.0,
              "y": 107.0
            },
            {
              "x": 317.0,
              "y": 105.0
            },
            {
              "x": 317.0,
              "y": 97.0
            },
            {
              "x": 316.0,
              "y": 96.0
            },
            {
              "x": 316.0,
              "y": 93.0
            },
            {
              "x": 315.0,
              "y": 92.0
            },
            {
              "x": 314.0,
              "y": 88.0
            },
            {
              "x": 308.0,
              "y": 81.0
            },
            {
              "x": 308.0,
              "y": 72.0
            },
            {
              "x": 307.0,
              "y": 71.0
            },
            {
              "x": 307.0,
              "y": 66.0
            },
            {
              "x": 305.0,
              "y": 62.0
            },
            {
              "x": 304.0,
              "y": 56.0
            },
            {
              "x": 302.0,
              "y": 52.0
            },
            {
              "x": 300.0,
              "y": 50.0
            },
            {
              "x": 296.0,
              "y": 50.0
            },
            {
              "x": 293.0,
              "y": 53.0
            },
            {
              "x": 293.0,
              "y": 54.0
            },
            {
              "x": 287.0,
              "y": 60.0
            },
            {
              "x": 286.0,
              "y": 60.0
            },
            {
              "x": 277.0,
              "y": 51.0
            },
            {
              "x": 273.0,
              "y": 49.0
            }
          ]
        ]
      },
      "properties": [],
      "slot_names": [
        "0"
      ]
    }
  ]
}