{
  "version": "2.0",
  "schema_ref": "https://darwin-public.s3.eu-west-1.amazonaws.com/darwin_json/2.0/schema.json",
  "item": {
    "name": "conchiglie.4qe7s2qo.ingestion-5fd995d986-9zbdz.jpg",
    "path": "/",
    "source_info": {
      "item_id": "018ea5b6-3844-0b3c-76f7-a745d1a5fda0",
      "dataset": {
        "name": "Pasta",
        "slug": "pasta",
        "dataset_management_url": "https://darwin.v7labs.com/datasets/735230/dataset-management"
      },
      "team": {
        "name": "Salvino",
        "slug": "salvino"
      },
      "workview_url": "https://darwin.v7labs.com/workview?dataset=735230&item=018ea5b6-3844-0b3c-76f7-a745d1a5fda0"
    },
    "slots": [
      {
        "type": "image",
        "slot_name": "0",
        "width": 512,
        "height": 512,
        "thumbnail_url": "https://darwin.v7labs.com/api/v2/teams/salvino/files/d3efcbde-54b7-4722-8aa5-89e431e236f3/thumbnail",
        "source_files": [
          {
            "file_name": "conchiglie.4qe7s2qo.ingestion-5fd995d986-9zbdz.jpg",
            "url": "https://darwin.v7labs.com/api/v2/teams/salvino/uploads/79ea9daf-a8f1-4a71-b5d8-0486e0854e4b"
          }
        ]
      }
    ]
  },
  "annotations": [
    {
      "bounding_box": {
        "h": 213.0,
        "w": 225.0,
        "x": 199.0,
        "y": 84.0
      },
      "id": "f10ff53e-2286-4b55-ab43-3bb76a0dabe4",
      "name": "Farfalle",
      "polygon": {
        "paths": [
          [
            {
              "x": 323.0,
              "y": 84.0
            },
            {
              "x": 316.0,
              "y": 84.0
            },
            {
              "x": 312.0,
              "y": 86.0
            },
            {
              "x": 309.0,
              "y": 86.0
            },
            {
              "x": 308.0,
              "y": 85.0
            },
            {
              "x": 303.0,
              "y": 85.0
            },
            {
              "x": 302.0,
              "y": 84.0
            },
            {
              "x": 295.0,
              "y": 84.0
            },
            {
              "x": 289.0,
              "y": 91.0
            },
            {
              "x": 282.0,
              "y": 91.0
            },
            {
              "x": 281.0,
              "y": 90.0
            },
            {
              "x": 279.0,
              "y": 90.0
            },
            {
              "x": 275.0,
              "y": 88.0
            },
            {
              "x": 274.0,
              "y": 89.0
            },
            {
              "x": 272.0,
              "y": 89.0
            },
            {
              "x": 270.0,
              "y": 91.0
            },
            {
              "x": 270.0,
              "y": 96.0
            },
            {
              "x": 266.0,
              "y": 100.0
            },
            {
              "x": 264.0,
              "y": 100.0
            },
            {
              "x": 263.0,
              "y": 101.0
            },
            {
              "x": 257.0,
              "y": 100.0
            },
            {
              "x": 256.0,
              "y": 99.0
            },
            {
              "x": 252.0,
              "y": 100.0
            },
            {
              "x": 249.0,
              "y": 103.0
            },
            {
              "x": 248.0,
              "y": 107.0
            },
            {
              "x": 247.0,
              "y": 108.0
            },
            {
              "x": 247.0,
              "y": 110.0
            },
            {
              "x": 246.0,
              "y": 111.0
            },
            {
              "x": 244.0,
              "y": 112.0
            },
            {
              "x": 238.0,
              "y": 112.0
            },
            {
              "x": 237.0,
              "y": 111.0
            },
            {
              "x": 232.0,
              "y": 112.0
            },
            {
              "x": 230.0,
              "y": 116.0
            },
            {
              "x": 230.0,
              "y": 128.0
            },
            {
              "x": 227.0,
              "y": 130.0
            },
            {
              "x": 219.0,
              "y": 131.0
            },
            {
              "x": 216.0,
              "y": 133.0
            },
            {
              "x": 216.0,
              "y": 141.0
            },
            {
              "x": 218.0,
              "y": 144.0
            },
            {
              "x": 218.0,
              "y": 147.0
            },
            {
              "x": 215.0,
              "y": 150.0
            },
            {
              "x": 212.0,
              "y": 150.0
            },
            {
              "x": 211.0,
              "y": 151.0
            },
            {
              "x": 207.0,
              "y": 151.0
            },
            {
              "x": 206.0,
              "y": 152.0
            },
            {
              "x": 204.0,
              "y": 152.0
            },
            {
              "x": 201.0,
              "y": 156.0
            },
            {
              "x": 201.0,
              "y": 159.0
            },
            {
              "x": 200.0,
              "y": 160.0
            },
            {
              "x": 200.0,
              "y": 165.0
            },
            {
              "x": 199.0,
              "y": 166.0
            },
            {
              "x": 199.0,
              "y": 168.0
            },
            {
              "x": 201.0,
              "y": 171.0
            },
            {
              "x": 209.0,
              "y": 173.0
            },
            {
              "x": 216.0,
              "y": 177.0
            },
            {
              "x": 218.0,
              "y": 177.0
            },
            {
              "x": 222.0,
              "y": 180.0
            },
            {
              "x": 224.0,
              "y": 180.0
            },
            {
              "x": 226.0,
              "y": 182.0
            },
            {
              "x": 232.0,
              "y": 185.0
            },
            {
              "x": 237.0,
              "y": 186.0
            },
            {
              "x": 240.0,
              "y": 188.0
            },
            {
              "x": 243.0,
              "y": 188.0
            },
            {
              "x": 246.0,
              "y": 190.0
            },
            {
              "x": 249.0,
              "y": 190.0
            },
            {
              "x": 250.0,
              "y": 191.0
            },
            {
              "x": 253.0,
              "y": 191.0
            },
            {
              "x": 254.0,
              "y": 192.0
            },
            {
              "x": 258.0,
              "y": 192.0
            },
            {
              "x": 259.0,
              "y": 193.0
            },
            {
              "x": 286.0,
              "y": 193.0
            },
            {
              "x": 287.0,
              "y": 192.0
            },
            {
              "x": 292.0,
              "y": 192.0
            },
            {
              "x": 294.0,
              "y": 194.0
            },
            {
              "x": 295.0,
              "y": 196.0
            },
            {
              "x": 295.0,
              "y": 200.0
            },
            {
              "x": 298.0,
              "y": 206.0
            },
            {
              "x": 298.0,
              "y": 209.0
            },
            {
              "x": 295.0,
              "y": 215.0
            },
            {
              "x": 295.0,
              "y": 217.0
            },
            {
              "x": 293.0,
              "y": 220.0
            },
            {
              "x": 292.0,
              "y": 227.0
            },
            {
              "x": 289.0,
              "y": 233.0
            },
            {
              "x": 289.0,
              "y": 239.0
            },
            {
              "x": 288.0,
              "y": 240.0
            },
            {
              "x": 288.0,
              "y": 247.0
            },
            {
              "x": 287.0,
              "y": 248.0
            },
            {
              "x": 287.0,
              "y": 252.0
            },
            {
              "x": 288.0,
              "y": 253.0
            },
            {
              "x": 288.0,
              "y": 256.0
            },
            {
              "x": 289.0,
              "y": 257.0
            },
            {
              "x": 289.0,
              "y": 263.0
            },
            {
              "x": 291.0,
              "y": 266.0
            },
            {
              "x": 291.0,
              "y": 270.0
            },
            {
              "x": 292.0,
              "y": 271.0
            },
            {
              "x": 292.0,
              "y": 275.0
            },
            {
              "x": 293.0,
              "y": 276.0
            },
            {
              "x": 294.0,
              "y": 285.0
            },
            {
              "x": 295.0,
              "y": 286.0
            },
            {
              "x": 296.0,
              "y": 290.0
            },
            {
              "x": 301.0,
              "y": 295.0
            },
            {
              "x": 304.0,
              "y": 295.0
            },
            {
              "x": 306.0,
              "y": 297.0
            },
            {
              "x": 307.0,
              "y": 297.0
            },
            {
              "x": 314.0,
              "y": 293.0
            },
            {
              "x": 318.0,
              "y": 292.0
            },
            {
              "x": 321.0,
              "y": 289.0
            },
            {
              "x": 322.0,
              "y": 283.0
            },
            {
              "x": 325.0,
              "y": 279.0
            },
            {
              "x": 326.0,
              "y": 279.0
            },
            {
              "x": 333.0,
              "y": 287.0
            },
            {
              "x": 335.0,
              "y": 287.0
            },
            {
              "x": 339.0,
              "y": 285.0
            },
            {
              "x": 342.0,
              "y": 282.0
            },
            {
              "x": 344.0,
              "y": 282.0
            },
            {
              "x": 346.0,
              "y": 280.0
            },
            {
              "x": 347.0,
              "y": 275.0
            },
            {
              "x": 349.0,
              "y": 272.0
            },
            {
              "x": 354.0,
              "y": 272.0
            },
            {
              "x": 355.0,
              "y": 273.0
            },
            {
              "x": 361.0,
              "y": 273.0
            },
            {
              "x": 363.0,
              "y": 272.0
            },
            {
              "x": 366.0,
              "y": 269.0
            },
            {
              "x": 365.0,
              "y": 267.0
            },
            {
              "x": 365.0,
              "y": 264.0
            },
            {
              "x": 369.0,
              "y": 259.0
            },
            {
              "x": 371.0,
              "y": 259.0
            },
            {
              "x": 372.0,
              "y": 258.0
            },
            {
              "x": 378.0,
              "y": 258.0
            },
            {
              "x": 379.0,
              "y": 259.0
            },
            {
              "x": 384.0,
              "y": 258.0
            },
            {
              "x": 386.0,
              "y": 256.0
            },
            {
              "x": 386.0,
              "y": 252.0
            },
            {
              "x": 384.0,
              "y": 250.0
            },
            {
              "x": 384.0,
              "y": 248.0
            },
            {
              "x": 387.0,
              "y": 244.0
            },
            {
              "x": 389.0,
              "y": 243.0
            },
            {
              "x": 396.0,
              "y": 243.0
            },
            {
              "x": 397.0,
              "y": 244.0
            },
            {
              "x": 399.0,
              "y": 244.0
            },
            {
              "x": 400.0,
              "y": 243.0
            },
            {
              "x": 403.0,
              "y": 243.0
            },
            {
              "x": 404.0,
              "y": 242.0
            },
            {
              "x": 405.0,
              "y": 240.0
            },
            {
              "x": 405.0,
              "y": 237.0
            },
            {
              "x": 404.0,
              "y": 236.0
            },
            {
              "x": 404.0,
              "y": 230.0
            },
            {
              "x": 405.0,
              "y": 228.0
            },
            {
              "x": 404.0,
              "y": 226.0
            },
            {
              "x": 406.0,
              "y": 224.0
            },
            {
              "x": 412.0,
              "y": 224.0
            },
            {
              "x": 414.0,
              "y": 223.0
            },
            {
              "x": 416.0,
              "y": 220.0
            },
            {
              "x": 416.0,
              "y": 214.0
            },
            {
              "x": 414.0,
              "y": 211.0
            },
            {
              "x": 414.0,
              "y": 206.0
            },
            {
              "x": 412.0,
              "y": 205.0
            },
            {
              "x": 414.0,
              "y": 202.0
            },
            {
              "x": 420.0,
              "y": 202.0
            },
            {
              "x": 424.0,
              "y": 197.0
            },
            {
              "x": 424.0,
              "y": 192.0
            },
            {
              "x": 421.0,
              "y": 188.0
            },
            {
              "x": 421.0,
              "y": 187.0
            },
            {
              "x": 417.0,
              "y": 183.0
            },
            {
              "x": 407.0,
              "y": 178.0
            },
            {
              "x": 405.0,
              "y": 178.0
            },
            {
              "x": 402.0,
              "y": 176.0
            },
            {
              "x": 400.0,
              "y": 176.0
            },
            {
              "x": 393.0,
              "y": 172.0
            },
            {
              "x": 387.0,
              "y": 171.0
            },
            {
              "x": 383.0,
              "y": 169.0
            },
            {
              "x": 380.0,
              "y": 169.0
            },
            {
              "x": 377.0,
              "y": 167.0
            },
            {
              "x": 355.0,
              "y": 167.0
            },
            {
              "x": 352.0,
              "y": 169.0
            },
            {
              "x": 342.0,
              "y": 169.0
            },
            {
              "x": 339.0,
              "y": 167.0
            },
            {
              "x": 337.0,
              "y": 167.0
            },
            {
              "x": 331.0,
              "y": 162.0
            },
            {
              "x": 331.0,
              "y": 158.0
            },
            {
              "x": 332.0,
              "y": 157.0
            },
            {
              "x": 333.0,
              "y": 152.0
            },
            {
              "x": 335.0,
              "y": 149.0
            },
            {
              "x": 336.0,
              "y": 144.0
            },
            {
              "x": 338.0,
              "y": 141.0
            },
            {
              "x": 338.0,
              "y": 133.0
            },
            {
              "x": 339.0,
              "y": 132.0
            },
            {
              "x": 339.0,
              "y": 125.0
            },
            {
              "x": 338.0,
              "y": 124.0
            },
            {
              "x": 338.0,
              "y": 109.0
            },
            {
              "x": 337.0,
              "y": 108.0
            },
            {
              "x": 337.0,
              "y": 105.0
            },
            {
              "x": 336.0,
              "y": 104.0
            },
            {
              "x": 335.0,
              "y": 98.0
            },
            {
              "x": 332.0,
              "y": 92.0
            },
            {
              "x": 332.0,
              "y": 90.0
            },
            {
              "x": 328.0,
              "y": 86.0
            },
            {
              "x": 324.0,
              "y": 85.0
            }
          ]
        ]
      },
      "properties": [],
      "slot_names": [
        "0"
      ]
    }
  ]
}