{
  "version": "2.0",
  "schema_ref": "https://darwin-public.s3.eu-west-1.amazonaws.com/darwin_json/2.0/schema.json",
  "item": {
    "name": "conchiglie.4qe89gm4.ingestion-5fd995d986-9zbdz.jpg",
    "path": "/",
    "source_info": {
      "item_id": "018ea5b6-384b-a663-276d-74d0a1c8b9a1",
      "dataset": {
        "name": "Pasta",
        "slug": "pasta",
        "dataset_management_url": "https://darwin.v7labs.com/datasets/735230/dataset-management"
      },
      "team": {
        "name": "Salvino",
        "slug": "salvino"
      },
      "workview_url": "https://darwin.v7labs.com/workview?dataset=735230&item=018ea5b6-384b-a663-276d-74d0a1c8b9a1"
    },
    "slots": [
      {
        "type": "image",
        "slot_name": "0",
        "width": 512,
        "height": 512,
        "thumbnail_url": "https://darwin.v7labs.com/api/v2/teams/salvino/files/cd59cfa8-ce15-4e61-b673-044bb873ecf3/thumbnail",
        "source_files": [
          {
            "file_name": "conchiglie.4qe89gm4.ingestion-5fd995d986-9zbdz.jpg",
            "url": "https://darwin.v7labs.com/api/v2/teams/salvino/uploads/18ab107c-e359-4160-b401-f9f772d1a8a9"
          }
        ]
      }
    ]
  },
  "annotations": [
    {
      "bounding_box": {
        "h": 193.0,
        "w": 151.0,
        "x": 229.0,
        "y": 95.0
      },
      "id": "1c360d9a-6cc7-4a7e-bad1-3003933d0982",
      "name": "Fusilli",
      "polygon": {
        "paths": [
          [
            {
              "x": 256.0,
              "y": 95.0
            },
            {
              "x": 254.0,
              "y": 97.0
            },
            {
              "x": 254.0,
              "y": 99.0
            },
            {
              "x": 252.0,
              "y": 102.0
            },
            {
              "x": 251.0,
              "y": 106.0
            },
            {
              "x": 248.0,
              "y": 109.0
            },
            {
              "x": 241.0,
              "y": 109.0
            },
            {
              "x": 240.0,
              "y": 108.0
            },
            {
              "x": 234.0,
              "y": 109.0
            },
            {
              "x": 232.0,
              "y": 111.0
            },
            {
              "x": 231.0,
              "y": 111.0
            },
            {
              "x": 229.0,
              "y": 114.0
            },
            {
              "x": 229.0,
              "y": 126.0
            },
            {
              "x": 232.0,
              "y": 131.0
            },
            {
              "x": 233.0,
              "y": 145.0
            },
            {
              "x": 234.0,
              "y": 146.0
            },
            {
              "x": 234.0,
              "y": 153.0
            },
            {
              "x": 235.0,
              "y": 155.0
            },
            {
              "x": 239.0,
              "y": 158.0
            },
            {
              "x": 246.0,
              "y": 158.0
            },
            {
              "x": 247.0,
              "y": 159.0
            },
            {
              "x": 247.0,
              "y": 161.0
            },
            {
              "x": 244.0,
              "y": 164.0
            },
            {
              "x": 244.0,
              "y": 168.0
            },
            {
              "x": 243.0,
              "y": 169.0
            },
            {
              "x": 243.0,
              "y": 173.0
            },
            {
              "x": 244.0,
              "y": 174.0
            },
            {
              "x": 244.0,
              "y": 176.0
            },
            {
              "x": 246.0,
              "y": 176.0
            },
            {
              "x": 247.0,
              "y": 177.0
            },
            {
              "x": 258.0,
              "y": 177.0
            },
            {
              "x": 259.0,
              "y": 178.0
            },
            {
              "x": 259.0,
              "y": 180.0
            },
            {
              "x": 257.0,
              "y": 182.0
            },
            {
              "x": 255.0,
              "y": 186.0
            },
            {
              "x": 255.0,
              "y": 188.0
            },
            {
              "x": 254.0,
              "y": 189.0
            },
            {
              "x": 254.0,
              "y": 193.0
            },
            {
              "x": 255.0,
              "y": 195.0
            },
            {
              "x": 259.0,
              "y": 198.0
            },
            {
              "x": 266.0,
              "y": 198.0
            },
            {
              "x": 267.0,
              "y": 197.0
            },
            {
              "x": 270.0,
              "y": 197.0
            },
            {
              "x": 271.0,
              "y": 196.0
            },
            {
              "x": 272.0,
              "y": 196.0
            },
            {
              "x": 274.0,
              "y": 198.0
            },
            {
              "x": 272.0,
              "y": 202.0
            },
            {
              "x": 272.0,
              "y": 204.0
            },
            {
              "x": 270.0,
              "y": 207.0
            },
            {
              "x": 270.0,
              "y": 216.0
            },
            {
              "x": 273.0,
              "y": 219.0
            },
            {
              "x": 286.0,
              "y": 219.0
            },
            {
              "x": 288.0,
              "y": 218.0
            },
            {
              "x": 290.0,
              "y": 220.0
            },
            {
              "x": 287.0,
              "y": 225.0
            },
            {
              "x": 287.0,
              "y": 238.0
            },
            {
              "x": 292.0,
              "y": 242.0
            },
            {
              "x": 302.0,
              "y": 242.0
            },
            {
              "x": 303.0,
              "y": 243.0
            },
            {
              "x": 302.0,
              "y": 245.0
            },
            {
              "x": 302.0,
              "y": 257.0
            },
            {
              "x": 305.0,
              "y": 261.0
            },
            {
              "x": 305.0,
              "y": 262.0
            },
            {
              "x": 307.0,
              "y": 262.0
            },
            {
              "x": 310.0,
              "y": 264.0
            },
            {
              "x": 318.0,
              "y": 264.0
            },
            {
              "x": 319.0,
              "y": 265.0
            },
            {
              "x": 319.0,
              "y": 276.0
            },
            {
              "x": 320.0,
              "y": 277.0
            },
            {
              "x": 320.0,
              "y": 279.0
            },
            {
              "x": 323.0,
              "y": 282.0
            },
            {
              "x": 324.0,
              "y": 282.0
            },
            {
              "x": 328.0,
              "y": 285.0
            },
            {
              "x": 337.0,
              "y": 285.0
            },
            {
              "x": 340.0,
              "y": 288.0
            },
            {
              "x": 344.0,
              "y": 287.0
            },
            {
              "x": 349.0,
              "y": 282.0
            },
            {
              "x": 354.0,
              "y": 280.0
            },
            {
              "x": 357.0,
              "y": 277.0
            },
            {
              "x": 358.0,
              "y": 275.0
            },
            {
              "x": 358.0,
              "y": 268.0
            },
            {
              "x": 361.0,
              "y": 265.0
            },
            {
              "x": 365.0,
              "y": 263.0
            },
            {
              "x": 367.0,
              "y": 263.0
            },
            {
              "x": 368.0,
              "y": 262.0
            },
            {
              "x": 372.0,
              "y": 263.0
            },
            {
              "x": 373.0,
              "y": 264.0
            },
            {
              "x": 376.0,
              "y": 263.0
            },
            {
              "x": 380.0,
              "y": 258.0
            },
            {
              "x": 380.0,
              "y": 253.0
            },
            {
              "x": 376.0,
              "y": 248.0
            },
            {
              "x": 372.0,
              "y": 246.0
            },
            {
              "x": 370.0,
              "y": 246.0
            },
            {
              "x": 369.0,
              "y": 245.0
            },
            {
              "x": 366.0,
              "y": 245.0
            },
            {
              "x": 365.0,
              "y": 244.0
            },
            {
              "x": 364.0,
              "y": 242.0
            },
            {
              "x": 365.0,
              "y": 240.0
            },
            {
              "x": 364.0,
              "y": 235.0
            },
            {
              "x": 362.0,
              "y": 231.0
            },
            {
              "x": 358.0,
              "y": 227.0
            },
            {
              "x": 356.0,
              "y": 227.0
            },
            {
              "x": 354.0,
              "y": 225.0
            },
            {
              "x": 350.0,
              "y": 225.0
            },
            {
              "x": 348.0,
              "y": 223.0
            },
            {
              "x": 348.0,
              "y": 218.0
            },
            {
              "x": 347.0,
              "y": 217.0
            },
            {
              "x": 347.0,
              "y": 214.0
            },
            {
              "x": 345.0,
              "y": 210.0
            },
            {
              "x": 340.0,
              "y": 205.0
            },
            {
              "x": 337.0,
              "y": 204.0
            },
            {
              "x": 333.0,
              "y": 200.0
            },
            {
              "x": 333.0,
              "y": 198.0
            },
            {
              "x": 329.0,
              "y": 190.0
            },
            {
              "x": 317.0,
              "y": 179.0
            },
            {
              "x": 317.0,
              "y": 177.0
            },
            {
              "x": 315.0,
              "y": 175.0
            },
            {
              "x": 312.0,
              "y": 169.0
            },
            {
              "x": 308.0,
              "y": 167.0
            },
            {
              "x": 304.0,
              "y": 163.0
            },
            {
              "x": 303.0,
              "y": 161.0
            },
            {
              "x": 303.0,
              "y": 158.0
            },
            {
              "x": 301.0,
              "y": 155.0
            },
            {
              "x": 301.0,
              "y": 153.0
            },
            {
              "x": 299.0,
              "y": 149.0
            },
            {
              "x": 298.0,
              "y": 149.0
            },
            {
              "x": 296.0,
              "y": 147.0
            },
            {
              "x": 296.0,
              "y": 146.0
            },
            {
              "x": 295.0,
              "y": 146.0
            },
            {
              "x": 294.0,
              "y": 144.0
            },
            {
              "x": 292.0,
              "y": 143.0
            },
            {
              "x": 288.0,
              "y": 131.0
            },
            {
              "x": 286.0,
              "y": 129.0
            },
            {
              "x": 286.0,
              "y": 128.0
            },
            {
              "x": 284.0,
              "y": 127.0
            },
            {
              "x": 284.0,
              "y": 126.0
            },
            {
              "x": 282.0,
              "y": 126.0
            },
            {
              "x": 280.0,
              "y": 124.0
            },
            {
              "x": 278.0,
              "y": 124.0
            },
            {
              "x": 276.0,
              "y": 122.0
            },
            {
              "x": 274.0,
              "y": 114.0
            },
            {
              "x": 271.0,
              "y": 108.0
            },
            {
              "x": 266.0,
              "y": 102.0
            },
            {
              "x": 266.0,
              "y": 101.0
            },
            {
              "x": 261.0,
              "y": 96.0
            },
            {
              "x": 259.0,
              "y": 95.0
            }
          ]
        ]
      },
      "properties": [],
      "slot_names": [
        "0"
      ]
    }
  ]
}