{
  "version": "2.0",
  "schema_ref": "https://darwin-public.s3.eu-west-1.amazonaws.com/darwin_json/2.0/schema.json",
  "item": {
    "name": "conchiglie.4qe8725o.ingestion-5fd995d986-9zbdz.jpg",
    "path": "/",
    "source_info": {
      "item_id": "018ea5b6-3845-4bc6-4fb1-7abe9c1deedf",
      "dataset": {
        "name": "Pasta",
        "slug": "pasta",
        "dataset_management_url": "https://darwin.v7labs.com/datasets/735230/dataset-management"
      },
      "team": {
        "name": "Salvino",
        "slug": "salvino"
      },
      "workview_url": "https://darwin.v7labs.com/workview?dataset=735230&item=018ea5b6-3845-4bc6-4fb1-7abe9c1deedf"
    },
    "slots": [
      {
        "type": "image",
        "slot_name": "0",
        "width": 512,
        "height": 512,
        "thumbnail_url": "https://darwin.v7labs.com/api/v2/teams/salvino/files/2ce8cc66-1a18-442b-a375-7d3d5f0f0553/thumbnail",
        "source_files": [
          {
            "file_name": "conchiglie.4qe8725o.ingestion-5fd995d986-9zbdz.jpg",
            "url": "https://darwin.v7labs.com/api/v2/teams/salvino/uploads/0c091be5-d037-4ab4-a011-dbf2473df9bc"
          }
        ]
      }
    ]
  },
  "annotations": [
    {
      "bounding_box": {
        "h": 178.0,
        "w": 192.0,
        "x": 168.0,
        "y": 221.0
      },
      "id": "2fdda429-fb0c-48b2-95d5-d98b5cb2d0e7",
      "name": "Farfalle",
      "polygon": {
        "paths": [
          [
            {
              "x": 250.0,
              "y": 221.0
            },
            {
              "x": 248.0,
              "y": 222.0
            },
            {
              "x": 244.0,
              "y": 230.0
            },
            {
              "x": 244.0,
              "y": 234.0
            },
            {
              "x": 243.0,
              "y": 235.0
            },
            {
              "x": 243.0,
              "y": 241.0
            },
            {
              "x": 242.0,
              "y": 242.0
            },
            {
              "x": 242.0,
              "y": 247.0
            },
            {
              "x": 241.0,
              "y": 248.0
            },
            {
              "x": 241.0,
              "y": 252.0
            },
            {
              "x": 240.0,
              "y": 253.0
            },
            {
              "x": 240.0,
              "y": 259.0
            },
            {
              "x": 239.0,
              "y": 260.0
            },
            {
              "x": 239.0,
              "y": 271.0
            },
            {
              "x": 240.0,
              "y": 272.0
            },
            {
              "x": 240.0,
              "y": 278.0
            },
            {
              "x": 241.0,
              "y": 279.0
            },
            {
              "x": 242.0,
              "y": 285.0
            },
            {
              "x": 245.0,
              "y": 291.0
            },
            {
              "x": 247.0,
              "y": 293.0
            },
            {
              "x": 247.0,
              "y": 297.0
            },
            {
              "x": 245.0,
              "y": 299.0
            },
            {
              "x": 244.0,
              "y": 302.0
            },
            {
              "x": 241.0,
              "y": 305.0
            },
            {
              "x": 235.0,
              "y": 304.0
            },
            {
              "x": 234.0,
              "y": 303.0
            },
            {
              "x": 231.0,
              "y": 303.0
            },
            {
              "x": 230.0,
              "y": 302.0
            },
            {
              "x": 223.0,
              "y": 302.0
            },
            {
              "x": 222.0,
              "y": 301.0
            },
            {
              "x": 214.0,
              "y": 301.0
            },
            {
              "x": 213.0,
              "y": 302.0
            },
            {
              "x": 208.0,
              "y": 302.0
            },
            {
              "x": 207.0,
              "y": 303.0
            },
            {
              "x": 200.0,
              "y": 304.0
            },
            {
              "x": 193.0,
              "y": 308.0
            },
            {
              "x": 191.0,
              "y": 308.0
            },
            {
              "x": 181.0,
              "y": 313.0
            },
            {
              "x": 179.0,
              "y": 315.0
            },
            {
              "x": 177.0,
              "y": 315.0
            },
            {
              "x": 173.0,
              "y": 317.0
            },
            {
              "x": 169.0,
              "y": 321.0
            },
            {
              "x": 168.0,
              "y": 323.0
            },
            {
              "x": 168.0,
              "y": 328.0
            },
            {
              "x": 169.0,
              "y": 329.0
            },
            {
              "x": 169.0,
              "y": 331.0
            },
            {
              "x": 171.0,
              "y": 333.0
            },
            {
              "x": 176.0,
              "y": 333.0
            },
            {
              "x": 177.0,
              "y": 334.0
            },
            {
              "x": 182.0,
              "y": 334.0
            },
            {
              "x": 183.0,
              "y": 335.0
            },
            {
              "x": 183.0,
              "y": 338.0
            },
            {
              "x": 178.0,
              "y": 344.0
            },
            {
              "x": 178.0,
              "y": 349.0
            },
            {
              "x": 179.0,
              "y": 350.0
            },
            {
              "x": 182.0,
              "y": 350.0
            },
            {
              "x": 183.0,
              "y": 351.0
            },
            {
              "x": 191.0,
              "y": 351.0
            },
            {
              "x": 193.0,
              "y": 353.0
            },
            {
              "x": 193.0,
              "y": 356.0
            },
            {
              "x": 191.0,
              "y": 359.0
            },
            {
              "x": 190.0,
              "y": 365.0
            },
            {
              "x": 192.0,
              "y": 367.0
            },
            {
              "x": 199.0,
              "y": 367.0
            },
            {
              "x": 200.0,
              "y": 366.0
            },
            {
              "x": 205.0,
              "y": 366.0
            },
            {
              "x": 207.0,
              "y": 368.0
            },
            {
              "x": 207.0,
              "y": 373.0
            },
            {
              "x": 206.0,
              "y": 374.0
            },
            {
              "x": 206.0,
              "y": 376.0
            },
            {
              "x": 208.0,
              "y": 379.0
            },
            {
              "x": 213.0,
              "y": 379.0
            },
            {
              "x": 217.0,
              "y": 377.0
            },
            {
              "x": 221.0,
              "y": 377.0
            },
            {
              "x": 223.0,
              "y": 379.0
            },
            {
              "x": 223.0,
              "y": 384.0
            },
            {
              "x": 224.0,
              "y": 385.0
            },
            {
              "x": 224.0,
              "y": 387.0
            },
            {
              "x": 226.0,
              "y": 389.0
            },
            {
              "x": 228.0,
              "y": 389.0
            },
            {
              "x": 237.0,
              "y": 384.0
            },
            {
              "x": 239.0,
              "y": 384.0
            },
            {
              "x": 242.0,
              "y": 387.0
            },
            {
              "x": 243.0,
              "y": 391.0
            },
            {
              "x": 246.0,
              "y": 395.0
            },
            {
              "x": 250.0,
              "y": 394.0
            },
            {
              "x": 256.0,
              "y": 388.0
            },
            {
              "x": 259.0,
              "y": 388.0
            },
            {
              "x": 261.0,
              "y": 390.0
            },
            {
              "x": 261.0,
              "y": 392.0
            },
            {
              "x": 263.0,
              "y": 396.0
            },
            {
              "x": 266.0,
              "y": 399.0
            },
            {
              "x": 273.0,
              "y": 399.0
            },
            {
              "x": 278.0,
              "y": 395.0
            },
            {
              "x": 279.0,
              "y": 391.0
            },
            {
              "x": 280.0,
              "y": 390.0
            },
            {
              "x": 280.0,
              "y": 385.0
            },
            {
              "x": 281.0,
              "y": 384.0
            },
            {
              "x": 282.0,
              "y": 376.0
            },
            {
              "x": 283.0,
              "y": 375.0
            },
            {
              "x": 283.0,
              "y": 371.0
            },
            {
              "x": 284.0,
              "y": 370.0
            },
            {
              "x": 284.0,
              "y": 363.0
            },
            {
              "x": 285.0,
              "y": 362.0
            },
            {
              "x": 285.0,
              "y": 347.0
            },
            {
              "x": 284.0,
              "y": 346.0
            },
            {
              "x": 283.0,
              "y": 340.0
            },
            {
              "x": 278.0,
              "y": 332.0
            },
            {
              "x": 278.0,
              "y": 328.0
            },
            {
              "x": 282.0,
              "y": 324.0
            },
            {
              "x": 304.0,
              "y": 324.0
            },
            {
              "x": 305.0,
              "y": 323.0
            },
            {
              "x": 312.0,
              "y": 322.0
            },
            {
              "x": 313.0,
              "y": 321.0
            },
            {
              "x": 321.0,
              "y": 319.0
            },
            {
              "x": 326.0,
              "y": 316.0
            },
            {
              "x": 328.0,
              "y": 316.0
            },
            {
              "x": 332.0,
              "y": 314.0
            },
            {
              "x": 334.0,
              "y": 312.0
            },
            {
              "x": 336.0,
              "y": 312.0
            },
            {
              "x": 343.0,
              "y": 308.0
            },
            {
              "x": 345.0,
              "y": 308.0
            },
            {
              "x": 350.0,
              "y": 305.0
            },
            {
              "x": 352.0,
              "y": 305.0
            },
            {
              "x": 356.0,
              "y": 303.0
            },
            {
              "x": 360.0,
              "y": 298.0
            },
            {
              "x": 360.0,
              "y": 292.0
            },
            {
              "x": 359.0,
              "y": 290.0
            },
            {
              "x": 356.0,
              "y": 288.0
            },
            {
              "x": 354.0,
              "y": 288.0
            },
            {
              "x": 353.0,
              "y": 287.0
            },
            {
              "x": 347.0,
              "y": 287.0
            },
            {
              "x": 344.0,
              "y": 285.0
            },
            {
              "x": 344.0,
              "y": 283.0
            },
            {
              "x": 346.0,
              "y": 281.0
            },
            {
              "x": 350.0,
              "y": 272.0
            },
            {
              "x": 348.0,
              "y": 270.0
            },
            {
              "x": 341.0,
              "y": 270.0
            },
            {
              "x": 340.0,
              "y": 269.0
            },
            {
              "x": 337.0,
              "y": 269.0
            },
            {
              "x": 335.0,
              "y": 267.0
            },
            {
              "x": 335.0,
              "y": 264.0
            },
            {
              "x": 337.0,
              "y": 260.0
            },
            {
              "x": 337.0,
              "y": 254.0
            },
            {
              "x": 336.0,
              "y": 253.0
            },
            {
              "x": 330.0,
              "y": 253.0
            },
            {
              "x": 329.0,
              "y": 254.0
            },
            {
              "x": 326.0,
              "y": 254.0
            },
            {
              "x": 324.0,
              "y": 255.0
            },
            {
              "x": 322.0,
              "y": 253.0
            },
            {
              "x": 322.0,
              "y": 242.0
            },
            {
              "x": 320.0,
              "y": 241.0
            },
            {
              "x": 314.0,
              "y": 241.0
            },
            {
              "x": 311.0,
              "y": 243.0
            },
            {
              "x": 306.0,
              "y": 243.0
            },
            {
              "x": 304.0,
              "y": 240.0
            },
            {
              "x": 304.0,
              "y": 232.0
            },
            {
              "x": 303.0,
              "y": 231.0
            },
            {
              "x": 303.0,
              "y": 229.0
            },
            {
              "x": 299.0,
              "y": 228.0
            },
            {
              "x": 298.0,
              "y": 229.0
            },
            {
              "x": 296.0,
              "y": 229.0
            },
            {
              "x": 289.0,
              "y": 234.0
            },
            {
              "x": 286.0,
              "y": 234.0
            },
            {
              "x": 283.0,
              "y": 230.0
            },
            {
              "x": 283.0,
              "y": 228.0
            },
            {
              "x": 281.0,
              "y": 224.0
            },
            {
              "x": 277.0,
              "y": 222.0
            },
            {
              "x": 275.0,
              "y": 223.0
            },
            {
              "x": 272.0,
              "y": 226.0
            },
            {
              "x": 272.0,
              "y": 227.0
            },
            {
              "x": 268.0,
              "y": 231.0
            },
            {
              "x": 266.0,
              "y": 232.0
            },
            {
              "x": 263.0,
              "y": 229.0
            },
            {
              "x": 263.0,
              "y": 227.0
            },
            {
              "x": 261.0,
              "y": 223.0
            },
            {
              "x": 259.0,
              "y": 221.0
            }
          ]
        ]
      },
      "properties": [],
      "slot_names": [
        "0"
      ]
    }
  ]
}