{
  "version": "2.0",
  "schema_ref": "https://darwin-public.s3.eu-west-1.amazonaws.com/darwin_json/2.0/schema.json",
  "item": {
    "name": "conchiglie.4qe89sru.ingestion-5fd995d986-l5rgx.jpg",
    "path": "/",
    "source_info": {
      "item_id": "018ea5b6-384c-1d6d-58df-06d6e05b9840",
      "dataset": {
        "name": "Pasta",
        "slug": "pasta",
        "dataset_management_url": "https://darwin.v7labs.com/datasets/735230/dataset-management"
      },
      "team": {
        "name": "Salvino",
        "slug": "salvino"
      },
      "workview_url": "https://darwin.v7labs.com/workview?dataset=735230&item=018ea5b6-384c-1d6d-58df-06d6e05b9840"
    },
    "slots": [
      {
        "type": "image",
        "slot_name": "0",
        "width": 512,
        "height": 512,
        "thumbnail_url": "https://darwin.v7labs.com/api/v2/teams/salvino/files/cfbb9ad6-d2fb-4381-acbb-910e98f605dc/thumbnail",
        "source_files": [
          {
            "file_name": "conchiglie.4qe89sru.ingestion-5fd995d986-l5rgx.jpg",
            "url": "https://darwin.v7labs.com/api/v2/teams/salvino/uploads/69d1799c-d22b-4eca-92a7-1e4e7d87b268"
          }
        ]
      }
    ]
  },
  "annotations": [
    {
      "bounding_box": {
        "h": 293.0,
        "w": 206.0,
        "x": 179.0,
        "y": 34.0
      },
      "id": "1174b75e-383a-407d-8c72-c35c659aae4a",
      "name": "Fusilli",
      "polygon": {
        "paths": [
          [
            {
              "x": 346.0,
              "y": 37.0
            },
            {
              "x": 342.0,
              "y": 35.0
            },
            {
              "x": 339.0,
              "y": 35.0
            },
            {
              "x": 338.0,
              "y": 34.0
            },
            {
              "x": 334.0,
              "y": 34.0
            },
            {
              "x": 333.0,
              "y": 35.0
            },
            {
              "x": 329.0,
              "y": 36.0
            },
            {
              "x": 327.0,
              "y": 38.0
            },
            {
              "x": 325.0,
              "y": 42.0
            },
            {
              "x": 325.0,
              "y": 44.0
            },
            {
              "x": 324.0,
              "y": 45.0
            },
            {
              "x": 324.0,
              "y": 56.0
            },
            {
              "x": 323.0,
              "y": 57.0
            },
            {
              "x": 323.0,
              "y": 59.0
            },
            {
              "x": 319.0,
              "y": 63.0
            },
            {
              "x": 317.0,
              "y": 63.0
            },
            {
              "x": 316.0,
              "y": 65.0
            },
            {
              "x": 313.0,
              "y": 66.0
            },
            {
              "x": 311.0,
              "y": 68.0
            },
            {
              "x": 309.0,
              "y": 68.0
            },
            {
              "x": 305.0,
              "y": 70.0
            },
            {
              "x": 299.0,
              "y": 70.0
            },
            {
              "x": 296.0,
              "y": 72.0
            },
            {
              "x": 294.0,
              "y": 72.0
            },
            {
              "x": 289.0,
              "y": 76.0
            },
            {
              "x": 289.0,
              "y": 81.0
            },
            {
              "x": 294.0,
              "y": 86.0
            },
            {
              "x": 295.0,
              "y": 86.0
            },
            {
              "x": 296.0,
              "y": 88.0
            },
            {
              "x": 297.0,
              "y": 88.0
            },
            {
              "x": 301.0,
              "y": 91.0
            },
            {
              "x": 301.0,
              "y": 94.0
            },
            {
              "x": 300.0,
              "y": 95.0
            },
            {
              "x": 292.0,
              "y": 95.0
            },
            {
              "x": 291.0,
              "y": 96.0
            },
            {
              "x": 289.0,
              "y": 96.0
            },
            {
              "x": 288.0,
              "y": 95.0
            },
            {
              "x": 285.0,
              "y": 95.0
            },
            {
              "x": 284.0,
              "y": 94.0
            },
            {
              "x": 280.0,
              "y": 94.0
            },
            {
              "x": 276.0,
              "y": 96.0
            },
            {
              "x": 273.0,
              "y": 96.0
            },
            {
              "x": 271.0,
              "y": 98.0
            },
            {
              "x": 270.0,
              "y": 98.0
            },
            {
              "x": 270.0,
              "y": 105.0
            },
            {
              "x": 273.0,
              "y": 108.0
            },
            {
              "x": 273.0,
              "y": 109.0
            },
            {
              "x": 274.0,
              "y": 109.0
            },
            {
              "x": 275.0,
              "y": 111.0
            },
            {
              "x": 276.0,
              "y": 111.0
            },
            {
              "x": 277.0,
              "y": 113.0
            },
            {
              "x": 282.0,
              "y": 117.0
            },
            {
              "x": 282.0,
              "y": 118.0
            },
            {
              "x": 284.0,
              "y": 120.0
            },
            {
              "x": 283.0,
              "y": 122.0
            },
            {
              "x": 266.0,
              "y": 122.0
            },
            {
              "x": 265.0,
              "y": 121.0
            },
            {
              "x": 260.0,
              "y": 121.0
            },
            {
              "x": 259.0,
              "y": 122.0
            },
            {
              "x": 255.0,
              "y": 122.0
            },
            {
              "x": 253.0,
              "y": 124.0
            },
            {
              "x": 252.0,
              "y": 124.0
            },
            {
              "x": 252.0,
              "y": 125.0
            },
            {
              "x": 250.0,
              "y": 127.0
            },
            {
              "x": 250.0,
              "y": 130.0
            },
            {
              "x": 252.0,
              "y": 132.0
            },
            {
              "x": 252.0,
              "y": 133.0
            },
            {
              "x": 259.0,
              "y": 140.0
            },
            {
              "x": 260.0,
              "y": 140.0
            },
            {
              "x": 261.0,
              "y": 142.0
            },
            {
              "x": 265.0,
              "y": 144.0
            },
            {
              "x": 266.0,
              "y": 146.0
            },
            {
              "x": 270.0,
              "y": 150.0
            },
            {
              "x": 270.0,
              "y": 151.0
            },
            {
              "x": 266.0,
              "y": 153.0
            },
            {
              "x": 265.0,
              "y": 152.0
            },
            {
              "x": 261.0,
              "y": 152.0
            },
            {
              "x": 260.0,
              "y": 153.0
            },
            {
              "x": 256.0,
              "y": 153.0
            },
            {
              "x": 255.0,
              "y": 154.0
            },
            {
              "x": 249.0,
              "y": 154.0
            },
            {
              "x": 248.0,
              "y": 153.0
            },
            {
              "x": 244.0,
              "y": 153.0
            },
            {
              "x": 243.0,
              "y": 154.0
            },
            {
              "x": 237.0,
              "y": 155.0
            },
            {
              "x": 233.0,
              "y": 158.0
            },
            {
              "x": 232.0,
              "y": 163.0
            },
            {
              "x": 233.0,
              "y": 164.0
            },
            {
              "x": 234.0,
              "y": 168.0
            },
            {
              "x": 249.0,
              "y": 182.0
            },
            {
              "x": 249.0,
              "y": 184.0
            },
            {
              "x": 246.0,
              "y": 186.0
            },
            {
              "x": 244.0,
              "y": 186.0
            },
            {
              "x": 240.0,
              "y": 188.0
            },
            {
              "x": 226.0,
              "y": 188.0
            },
            {
              "x": 223.0,
              "y": 190.0
            },
            {
              "x": 221.0,
              "y": 190.0
            },
            {
              "x": 218.0,
              "y": 192.0
            },
            {
              "x": 216.0,
              "y": 192.0
            },
            {
              "x": 216.0,
              "y": 193.0
            },
            {
              "x": 214.0,
              "y": 195.0
            },
            {
              "x": 214.0,
              "y": 202.0
            },
            {
              "x": 216.0,
              "y": 204.0
            },
            {
              "x": 216.0,
              "y": 206.0
            },
            {
              "x": 225.0,
              "y": 216.0
            },
            {
              "x": 225.0,
              "y": 218.0
            },
            {
              "x": 222.0,
              "y": 221.0
            },
            {
              "x": 210.0,
              "y": 221.0
            },
            {
              "x": 208.0,
              "y": 223.0
            },
            {
              "x": 205.0,
              "y": 223.0
            },
            {
              "x": 202.0,
              "y": 225.0
            },
            {
              "x": 200.0,
              "y": 225.0
            },
            {
              "x": 195.0,
              "y": 231.0
            },
            {
              "x": 195.0,
              "y": 237.0
            },
            {
              "x": 197.0,
              "y": 239.0
            },
            {
              "x": 198.0,
              "y": 243.0
            },
            {
              "x": 200.0,
              "y": 244.0
            },
            {
              "x": 200.0,
              "y": 246.0
            },
            {
              "x": 202.0,
              "y": 247.0
            },
            {
              "x": 202.0,
              "y": 248.0
            },
            {
              "x": 206.0,
              "y": 253.0
            },
            {
              "x": 203.0,
              "y": 256.0
            },
            {
              "x": 197.0,
              "y": 256.0
            },
            {
              "x": 194.0,
              "y": 258.0
            },
            {
              "x": 192.0,
              "y": 258.0
            },
            {
              "x": 184.0,
              "y": 262.0
            },
            {
              "x": 181.0,
              "y": 265.0
            },
            {
              "x": 179.0,
              "y": 269.0
            },
            {
              "x": 179.0,
              "y": 278.0
            },
            {
              "x": 181.0,
              "y": 280.0
            },
            {
              "x": 181.0,
              "y": 282.0
            },
            {
              "x": 183.0,
              "y": 284.0
            },
            {
              "x": 183.0,
              "y": 286.0
            },
            {
              "x": 184.0,
              "y": 286.0
            },
            {
              "x": 186.0,
              "y": 288.0
            },
            {
              "x": 186.0,
              "y": 289.0
            },
            {
              "x": 190.0,
              "y": 292.0
            },
            {
              "x": 190.0,
              "y": 294.0
            },
            {
              "x": 191.0,
              "y": 295.0
            },
            {
              "x": 191.0,
              "y": 297.0
            },
            {
              "x": 190.0,
              "y": 298.0
            },
            {
              "x": 190.0,
              "y": 302.0
            },
            {
              "x": 197.0,
              "y": 307.0
            },
            {
              "x": 203.0,
              "y": 307.0
            },
            {
              "x": 204.0,
              "y": 308.0
            },
            {
              "x": 225.0,
              "y": 309.0
            },
            {
              "x": 226.0,
              "y": 308.0
            },
            {
              "x": 232.0,
              "y": 307.0
            },
            {
              "x": 240.0,
              "y": 312.0
            },
            {
              "x": 240.0,
              "y": 314.0
            },
            {
              "x": 244.0,
              "y": 319.0
            },
            {
              "x": 246.0,
              "y": 325.0
            },
            {
              "x": 249.0,
              "y": 327.0
            },
            {
              "x": 254.0,
              "y": 327.0
            },
            {
              "x": 255.0,
              "y": 326.0
            },
            {
              "x": 257.0,
              "y": 326.0
            },
            {
              "x": 260.0,
              "y": 323.0
            },
            {
              "x": 260.0,
              "y": 322.0
            },
            {
              "x": 262.0,
              "y": 321.0
            },
            {
              "x": 262.0,
              "y": 315.0
            },
            {
              "x": 263.0,
              "y": 314.0
            },
            {
              "x": 263.0,
              "y": 310.0
            },
            {
              "x": 265.0,
              "y": 306.0
            },
            {
              "x": 265.0,
              "y": 303.0
            },
            {
              "x": 267.0,
              "y": 299.0
            },
            {
              "x": 274.0,
              "y": 293.0
            },
            {
              "x": 277.0,
              "y": 287.0
            },
            {
              "x": 279.0,
              "y": 285.0
            },
            {
              "x": 279.0,
              "y": 282.0
            },
            {
              "x": 280.0,
              "y": 281.0
            },
            {
              "x": 280.0,
              "y": 278.0
            },
            {
              "x": 281.0,
              "y": 277.0
            },
            {
              "x": 281.0,
              "y": 272.0
            },
            {
              "x": 280.0,
              "y": 271.0
            },
            {
              "x": 280.0,
              "y": 267.0
            },
            {
              "x": 281.0,
              "y": 266.0
            },
            {
              "x": 281.0,
              "y": 264.0
            },
            {
              "x": 283.0,
              "y": 262.0
            },
            {
              "x": 284.0,
              "y": 262.0
            },
            {
              "x": 293.0,
              "y": 253.0
            },
            {
              "x": 293.0,
              "y": 251.0
            },
            {
              "x": 295.0,
              "y": 248.0
            },
            {
              "x": 295.0,
              "y": 244.0
            },
            {
              "x": 297.0,
              "y": 241.0
            },
            {
              "x": 297.0,
              "y": 237.0
            },
            {
              "x": 298.0,
              "y": 236.0
            },
            {
              "x": 298.0,
              "y": 230.0
            },
            {
              "x": 300.0,
              "y": 229.0
            },
            {
              "x": 300.0,
              "y": 228.0
            },
            {
              "x": 302.0,
              "y": 227.0
            },
            {
              "x": 302.0,
              "y": 226.0
            },
            {
              "x": 304.0,
              "y": 224.0
            },
            {
              "x": 305.0,
              "y": 224.0
            },
            {
              "x": 306.0,
              "y": 222.0
            },
            {
              "x": 307.0,
              "y": 222.0
            },
            {
              "x": 312.0,
              "y": 212.0
            },
            {
              "x": 312.0,
              "y": 208.0
            },
            {
              "x": 313.0,
              "y": 207.0
            },
            {
              "x": 313.0,
              "y": 200.0
            },
            {
              "x": 314.0,
              "y": 199.0
            },
            {
              "x": 314.0,
              "y": 197.0
            },
            {
              "x": 320.0,
              "y": 191.0
            },
            {
              "x": 321.0,
              "y": 188.0
            },
            {
              "x": 324.0,
              "y": 185.0
            },
            {
              "x": 324.0,
              "y": 183.0
            },
            {
              "x": 326.0,
              "y": 180.0
            },
            {
              "x": 326.0,
              "y": 175.0
            },
            {
              "x": 327.0,
              "y": 174.0
            },
            {
              "x": 327.0,
              "y": 171.0
            },
            {
              "x": 328.0,
              "y": 169.0
            },
            {
              "x": 332.0,
              "y": 166.0
            },
            {
              "x": 333.0,
              "y": 166.0
            },
            {
              "x": 335.0,
              "y": 162.0
            },
            {
              "x": 337.0,
              "y": 161.0
            },
            {
              "x": 338.0,
              "y": 158.0
            },
            {
              "x": 340.0,
              "y": 156.0
            },
            {
              "x": 342.0,
              "y": 152.0
            },
            {
              "x": 342.0,
              "y": 148.0
            },
            {
              "x": 343.0,
              "y": 147.0
            },
            {
              "x": 343.0,
              "y": 145.0
            },
            {
              "x": 345.0,
              "y": 141.0
            },
            {
              "x": 347.0,
              "y": 140.0
            },
            {
              "x": 347.0,
              "y": 139.0
            },
            {
              "x": 354.0,
              "y": 133.0
            },
            {
              "x": 354.0,
              "y": 132.0
            },
            {
              "x": 358.0,
              "y": 127.0
            },
            {
              "x": 361.0,
              "y": 121.0
            },
            {
              "x": 361.0,
              "y": 114.0
            },
            {
              "x": 364.0,
              "y": 108.0
            },
            {
              "x": 371.0,
              "y": 100.0
            },
            {
              "x": 375.0,
              "y": 92.0
            },
            {
              "x": 377.0,
              "y": 90.0
            },
            {
              "x": 378.0,
              "y": 86.0
            },
            {
              "x": 380.0,
              "y": 83.0
            },
            {
              "x": 380.0,
              "y": 81.0
            },
            {
              "x": 382.0,
              "y": 78.0
            },
            {
              "x": 384.0,
              "y": 70.0
            },
            {
              "x": 385.0,
              "y": 69.0
            },
            {
              "x": 385.0,
              "y": 65.0
            },
            {
              "x": 384.0,
              "y": 63.0
            },
            {
              "x": 380.0,
              "y": 60.0
            },
            {
              "x": 376.0,
              "y": 60.0
            },
            {
              "x": 375.0,
              "y": 61.0
            },
            {
              "x": 372.0,
              "y": 61.0
            },
            {
              "x": 371.0,
              "y": 62.0
            },
            {
              "x": 369.0,
              "y": 62.0
            },
            {
              "x": 368.0,
              "y": 63.0
            },
            {
              "x": 366.0,
              "y": 63.0
            },
            {
              "x": 362.0,
              "y": 65.0
            },
            {
              "x": 358.0,
              "y": 65.0
            },
            {
              "x": 356.0,
              "y": 63.0
            },
            {
              "x": 356.0,
              "y": 56.0
            },
            {
              "x": 354.0,
              "y": 53.0
            },
            {
              "x": 354.0,
              "y": 50.0
            },
            {
              "x": 352.0,
              "y": 47.0
            },
            {
              "x": 352.0,
              "y": 44.0
            },
            {
              "x": 350.0,
              "y": 43.0
            },
            {
              "x": 349.0,
              "y": 40.0
            }
          ]
        ]
      },
      "properties": [],
      "slot_names": [
        "0"
      ]
    }
  ]
}