{
  "version": "2.0",
  "schema_ref": "https://darwin-public.s3.eu-west-1.amazonaws.com/darwin_json/2.0/schema.json",
  "item": {
    "name": "conchiglie.4qe86bqa.ingestion-5fd995d986-fwdsf.jpg",
    "path": "/",
    "source_info": {
      "item_id": "018ea5b6-384a-f843-a85b-1ef9d339542a",
      "dataset": {
        "name": "Pasta",
        "slug": "pasta",
        "dataset_management_url": "https://darwin.v7labs.com/datasets/735230/dataset-management"
      },
      "team": {
        "name": "Salvino",
        "slug": "salvino"
      },
      "workview_url": "https://darwin.v7labs.com/workview?dataset=735230&item=018ea5b6-384a-f843-a85b-1ef9d339542a"
    },
    "slots": [
      {
        "type": "image",
        "slot_name": "0",
        "width": 512,
        "height": 512,
        "thumbnail_url": "https://darwin.v7labs.com/api/v2/teams/salvino/files/aefb4fe1-c391-42fb-bfb6-a11eadc711c0/thumbnail",
        "source_files": [
          {
            "file_name": "conchiglie.4qe86bqa.ingestion-5fd995d986-fwdsf.jpg",
            "url": "https://darwin.v7labs.com/api/v2/teams/salvino/uploads/2be24780-0d11-45d2-8756-58653452d96a"
          }
        ]
      }
    ]
  },
  "annotations": [
    {
      "bounding_box": {
        "h": 289.0,
        "w": 285.0,
        "x": 138.0,
        "y": 93.0
      },
      "id": "e6e1e4c2-5bd3-4b8d-9ff9-56f68a33e05a",
      "name": "Farfalle",
      "polygon": {
        "paths": [
          [
            {
              "x": 279.0,
              "y": 93.0
            },
            {
              "x": 276.0,
              "y": 93.0
            },
            {
              "x": 274.0,
              "y": 94.0
            },
            {
              "x": 273.0,
              "y": 99.0
            },
            {
              "x": 267.0,
              "y": 107.0
            },
            {
              "x": 262.0,
              "y": 107.0
            },
            {
              "x": 260.0,
              "y": 104.0
            },
            {
              "x": 259.0,
              "y": 104.0
            },
            {
              "x": 255.0,
              "y": 100.0
            },
            {
              "x": 251.0,
              "y": 98.0
            },
            {
              "x": 250.0,
              "y": 96.0
            },
            {
              "x": 248.0,
              "y": 95.0
            },
            {
              "x": 244.0,
              "y": 95.0
            },
            {
              "x": 242.0,
              "y": 97.0
            },
            {
              "x": 242.0,
              "y": 103.0
            },
            {
              "x": 241.0,
              "y": 104.0
            },
            {
              "x": 241.0,
              "y": 106.0
            },
            {
              "x": 239.0,
              "y": 110.0
            },
            {
              "x": 239.0,
              "y": 114.0
            },
            {
              "x": 236.0,
              "y": 116.0
            },
            {
              "x": 229.0,
              "y": 115.0
            },
            {
              "x": 226.0,
              "y": 112.0
            },
            {
              "x": 223.0,
              "y": 112.0
            },
            {
              "x": 220.0,
              "y": 110.0
            },
            {
              "x": 213.0,
              "y": 110.0
            },
            {
              "x": 210.0,
              "y": 113.0
            },
            {
              "x": 210.0,
              "y": 117.0
            },
            {
              "x": 211.0,
              "y": 118.0
            },
            {
              "x": 211.0,
              "y": 126.0
            },
            {
              "x": 209.0,
              "y": 130.0
            },
            {
              "x": 204.0,
              "y": 130.0
            },
            {
              "x": 202.0,
              "y": 128.0
            },
            {
              "x": 198.0,
              "y": 127.0
            },
            {
              "x": 197.0,
              "y": 126.0
            },
            {
              "x": 195.0,
              "y": 126.0
            },
            {
              "x": 192.0,
              "y": 124.0
            },
            {
              "x": 185.0,
              "y": 124.0
            },
            {
              "x": 184.0,
              "y": 125.0
            },
            {
              "x": 183.0,
              "y": 129.0
            },
            {
              "x": 184.0,
              "y": 130.0
            },
            {
              "x": 184.0,
              "y": 135.0
            },
            {
              "x": 186.0,
              "y": 139.0
            },
            {
              "x": 186.0,
              "y": 143.0
            },
            {
              "x": 187.0,
              "y": 144.0
            },
            {
              "x": 187.0,
              "y": 146.0
            },
            {
              "x": 183.0,
              "y": 150.0
            },
            {
              "x": 177.0,
              "y": 150.0
            },
            {
              "x": 176.0,
              "y": 149.0
            },
            {
              "x": 170.0,
              "y": 149.0
            },
            {
              "x": 169.0,
              "y": 148.0
            },
            {
              "x": 165.0,
              "y": 148.0
            },
            {
              "x": 164.0,
              "y": 149.0
            },
            {
              "x": 160.0,
              "y": 150.0
            },
            {
              "x": 160.0,
              "y": 157.0
            },
            {
              "x": 162.0,
              "y": 159.0
            },
            {
              "x": 163.0,
              "y": 163.0
            },
            {
              "x": 166.0,
              "y": 167.0
            },
            {
              "x": 167.0,
              "y": 173.0
            },
            {
              "x": 164.0,
              "y": 176.0
            },
            {
              "x": 146.0,
              "y": 176.0
            },
            {
              "x": 142.0,
              "y": 179.0
            },
            {
              "x": 138.0,
              "y": 187.0
            },
            {
              "x": 138.0,
              "y": 193.0
            },
            {
              "x": 139.0,
              "y": 194.0
            },
            {
              "x": 140.0,
              "y": 199.0
            },
            {
              "x": 141.0,
              "y": 199.0
            },
            {
              "x": 145.0,
              "y": 204.0
            },
            {
              "x": 148.0,
              "y": 205.0
            },
            {
              "x": 150.0,
              "y": 207.0
            },
            {
              "x": 153.0,
              "y": 207.0
            },
            {
              "x": 155.0,
              "y": 209.0
            },
            {
              "x": 158.0,
              "y": 210.0
            },
            {
              "x": 161.0,
              "y": 213.0
            },
            {
              "x": 165.0,
              "y": 214.0
            },
            {
              "x": 166.0,
              "y": 216.0
            },
            {
              "x": 168.0,
              "y": 216.0
            },
            {
              "x": 170.0,
              "y": 218.0
            },
            {
              "x": 174.0,
              "y": 219.0
            },
            {
              "x": 175.0,
              "y": 221.0
            },
            {
              "x": 179.0,
              "y": 222.0
            },
            {
              "x": 182.0,
              "y": 225.0
            },
            {
              "x": 185.0,
              "y": 226.0
            },
            {
              "x": 187.0,
              "y": 228.0
            },
            {
              "x": 191.0,
              "y": 229.0
            },
            {
              "x": 192.0,
              "y": 231.0
            },
            {
              "x": 194.0,
              "y": 231.0
            },
            {
              "x": 210.0,
              "y": 239.0
            },
            {
              "x": 212.0,
              "y": 239.0
            },
            {
              "x": 213.0,
              "y": 240.0
            },
            {
              "x": 215.0,
              "y": 240.0
            },
            {
              "x": 219.0,
              "y": 242.0
            },
            {
              "x": 222.0,
              "y": 242.0
            },
            {
              "x": 226.0,
              "y": 244.0
            },
            {
              "x": 229.0,
              "y": 244.0
            },
            {
              "x": 230.0,
              "y": 245.0
            },
            {
              "x": 256.0,
              "y": 245.0
            },
            {
              "x": 257.0,
              "y": 246.0
            },
            {
              "x": 262.0,
              "y": 246.0
            },
            {
              "x": 267.0,
              "y": 251.0
            },
            {
              "x": 267.0,
              "y": 260.0
            },
            {
              "x": 262.0,
              "y": 267.0
            },
            {
              "x": 262.0,
              "y": 269.0
            },
            {
              "x": 259.0,
              "y": 274.0
            },
            {
              "x": 259.0,
              "y": 277.0
            },
            {
              "x": 256.0,
              "y": 282.0
            },
            {
              "x": 256.0,
              "y": 287.0
            },
            {
              "x": 255.0,
              "y": 288.0
            },
            {
              "x": 255.0,
              "y": 292.0
            },
            {
              "x": 254.0,
              "y": 293.0
            },
            {
              "x": 254.0,
              "y": 296.0
            },
            {
              "x": 253.0,
              "y": 297.0
            },
            {
              "x": 253.0,
              "y": 311.0
            },
            {
              "x": 252.0,
              "y": 312.0
            },
            {
              "x": 253.0,
              "y": 314.0
            },
            {
              "x": 253.0,
              "y": 324.0
            },
            {
              "x": 255.0,
              "y": 328.0
            },
            {
              "x": 256.0,
              "y": 344.0
            },
            {
              "x": 257.0,
              "y": 345.0
            },
            {
              "x": 257.0,
              "y": 349.0
            },
            {
              "x": 258.0,
              "y": 350.0
            },
            {
              "x": 258.0,
              "y": 353.0
            },
            {
              "x": 259.0,
              "y": 354.0
            },
            {
              "x": 259.0,
              "y": 364.0
            },
            {
              "x": 260.0,
              "y": 365.0
            },
            {
              "x": 260.0,
              "y": 369.0
            },
            {
              "x": 263.0,
              "y": 375.0
            },
            {
              "x": 266.0,
              "y": 378.0
            },
            {
              "x": 273.0,
              "y": 382.0
            },
            {
              "x": 279.0,
              "y": 382.0
            },
            {
              "x": 283.0,
              "y": 379.0
            },
            {
              "x": 284.0,
              "y": 379.0
            },
            {
              "x": 284.0,
              "y": 378.0
            },
            {
              "x": 287.0,
              "y": 374.0
            },
            {
              "x": 287.0,
              "y": 372.0
            },
            {
              "x": 290.0,
              "y": 368.0
            },
            {
              "x": 290.0,
              "y": 366.0
            },
            {
              "x": 294.0,
              "y": 361.0
            },
            {
              "x": 297.0,
              "y": 361.0
            },
            {
              "x": 300.0,
              "y": 364.0
            },
            {
              "x": 303.0,
              "y": 370.0
            },
            {
              "x": 307.0,
              "y": 374.0
            },
            {
              "x": 309.0,
              "y": 375.0
            },
            {
              "x": 314.0,
              "y": 375.0
            },
            {
              "x": 319.0,
              "y": 369.0
            },
            {
              "x": 322.0,
              "y": 363.0
            },
            {
              "x": 322.0,
              "y": 361.0
            },
            {
              "x": 324.0,
              "y": 357.0
            },
            {
              "x": 326.0,
              "y": 355.0
            },
            {
              "x": 331.0,
              "y": 355.0
            },
            {
              "x": 338.0,
              "y": 362.0
            },
            {
              "x": 342.0,
              "y": 364.0
            },
            {
              "x": 345.0,
              "y": 364.0
            },
            {
              "x": 347.0,
              "y": 363.0
            },
            {
              "x": 349.0,
              "y": 361.0
            },
            {
              "x": 351.0,
              "y": 357.0
            },
            {
              "x": 351.0,
              "y": 342.0
            },
            {
              "x": 352.0,
              "y": 341.0
            },
            {
              "x": 353.0,
              "y": 341.0
            },
            {
              "x": 355.0,
              "y": 339.0
            },
            {
              "x": 357.0,
              "y": 339.0
            },
            {
              "x": 358.0,
              "y": 340.0
            },
            {
              "x": 363.0,
              "y": 341.0
            },
            {
              "x": 364.0,
              "y": 343.0
            },
            {
              "x": 366.0,
              "y": 344.0
            },
            {
              "x": 372.0,
              "y": 344.0
            },
            {
              "x": 374.0,
              "y": 342.0
            },
            {
              "x": 374.0,
              "y": 331.0
            },
            {
              "x": 372.0,
              "y": 327.0
            },
            {
              "x": 372.0,
              "y": 324.0
            },
            {
              "x": 375.0,
              "y": 320.0
            },
            {
              "x": 380.0,
              "y": 320.0
            },
            {
              "x": 381.0,
              "y": 321.0
            },
            {
              "x": 394.0,
              "y": 321.0
            },
            {
              "x": 395.0,
              "y": 320.0
            },
            {
              "x": 396.0,
              "y": 318.0
            },
            {
              "x": 395.0,
              "y": 317.0
            },
            {
              "x": 395.0,
              "y": 311.0
            },
            {
              "x": 392.0,
              "y": 306.0
            },
            {
              "x": 392.0,
              "y": 298.0
            },
            {
              "x": 396.0,
              "y": 296.0
            },
            {
              "x": 400.0,
              "y": 296.0
            },
            {
              "x": 401.0,
              "y": 295.0
            },
            {
              "x": 406.0,
              "y": 295.0
            },
            {
              "x": 407.0,
              "y": 294.0
            },
            {
              "x": 410.0,
              "y": 294.0
            },
            {
              "x": 412.0,
              "y": 292.0
            },
            {
              "x": 412.0,
              "y": 287.0
            },
            {
              "x": 410.0,
              "y": 285.0
            },
            {
              "x": 409.0,
              "y": 281.0
            },
            {
              "x": 407.0,
              "y": 280.0
            },
            {
              "x": 405.0,
              "y": 272.0
            },
            {
              "x": 407.0,
              "y": 269.0
            },
            {
              "x": 409.0,
              "y": 269.0
            },
            {
              "x": 410.0,
              "y": 268.0
            },
            {
              "x": 420.0,
              "y": 268.0
            },
            {
              "x": 421.0,
              "y": 267.0
            },
            {
              "x": 422.0,
              "y": 261.0
            },
            {
              "x": 423.0,
              "y": 260.0
            },
            {
              "x": 423.0,
              "y": 256.0
            },
            {
              "x": 421.0,
              "y": 253.0
            },
            {
              "x": 421.0,
              "y": 251.0
            },
            {
              "x": 413.0,
              "y": 243.0
            },
            {
              "x": 410.0,
              "y": 242.0
            },
            {
              "x": 408.0,
              "y": 240.0
            },
            {
              "x": 406.0,
              "y": 240.0
            },
            {
              "x": 403.0,
              "y": 237.0
            },
            {
              "x": 400.0,
              "y": 236.0
            },
            {
              "x": 398.0,
              "y": 234.0
            },
            {
              "x": 396.0,
              "y": 234.0
            },
            {
              "x": 394.0,
              "y": 232.0
            },
            {
              "x": 390.0,
              "y": 231.0
            },
            {
              "x": 383.0,
              "y": 226.0
            },
            {
              "x": 378.0,
              "y": 225.0
            },
            {
              "x": 375.0,
              "y": 223.0
            },
            {
              "x": 372.0,
              "y": 223.0
            },
            {
              "x": 366.0,
              "y": 220.0
            },
            {
              "x": 361.0,
              "y": 220.0
            },
            {
              "x": 360.0,
              "y": 219.0
            },
            {
              "x": 357.0,
              "y": 219.0
            },
            {
              "x": 356.0,
              "y": 218.0
            },
            {
              "x": 350.0,
              "y": 218.0
            },
            {
              "x": 349.0,
              "y": 217.0
            },
            {
              "x": 348.0,
              "y": 218.0
            },
            {
              "x": 342.0,
              "y": 218.0
            },
            {
              "x": 341.0,
              "y": 219.0
            },
            {
              "x": 336.0,
              "y": 219.0
            },
            {
              "x": 335.0,
              "y": 220.0
            },
            {
              "x": 326.0,
              "y": 220.0
            },
            {
              "x": 322.0,
              "y": 216.0
            },
            {
              "x": 322.0,
              "y": 215.0
            },
            {
              "x": 319.0,
              "y": 212.0
            },
            {
              "x": 319.0,
              "y": 211.0
            },
            {
              "x": 316.0,
              "y": 207.0
            },
            {
              "x": 316.0,
              "y": 203.0
            },
            {
              "x": 319.0,
              "y": 199.0
            },
            {
              "x": 319.0,
              "y": 197.0
            },
            {
              "x": 321.0,
              "y": 196.0
            },
            {
              "x": 325.0,
              "y": 188.0
            },
            {
              "x": 325.0,
              "y": 185.0
            },
            {
              "x": 328.0,
              "y": 181.0
            },
            {
              "x": 328.0,
              "y": 175.0
            },
            {
              "x": 329.0,
              "y": 174.0
            },
            {
              "x": 329.0,
              "y": 166.0
            },
            {
              "x": 330.0,
              "y": 165.0
            },
            {
              "x": 330.0,
              "y": 153.0
            },
            {
              "x": 329.0,
              "y": 152.0
            },
            {
              "x": 329.0,
              "y": 147.0
            },
            {
              "x": 328.0,
              "y": 146.0
            },
            {
              "x": 328.0,
              "y": 137.0
            },
            {
              "x": 327.0,
              "y": 136.0
            },
            {
              "x": 327.0,
              "y": 133.0
            },
            {
              "x": 326.0,
              "y": 132.0
            },
            {
              "x": 326.0,
              "y": 129.0
            },
            {
              "x": 325.0,
              "y": 128.0
            },
            {
              "x": 325.0,
              "y": 123.0
            },
            {
              "x": 324.0,
              "y": 122.0
            },
            {
              "x": 324.0,
              "y": 114.0
            },
            {
              "x": 318.0,
              "y": 102.0
            },
            {
              "x": 317.0,
              "y": 102.0
            },
            {
              "x": 312.0,
              "y": 98.0
            },
            {
              "x": 304.0,
              "y": 97.0
            },
            {
              "x": 302.0,
              "y": 99.0
            },
            {
              "x": 302.0,
              "y": 100.0
            },
            {
              "x": 300.0,
              "y": 101.0
            },
            {
              "x": 300.0,
              "y": 103.0
            },
            {
              "x": 295.0,
              "y": 109.0
            },
            {
              "x": 288.0,
              "y": 102.0
            },
            {
              "x": 287.0,
              "y": 99.0
            },
            {
              "x": 284.0,
              "y": 96.0
            },
            {
              "x": 284.0,
              "y": 95.0
            },
            {
              "x": 280.0,
              "y": 94.0
            }
          ]
        ]
      },
      "properties": [],
      "slot_names": [
        "0"
      ]
    }
  ]
}