{
  "version": "2.0",
  "schema_ref": "https://darwin-public.s3.eu-west-1.amazonaws.com/darwin_json/2.0/schema.json",
  "item": {
    "name": "conchiglie.4qe5h39e.ingestion-5fd995d986-l5rgx.jpg",
    "path": "/",
    "source_info": {
      "item_id": "018ea5b6-3848-db06-b54c-33c7d7e45591",
      "dataset": {
        "name": "Pasta",
        "slug": "pasta",
        "dataset_management_url": "https://darwin.v7labs.com/datasets/735230/dataset-management"
      },
      "team": {
        "name": "Salvino",
        "slug": "salvino"
      },
      "workview_url": "https://darwin.v7labs.com/workview?dataset=735230&item=018ea5b6-3848-db06-b54c-33c7d7e45591"
    },
    "slots": [
      {
        "type": "image",
        "slot_name": "0",
        "width": 512,
        "height": 512,
        "thumbnail_url": "https://darwin.v7labs.com/api/v2/teams/salvino/files/f2d21459-270f-446e-82c4-11acdceae38b/thumbnail",
        "source_files": [
          {
            "file_name": "conchiglie.4qe5h39e.ingestion-5fd995d986-l5rgx.jpg",
            "url": "https://darwin.v7labs.com/api/v2/teams/salvino/uploads/d8e0b7f0-d4de-4830-9e65-15fd2175ebb6"
          }
        ]
      }
    ]
  },
  "annotations": [
    {
      "bounding_box": {
        "h": 161.0,
        "w": 127.0,
        "x": 260.0,
        "y": 207.0
      },
      "id": "fa5e76d1-2444-4d4a-82de-08ed1cc623b7",
      "name": "Conchiglie",
      "polygon": {
        "paths": [
          [
            {
              "x": 359.0,
              "y": 210.0
            },
            {
              "x": 357.0,
              "y": 209.0
            },
            {
              "x": 349.0,
              "y": 209.0
            },
            {
              "x": 346.0,
              "y": 207.0
            },
            {
              "x": 336.0,
              "y": 207.0
            },
            {
              "x": 333.0,
              "y": 209.0
            },
            {
              "x": 331.0,
              "y": 209.0
            },
            {
              "x": 326.0,
              "y": 214.0
            },
            {
              "x": 322.0,
              "y": 215.0
            },
            {
              "x": 319.0,
              "y": 218.0
            },
            {
              "x": 318.0,
              "y": 218.0
            },
            {
              "x": 313.0,
              "y": 222.0
            },
            {
              "x": 309.0,
              "y": 223.0
            },
            {
              "x": 306.0,
              "y": 226.0
            },
            {
              "x": 302.0,
              "y": 227.0
            },
            {
              "x": 299.0,
              "y": 230.0
            },
            {
              "x": 295.0,
              "y": 231.0
            },
            {
              "x": 292.0,
              "y": 234.0
            },
            {
              "x": 287.0,
              "y": 236.0
            },
            {
              "x": 284.0,
              "y": 239.0
            },
            {
              "x": 281.0,
              "y": 240.0
            },
            {
              "x": 277.0,
              "y": 244.0
            },
            {
              "x": 274.0,
              "y": 245.0
            },
            {
              "x": 273.0,
              "y": 248.0
            },
            {
              "x": 268.0,
              "y": 253.0
            },
            {
              "x": 267.0,
              "y": 258.0
            },
            {
              "x": 265.0,
              "y": 261.0
            },
            {
              "x": 265.0,
              "y": 264.0
            },
            {
              "x": 261.0,
              "y": 271.0
            },
            {
              "x": 261.0,
              "y": 281.0
            },
            {
              "x": 260.0,
              "y": 282.0
            },
            {
              "x": 260.0,
              "y": 289.0
            },
            {
              "x": 263.0,
              "y": 294.0
            },
            {
              "x": 264.0,
              "y": 308.0
            },
            {
              "x": 265.0,
              "y": 309.0
            },
            {
              "x": 265.0,
              "y": 323.0
            },
            {
              "x": 266.0,
              "y": 324.0
            },
            {
              "x": 266.0,
              "y": 330.0
            },
            {
              "x": 268.0,
              "y": 334.0
            },
            {
              "x": 267.0,
              "y": 335.0
            },
            {
              "x": 267.0,
              "y": 340.0
            },
            {
              "x": 266.0,
              "y": 341.0
            },
            {
              "x": 266.0,
              "y": 344.0
            },
            {
              "x": 267.0,
              "y": 345.0
            },
            {
              "x": 267.0,
              "y": 349.0
            },
            {
              "x": 269.0,
              "y": 353.0
            },
            {
              "x": 269.0,
              "y": 357.0
            },
            {
              "x": 271.0,
              "y": 359.0
            },
            {
              "x": 271.0,
              "y": 360.0
            },
            {
              "x": 278.0,
              "y": 364.0
            },
            {
              "x": 282.0,
              "y": 364.0
            },
            {
              "x": 283.0,
              "y": 365.0
            },
            {
              "x": 285.0,
              "y": 365.0
            },
            {
              "x": 287.0,
              "y": 367.0
            },
            {
              "x": 291.0,
              "y": 367.0
            },
            {
              "x": 292.0,
              "y": 368.0
            },
            {
              "x": 296.0,
              "y": 368.0
            },
            {
              "x": 297.0,
              "y": 367.0
            },
            {
              "x": 302.0,
              "y": 366.0
            },
            {
              "x": 307.0,
              "y": 362.0
            },
            {
              "x": 308.0,
              "y": 362.0
            },
            {
              "x": 313.0,
              "y": 356.0
            },
            {
              "x": 314.0,
              "y": 356.0
            },
            {
              "x": 319.0,
              "y": 352.0
            },
            {
              "x": 322.0,
              "y": 351.0
            },
            {
              "x": 325.0,
              "y": 348.0
            },
            {
              "x": 329.0,
              "y": 347.0
            },
            {
              "x": 332.0,
              "y": 344.0
            },
            {
              "x": 334.0,
              "y": 343.0
            },
            {
              "x": 340.0,
              "y": 343.0
            },
            {
              "x": 345.0,
              "y": 340.0
            },
            {
              "x": 347.0,
              "y": 340.0
            },
            {
              "x": 348.0,
              "y": 339.0
            },
            {
              "x": 353.0,
              "y": 338.0
            },
            {
              "x": 358.0,
              "y": 335.0
            },
            {
              "x": 360.0,
              "y": 335.0
            },
            {
              "x": 365.0,
              "y": 331.0
            },
            {
              "x": 369.0,
              "y": 330.0
            },
            {
              "x": 369.0,
              "y": 329.0
            },
            {
              "x": 371.0,
              "y": 328.0
            },
            {
              "x": 371.0,
              "y": 327.0
            },
            {
              "x": 376.0,
              "y": 323.0
            },
            {
              "x": 378.0,
              "y": 319.0
            },
            {
              "x": 382.0,
              "y": 315.0
            },
            {
              "x": 383.0,
              "y": 311.0
            },
            {
              "x": 384.0,
              "y": 310.0
            },
            {
              "x": 384.0,
              "y": 308.0
            },
            {
              "x": 386.0,
              "y": 305.0
            },
            {
              "x": 386.0,
              "y": 298.0
            },
            {
              "x": 387.0,
              "y": 297.0
            },
            {
              "x": 387.0,
              "y": 291.0
            },
            {
              "x": 386.0,
              "y": 290.0
            },
            {
              "x": 386.0,
              "y": 282.0
            },
            {
              "x": 384.0,
              "y": 278.0
            },
            {
              "x": 384.0,
              "y": 275.0
            },
            {
              "x": 381.0,
              "y": 270.0
            },
            {
              "x": 381.0,
              "y": 268.0
            },
            {
              "x": 377.0,
              "y": 263.0
            },
            {
              "x": 376.0,
              "y": 258.0
            },
            {
              "x": 374.0,
              "y": 255.0
            },
            {
              "x": 374.0,
              "y": 251.0
            },
            {
              "x": 371.0,
              "y": 248.0
            },
            {
              "x": 371.0,
              "y": 242.0
            },
            {
              "x": 368.0,
              "y": 236.0
            },
            {
              "x": 369.0,
              "y": 234.0
            },
            {
              "x": 369.0,
              "y": 229.0
            },
            {
              "x": 368.0,
              "y": 228.0
            },
            {
              "x": 368.0,
              "y": 220.0
            },
            {
              "x": 367.0,
              "y": 218.0
            }
          ]
        ]
      },
      "properties": [],
      "slot_names": [
        "0"
      ]
    }
  ]
}