{
  "version": "2.0",
  "schema_ref": "https://darwin-public.s3.eu-west-1.amazonaws.com/darwin_json/2.0/schema.json",
  "item": {
    "name": "conchiglie.4qe89u28.ingestion-5fd995d986-9zbdz.jpg",
    "path": "/",
    "source_info": {
      "item_id": "018ea5b6-384c-9c58-4e94-0241c4dcb751",
      "dataset": {
        "name": "Pasta",
        "slug": "pasta",
        "dataset_management_url": "https://darwin.v7labs.com/datasets/735230/dataset-management"
      },
      "team": {
        "name": "Salvino",
        "slug": "salvino"
      },
      "workview_url": "https://darwin.v7labs.com/workview?dataset=735230&item=018ea5b6-384c-9c58-4e94-0241c4dcb751"
    },
    "slots": [
      {
        "type": "image",
        "slot_name": "0",
        "width": 512,
        "height": 512,
        "thumbnail_url": "https://darwin.v7labs.com/api/v2/teams/salvino/files/a73823c3-1292-464f-a9b3-b930eeb66c6b/thumbnail",
        "source_files": [
          {
            "file_name": "conchiglie.4qe89u28.ingestion-5fd995d986-9zbdz.jpg",
            "url": "https://darwin.v7labs.com/api/v2/teams/salvino/uploads/6122477a-2f31-4c4d-8d2e-cace7004914c"
          }
        ]
      }
    ]
  },
  "annotations": [
    {
      "bounding_box": {
        "h": 270.0,
        "w": 276.0,
        "x": 81.0,
        "y": 129.0
      },
      "id": "eced071f-b727-4662-9d07-c00d6deb3ffe",
      "name": "Fusilli",
      "polygon": {
        "paths": [
          [
            {
              "x": 318.0,
              "y": 130.0
            },
            {
              "x": 316.0,
              "y": 129.0
            },
            {
              "x": 308.0,
              "y": 129.0
            },
            {
              "x": 304.0,
              "y": 132.0
            },
            {
              "x": 303.0,
              "y": 132.0
            },
            {
              "x": 300.0,
              "y": 136.0
            },
            {
              "x": 299.0,
              "y": 139.0
            },
            {
              "x": 297.0,
              "y": 141.0
            },
            {
              "x": 297.0,
              "y": 143.0
            },
            {
              "x": 295.0,
              "y": 147.0
            },
            {
              "x": 295.0,
              "y": 151.0
            },
            {
              "x": 291.0,
              "y": 154.0
            },
            {
              "x": 287.0,
              "y": 154.0
            },
            {
              "x": 283.0,
              "y": 156.0
            },
            {
              "x": 279.0,
              "y": 156.0
            },
            {
              "x": 278.0,
              "y": 155.0
            },
            {
              "x": 267.0,
              "y": 155.0
            },
            {
              "x": 266.0,
              "y": 156.0
            },
            {
              "x": 262.0,
              "y": 156.0
            },
            {
              "x": 260.0,
              "y": 158.0
            },
            {
              "x": 259.0,
              "y": 158.0
            },
            {
              "x": 258.0,
              "y": 160.0
            },
            {
              "x": 258.0,
              "y": 168.0
            },
            {
              "x": 259.0,
              "y": 169.0
            },
            {
              "x": 259.0,
              "y": 171.0
            },
            {
              "x": 261.0,
              "y": 173.0
            },
            {
              "x": 261.0,
              "y": 176.0
            },
            {
              "x": 260.0,
              "y": 177.0
            },
            {
              "x": 255.0,
              "y": 177.0
            },
            {
              "x": 254.0,
              "y": 176.0
            },
            {
              "x": 252.0,
              "y": 176.0
            },
            {
              "x": 250.0,
              "y": 174.0
            },
            {
              "x": 246.0,
              "y": 174.0
            },
            {
              "x": 245.0,
              "y": 173.0
            },
            {
              "x": 239.0,
              "y": 173.0
            },
            {
              "x": 238.0,
              "y": 174.0
            },
            {
              "x": 235.0,
              "y": 174.0
            },
            {
              "x": 231.0,
              "y": 179.0
            },
            {
              "x": 231.0,
              "y": 187.0
            },
            {
              "x": 232.0,
              "y": 188.0
            },
            {
              "x": 232.0,
              "y": 192.0
            },
            {
              "x": 234.0,
              "y": 194.0
            },
            {
              "x": 234.0,
              "y": 197.0
            },
            {
              "x": 233.0,
              "y": 198.0
            },
            {
              "x": 229.0,
              "y": 198.0
            },
            {
              "x": 228.0,
              "y": 197.0
            },
            {
              "x": 226.0,
              "y": 197.0
            },
            {
              "x": 220.0,
              "y": 194.0
            },
            {
              "x": 210.0,
              "y": 194.0
            },
            {
              "x": 206.0,
              "y": 197.0
            },
            {
              "x": 205.0,
              "y": 197.0
            },
            {
              "x": 203.0,
              "y": 201.0
            },
            {
              "x": 203.0,
              "y": 205.0
            },
            {
              "x": 204.0,
              "y": 206.0
            },
            {
              "x": 205.0,
              "y": 214.0
            },
            {
              "x": 207.0,
              "y": 216.0
            },
            {
              "x": 207.0,
              "y": 218.0
            },
            {
              "x": 209.0,
              "y": 222.0
            },
            {
              "x": 207.0,
              "y": 224.0
            },
            {
              "x": 201.0,
              "y": 224.0
            },
            {
              "x": 198.0,
              "y": 222.0
            },
            {
              "x": 194.0,
              "y": 222.0
            },
            {
              "x": 193.0,
              "y": 221.0
            },
            {
              "x": 181.0,
              "y": 221.0
            },
            {
              "x": 180.0,
              "y": 222.0
            },
            {
              "x": 178.0,
              "y": 222.0
            },
            {
              "x": 175.0,
              "y": 225.0
            },
            {
              "x": 174.0,
              "y": 227.0
            },
            {
              "x": 174.0,
              "y": 230.0
            },
            {
              "x": 173.0,
              "y": 231.0
            },
            {
              "x": 174.0,
              "y": 233.0
            },
            {
              "x": 174.0,
              "y": 239.0
            },
            {
              "x": 176.0,
              "y": 242.0
            },
            {
              "x": 176.0,
              "y": 244.0
            },
            {
              "x": 178.0,
              "y": 248.0
            },
            {
              "x": 178.0,
              "y": 251.0
            },
            {
              "x": 177.0,
              "y": 252.0
            },
            {
              "x": 171.0,
              "y": 252.0
            },
            {
              "x": 170.0,
              "y": 251.0
            },
            {
              "x": 152.0,
              "y": 251.0
            },
            {
              "x": 151.0,
              "y": 252.0
            },
            {
              "x": 148.0,
              "y": 252.0
            },
            {
              "x": 144.0,
              "y": 256.0
            },
            {
              "x": 143.0,
              "y": 260.0
            },
            {
              "x": 142.0,
              "y": 261.0
            },
            {
              "x": 142.0,
              "y": 271.0
            },
            {
              "x": 143.0,
              "y": 272.0
            },
            {
              "x": 143.0,
              "y": 277.0
            },
            {
              "x": 141.0,
              "y": 279.0
            },
            {
              "x": 129.0,
              "y": 279.0
            },
            {
              "x": 128.0,
              "y": 280.0
            },
            {
              "x": 122.0,
              "y": 280.0
            },
            {
              "x": 116.0,
              "y": 283.0
            },
            {
              "x": 113.0,
              "y": 286.0
            },
            {
              "x": 111.0,
              "y": 290.0
            },
            {
              "x": 111.0,
              "y": 295.0
            },
            {
              "x": 110.0,
              "y": 296.0
            },
            {
              "x": 111.0,
              "y": 298.0
            },
            {
              "x": 111.0,
              "y": 309.0
            },
            {
              "x": 110.0,
              "y": 310.0
            },
            {
              "x": 108.0,
              "y": 310.0
            },
            {
              "x": 104.0,
              "y": 312.0
            },
            {
              "x": 96.0,
              "y": 312.0
            },
            {
              "x": 95.0,
              "y": 313.0
            },
            {
              "x": 93.0,
              "y": 313.0
            },
            {
              "x": 89.0,
              "y": 315.0
            },
            {
              "x": 87.0,
              "y": 317.0
            },
            {
              "x": 87.0,
              "y": 318.0
            },
            {
              "x": 85.0,
              "y": 319.0
            },
            {
              "x": 81.0,
              "y": 327.0
            },
            {
              "x": 81.0,
              "y": 337.0
            },
            {
              "x": 82.0,
              "y": 338.0
            },
            {
              "x": 82.0,
              "y": 342.0
            },
            {
              "x": 84.0,
              "y": 345.0
            },
            {
              "x": 85.0,
              "y": 350.0
            },
            {
              "x": 88.0,
              "y": 354.0
            },
            {
              "x": 88.0,
              "y": 356.0
            },
            {
              "x": 95.0,
              "y": 362.0
            },
            {
              "x": 105.0,
              "y": 362.0
            },
            {
              "x": 106.0,
              "y": 363.0
            },
            {
              "x": 111.0,
              "y": 364.0
            },
            {
              "x": 113.0,
              "y": 366.0
            },
            {
              "x": 121.0,
              "y": 367.0
            },
            {
              "x": 122.0,
              "y": 368.0
            },
            {
              "x": 127.0,
              "y": 369.0
            },
            {
              "x": 130.0,
              "y": 372.0
            },
            {
              "x": 130.0,
              "y": 373.0
            },
            {
              "x": 132.0,
              "y": 374.0
            },
            {
              "x": 133.0,
              "y": 377.0
            },
            {
              "x": 135.0,
              "y": 379.0
            },
            {
              "x": 135.0,
              "y": 381.0
            },
            {
              "x": 136.0,
              "y": 382.0
            },
            {
              "x": 136.0,
              "y": 387.0
            },
            {
              "x": 137.0,
              "y": 388.0
            },
            {
              "x": 136.0,
              "y": 389.0
            },
            {
              "x": 136.0,
              "y": 395.0
            },
            {
              "x": 141.0,
              "y": 399.0
            },
            {
              "x": 144.0,
              "y": 399.0
            },
            {
              "x": 147.0,
              "y": 397.0
            },
            {
              "x": 149.0,
              "y": 397.0
            },
            {
              "x": 149.0,
              "y": 396.0
            },
            {
              "x": 151.0,
              "y": 395.0
            },
            {
              "x": 153.0,
              "y": 390.0
            },
            {
              "x": 155.0,
              "y": 388.0
            },
            {
              "x": 156.0,
              "y": 377.0
            },
            {
              "x": 158.0,
              "y": 375.0
            },
            {
              "x": 158.0,
              "y": 374.0
            },
            {
              "x": 159.0,
              "y": 373.0
            },
            {
              "x": 166.0,
              "y": 373.0
            },
            {
              "x": 169.0,
              "y": 371.0
            },
            {
              "x": 171.0,
              "y": 371.0
            },
            {
              "x": 175.0,
              "y": 369.0
            },
            {
              "x": 180.0,
              "y": 364.0
            },
            {
              "x": 180.0,
              "y": 363.0
            },
            {
              "x": 182.0,
              "y": 362.0
            },
            {
              "x": 185.0,
              "y": 344.0
            },
            {
              "x": 189.0,
              "y": 341.0
            },
            {
              "x": 191.0,
              "y": 341.0
            },
            {
              "x": 192.0,
              "y": 340.0
            },
            {
              "x": 196.0,
              "y": 340.0
            },
            {
              "x": 202.0,
              "y": 337.0
            },
            {
              "x": 210.0,
              "y": 329.0
            },
            {
              "x": 211.0,
              "y": 325.0
            },
            {
              "x": 213.0,
              "y": 322.0
            },
            {
              "x": 213.0,
              "y": 316.0
            },
            {
              "x": 214.0,
              "y": 315.0
            },
            {
              "x": 214.0,
              "y": 313.0
            },
            {
              "x": 215.0,
              "y": 312.0
            },
            {
              "x": 221.0,
              "y": 311.0
            },
            {
              "x": 224.0,
              "y": 309.0
            },
            {
              "x": 226.0,
              "y": 309.0
            },
            {
              "x": 230.0,
              "y": 306.0
            },
            {
              "x": 233.0,
              "y": 305.0
            },
            {
              "x": 234.0,
              "y": 303.0
            },
            {
              "x": 236.0,
              "y": 302.0
            },
            {
              "x": 238.0,
              "y": 298.0
            },
            {
              "x": 238.0,
              "y": 296.0
            },
            {
              "x": 240.0,
              "y": 294.0
            },
            {
              "x": 241.0,
              "y": 288.0
            },
            {
              "x": 244.0,
              "y": 285.0
            },
            {
              "x": 250.0,
              "y": 283.0
            },
            {
              "x": 258.0,
              "y": 277.0
            },
            {
              "x": 262.0,
              "y": 269.0
            },
            {
              "x": 264.0,
              "y": 267.0
            },
            {
              "x": 264.0,
              "y": 263.0
            },
            {
              "x": 267.0,
              "y": 260.0
            },
            {
              "x": 270.0,
              "y": 260.0
            },
            {
              "x": 280.0,
              "y": 255.0
            },
            {
              "x": 288.0,
              "y": 246.0
            },
            {
              "x": 289.0,
              "y": 242.0
            },
            {
              "x": 293.0,
              "y": 237.0
            },
            {
              "x": 295.0,
              "y": 237.0
            },
            {
              "x": 303.0,
              "y": 233.0
            },
            {
              "x": 305.0,
              "y": 233.0
            },
            {
              "x": 315.0,
              "y": 222.0
            },
            {
              "x": 318.0,
              "y": 213.0
            },
            {
              "x": 320.0,
              "y": 212.0
            },
            {
              "x": 321.0,
              "y": 210.0
            },
            {
              "x": 325.0,
              "y": 209.0
            },
            {
              "x": 332.0,
              "y": 203.0
            },
            {
              "x": 335.0,
              "y": 202.0
            },
            {
              "x": 335.0,
              "y": 201.0
            },
            {
              "x": 337.0,
              "y": 200.0
            },
            {
              "x": 347.0,
              "y": 190.0
            },
            {
              "x": 347.0,
              "y": 189.0
            },
            {
              "x": 353.0,
              "y": 182.0
            },
            {
              "x": 353.0,
              "y": 180.0
            },
            {
              "x": 356.0,
              "y": 176.0
            },
            {
              "x": 356.0,
              "y": 174.0
            },
            {
              "x": 357.0,
              "y": 173.0
            },
            {
              "x": 357.0,
              "y": 169.0
            },
            {
              "x": 356.0,
              "y": 167.0
            },
            {
              "x": 352.0,
              "y": 165.0
            },
            {
              "x": 332.0,
              "y": 165.0
            },
            {
              "x": 330.0,
              "y": 164.0
            },
            {
              "x": 328.0,
              "y": 162.0
            },
            {
              "x": 328.0,
              "y": 159.0
            },
            {
              "x": 329.0,
              "y": 158.0
            },
            {
              "x": 329.0,
              "y": 154.0
            },
            {
              "x": 328.0,
              "y": 153.0
            },
            {
              "x": 328.0,
              "y": 147.0
            },
            {
              "x": 326.0,
              "y": 144.0
            },
            {
              "x": 325.0,
              "y": 139.0
            },
            {
              "x": 323.0,
              "y": 137.0
            },
            {
              "x": 322.0,
              "y": 134.0
            }
          ]
        ]
      },
      "properties": [],
      "slot_names": [
        "0"
      ]
    }
  ]
}