{
  "version": "2.0",
  "schema_ref": "https://darwin-public.s3.eu-west-1.amazonaws.com/darwin_json/2.0/schema.json",
  "item": {
    "name": "conchiglie.4qe5gkje.ingestion-5fd995d986-fwdsf.jpg",
    "path": "/",
    "source_info": {
      "item_id": "018ea5b6-3847-aa0f-dacc-cba664ebfffd",
      "dataset": {
        "name": "Pasta",
        "slug": "pasta",
        "dataset_management_url": "https://darwin.v7labs.com/datasets/735230/dataset-management"
      },
      "team": {
        "name": "Salvino",
        "slug": "salvino"
      },
      "workview_url": "https://darwin.v7labs.com/workview?dataset=735230&item=018ea5b6-3847-aa0f-dacc-cba664ebfffd"
    },
    "slots": [
      {
        "type": "image",
        "slot_name": "0",
        "width": 512,
        "height": 512,
        "thumbnail_url": "https://darwin.v7labs.com/api/v2/teams/salvino/files/914fa882-b56f-41c5-be6d-d3bddf4d4200/thumbnail",
        "source_files": [
          {
            "file_name": "conchiglie.4qe5gkje.ingestion-5fd995d986-fwdsf.jpg",
            "url": "https://darwin.v7labs.com/api/v2/teams/salvino/uploads/63150a37-3f93-4bd7-935c-9bdcf7044372"
          }
        ]
      }
    ]
  },
  "annotations": [
    {
      "bounding_box": {
        "h": 99.0,
        "w": 107.0,
        "x": 192.0,
        "y": 188.0
      },
      "id": "2e2417c1-20b9-4026-a70c-2fce28f71d5c",
      "name": "Conchiglie",
      "polygon": {
        "paths": [
          [
            {
              "x": 281.0,
              "y": 190.0
            },
            {
              "x": 279.0,
              "y": 190.0
            },
            {
              "x": 278.0,
              "y": 189.0
            },
            {
              "x": 271.0,
              "y": 189.0
            },
            {
              "x": 270.0,
              "y": 188.0
            },
            {
              "x": 261.0,
              "y": 188.0
            },
            {
              "x": 260.0,
              "y": 189.0
            },
            {
              "x": 256.0,
              "y": 189.0
            },
            {
              "x": 255.0,
              "y": 190.0
            },
            {
              "x": 239.0,
              "y": 190.0
            },
            {
              "x": 238.0,
              "y": 189.0
            },
            {
              "x": 236.0,
              "y": 190.0
            },
            {
              "x": 227.0,
              "y": 190.0
            },
            {
              "x": 226.0,
              "y": 191.0
            },
            {
              "x": 223.0,
              "y": 191.0
            },
            {
              "x": 222.0,
              "y": 192.0
            },
            {
              "x": 219.0,
              "y": 192.0
            },
            {
              "x": 216.0,
              "y": 194.0
            },
            {
              "x": 214.0,
              "y": 194.0
            },
            {
              "x": 212.0,
              "y": 196.0
            },
            {
              "x": 209.0,
              "y": 197.0
            },
            {
              "x": 206.0,
              "y": 200.0
            },
            {
              "x": 203.0,
              "y": 201.0
            },
            {
              "x": 200.0,
              "y": 204.0
            },
            {
              "x": 199.0,
              "y": 207.0
            },
            {
              "x": 195.0,
              "y": 212.0
            },
            {
              "x": 195.0,
              "y": 216.0
            },
            {
              "x": 194.0,
              "y": 217.0
            },
            {
              "x": 194.0,
              "y": 234.0
            },
            {
              "x": 195.0,
              "y": 235.0
            },
            {
              "x": 195.0,
              "y": 239.0
            },
            {
              "x": 196.0,
              "y": 240.0
            },
            {
              "x": 196.0,
              "y": 246.0
            },
            {
              "x": 194.0,
              "y": 248.0
            },
            {
              "x": 192.0,
              "y": 258.0
            },
            {
              "x": 195.0,
              "y": 263.0
            },
            {
              "x": 195.0,
              "y": 265.0
            },
            {
              "x": 197.0,
              "y": 267.0
            },
            {
              "x": 199.0,
              "y": 271.0
            },
            {
              "x": 203.0,
              "y": 275.0
            },
            {
              "x": 204.0,
              "y": 275.0
            },
            {
              "x": 209.0,
              "y": 279.0
            },
            {
              "x": 211.0,
              "y": 279.0
            },
            {
              "x": 215.0,
              "y": 281.0
            },
            {
              "x": 223.0,
              "y": 281.0
            },
            {
              "x": 224.0,
              "y": 280.0
            },
            {
              "x": 227.0,
              "y": 280.0
            },
            {
              "x": 235.0,
              "y": 284.0
            },
            {
              "x": 241.0,
              "y": 285.0
            },
            {
              "x": 242.0,
              "y": 286.0
            },
            {
              "x": 246.0,
              "y": 286.0
            },
            {
              "x": 247.0,
              "y": 287.0
            },
            {
              "x": 259.0,
              "y": 287.0
            },
            {
              "x": 260.0,
              "y": 286.0
            },
            {
              "x": 263.0,
              "y": 286.0
            },
            {
              "x": 264.0,
              "y": 285.0
            },
            {
              "x": 266.0,
              "y": 285.0
            },
            {
              "x": 272.0,
              "y": 282.0
            },
            {
              "x": 276.0,
              "y": 278.0
            },
            {
              "x": 279.0,
              "y": 277.0
            },
            {
              "x": 281.0,
              "y": 273.0
            },
            {
              "x": 286.0,
              "y": 268.0
            },
            {
              "x": 286.0,
              "y": 266.0
            },
            {
              "x": 293.0,
              "y": 256.0
            },
            {
              "x": 295.0,
              "y": 252.0
            },
            {
              "x": 295.0,
              "y": 250.0
            },
            {
              "x": 297.0,
              "y": 246.0
            },
            {
              "x": 297.0,
              "y": 242.0
            },
            {
              "x": 299.0,
              "y": 238.0
            },
            {
              "x": 299.0,
              "y": 232.0
            },
            {
              "x": 298.0,
              "y": 231.0
            },
            {
              "x": 298.0,
              "y": 227.0
            },
            {
              "x": 295.0,
              "y": 221.0
            },
            {
              "x": 295.0,
              "y": 217.0
            },
            {
              "x": 293.0,
              "y": 213.0
            },
            {
              "x": 293.0,
              "y": 205.0
            },
            {
              "x": 290.0,
              "y": 201.0
            },
            {
              "x": 287.0,
              "y": 201.0
            },
            {
              "x": 284.0,
              "y": 198.0
            },
            {
              "x": 283.0,
              "y": 194.0
            },
            {
              "x": 282.0,
              "y": 193.0
            },
            {
              "x": 282.0,
              "y": 191.0
            }
          ]
        ]
      },
      "properties": [],
      "slot_names": [
        "0"
      ]
    }
  ]
}