{
  "version": "2.0",
  "schema_ref": "https://darwin-public.s3.eu-west-1.amazonaws.com/darwin_json/2.0/schema.json",
  "item": {
    "name": "conchiglie.4qe5h4qo.ingestion-5fd995d986-l5rgx.jpg",
    "path": "/",
    "source_info": {
      "item_id": "018ea5b6-3844-af6b-a0cf-185784ac3ebf",
      "dataset": {
        "name": "Pasta",
        "slug": "pasta",
        "dataset_management_url": "https://darwin.v7labs.com/datasets/735230/dataset-management"
      },
      "team": {
        "name": "Salvino",
        "slug": "salvino"
      },
      "workview_url": "https://darwin.v7labs.com/workview?dataset=735230&item=018ea5b6-3844-af6b-a0cf-185784ac3ebf"
    },
    "slots": [
      {
        "type": "image",
        "slot_name": "0",
        "width": 512,
        "height": 512,
        "thumbnail_url": "https://darwin.v7labs.com/api/v2/teams/salvino/files/41b644a6-8496-4d60-8850-6062593983c9/thumbnail",
        "source_files": [
          {
            "file_name": "conchiglie.4qe5h4qo.ingestion-5fd995d986-l5rgx.jpg",
            "url": "https://darwin.v7labs.com/api/v2/teams/salvino/uploads/a4b43c9a-2b3c-4fee-ad52-447f80ae4140"
          }
        ]
      }
    ]
  },
  "annotations": [
    {
      "bounding_box": {
        "h": 109.0,
        "w": 156.0,
        "x": 89.0,
        "y": 198.0
      },
      "id": "b3031692-b40e-49c3-851c-21593a9e61c9",
      "name": "Conchiglie",
      "polygon": {
        "paths": [
          [
            {
              "x": 90.0,
              "y": 256.0
            },
            {
              "x": 90.0,
              "y": 258.0
            },
            {
              "x": 89.0,
              "y": 259.0
            },
            {
              "x": 90.0,
              "y": 279.0
            },
            {
              "x": 93.0,
              "y": 282.0
            },
            {
              "x": 94.0,
              "y": 282.0
            },
            {
              "x": 95.0,
              "y": 284.0
            },
            {
              "x": 99.0,
              "y": 286.0
            },
            {
              "x": 101.0,
              "y": 286.0
            },
            {
              "x": 104.0,
              "y": 288.0
            },
            {
              "x": 108.0,
              "y": 288.0
            },
            {
              "x": 109.0,
              "y": 289.0
            },
            {
              "x": 114.0,
              "y": 288.0
            },
            {
              "x": 115.0,
              "y": 289.0
            },
            {
              "x": 120.0,
              "y": 289.0
            },
            {
              "x": 121.0,
              "y": 290.0
            },
            {
              "x": 124.0,
              "y": 290.0
            },
            {
              "x": 146.0,
              "y": 301.0
            },
            {
              "x": 149.0,
              "y": 301.0
            },
            {
              "x": 153.0,
              "y": 304.0
            },
            {
              "x": 156.0,
              "y": 304.0
            },
            {
              "x": 160.0,
              "y": 306.0
            },
            {
              "x": 166.0,
              "y": 306.0
            },
            {
              "x": 167.0,
              "y": 307.0
            },
            {
              "x": 175.0,
              "y": 307.0
            },
            {
              "x": 176.0,
              "y": 306.0
            },
            {
              "x": 181.0,
              "y": 306.0
            },
            {
              "x": 182.0,
              "y": 305.0
            },
            {
              "x": 187.0,
              "y": 305.0
            },
            {
              "x": 188.0,
              "y": 304.0
            },
            {
              "x": 191.0,
              "y": 304.0
            },
            {
              "x": 192.0,
              "y": 302.0
            },
            {
              "x": 194.0,
              "y": 302.0
            },
            {
              "x": 202.0,
              "y": 298.0
            },
            {
              "x": 203.0,
              "y": 295.0
            },
            {
              "x": 208.0,
              "y": 290.0
            },
            {
              "x": 208.0,
              "y": 289.0
            },
            {
              "x": 211.0,
              "y": 286.0
            },
            {
              "x": 214.0,
              "y": 280.0
            },
            {
              "x": 216.0,
              "y": 278.0
            },
            {
              "x": 217.0,
              "y": 278.0
            },
            {
              "x": 218.0,
              "y": 275.0
            },
            {
              "x": 229.0,
              "y": 264.0
            },
            {
              "x": 235.0,
              "y": 261.0
            },
            {
              "x": 239.0,
              "y": 256.0
            },
            {
              "x": 239.0,
              "y": 255.0
            },
            {
              "x": 241.0,
              "y": 254.0
            },
            {
              "x": 244.0,
              "y": 248.0
            },
            {
              "x": 244.0,
              "y": 246.0
            },
            {
              "x": 245.0,
              "y": 245.0
            },
            {
              "x": 245.0,
              "y": 241.0
            },
            {
              "x": 242.0,
              "y": 237.0
            },
            {
              "x": 241.0,
              "y": 234.0
            },
            {
              "x": 238.0,
              "y": 231.0
            },
            {
              "x": 237.0,
              "y": 228.0
            },
            {
              "x": 234.0,
              "y": 225.0
            },
            {
              "x": 233.0,
              "y": 225.0
            },
            {
              "x": 228.0,
              "y": 221.0
            },
            {
              "x": 226.0,
              "y": 220.0
            },
            {
              "x": 223.0,
              "y": 220.0
            },
            {
              "x": 222.0,
              "y": 219.0
            },
            {
              "x": 218.0,
              "y": 219.0
            },
            {
              "x": 217.0,
              "y": 218.0
            },
            {
              "x": 215.0,
              "y": 218.0
            },
            {
              "x": 213.0,
              "y": 216.0
            },
            {
              "x": 210.0,
              "y": 216.0
            },
            {
              "x": 208.0,
              "y": 214.0
            },
            {
              "x": 203.0,
              "y": 212.0
            },
            {
              "x": 201.0,
              "y": 210.0
            },
            {
              "x": 196.0,
              "y": 208.0
            },
            {
              "x": 194.0,
              "y": 206.0
            },
            {
              "x": 190.0,
              "y": 204.0
            },
            {
              "x": 188.0,
              "y": 204.0
            },
            {
              "x": 184.0,
              "y": 201.0
            },
            {
              "x": 181.0,
              "y": 201.0
            },
            {
              "x": 177.0,
              "y": 199.0
            },
            {
              "x": 171.0,
              "y": 199.0
            },
            {
              "x": 170.0,
              "y": 198.0
            },
            {
              "x": 161.0,
              "y": 198.0
            },
            {
              "x": 160.0,
              "y": 199.0
            },
            {
              "x": 157.0,
              "y": 199.0
            },
            {
              "x": 156.0,
              "y": 200.0
            },
            {
              "x": 152.0,
              "y": 200.0
            },
            {
              "x": 140.0,
              "y": 206.0
            },
            {
              "x": 138.0,
              "y": 206.0
            },
            {
              "x": 136.0,
              "y": 208.0
            },
            {
              "x": 135.0,
              "y": 208.0
            },
            {
              "x": 131.0,
              "y": 213.0
            },
            {
              "x": 129.0,
              "y": 214.0
            },
            {
              "x": 128.0,
              "y": 217.0
            },
            {
              "x": 123.0,
              "y": 222.0
            },
            {
              "x": 123.0,
              "y": 224.0
            },
            {
              "x": 117.0,
              "y": 229.0
            },
            {
              "x": 117.0,
              "y": 230.0
            },
            {
              "x": 110.0,
              "y": 237.0
            },
            {
              "x": 110.0,
              "y": 238.0
            },
            {
              "x": 105.0,
              "y": 243.0
            },
            {
              "x": 104.0,
              "y": 243.0
            },
            {
              "x": 104.0,
              "y": 244.0
            },
            {
              "x": 102.0,
              "y": 246.0
            },
            {
              "x": 98.0,
              "y": 248.0
            },
            {
              "x": 97.0,
              "y": 250.0
            },
            {
              "x": 95.0,
              "y": 252.0
            },
            {
              "x": 94.0,
              "y": 252.0
            }
          ]
        ]
      },
      "properties": [],
      "slot_names": [
        "0"
      ]
    }
  ]
}