{
  "version": "2.0",
  "schema_ref": "https://darwin-public.s3.eu-west-1.amazonaws.com/darwin_json/2.0/schema.json",
  "item": {
    "name": "conchiglie.4qe89o0s.ingestion-5fd995d986-fwdsf.jpg",
    "path": "/",
    "source_info": {
      "item_id": "018ea5b6-384c-3c5e-f691-11f703020a7d",
      "dataset": {
        "name": "Pasta",
        "slug": "pasta",
        "dataset_management_url": "https://darwin.v7labs.com/datasets/735230/dataset-management"
      },
      "team": {
        "name": "Salvino",
        "slug": "salvino"
      },
      "workview_url": "https://darwin.v7labs.com/workview?dataset=735230&item=018ea5b6-384c-3c5e-f691-11f703020a7d"
    },
    "slots": [
      {
        "type": "image",
        "slot_name": "0",
        "width": 512,
        "height": 512,
        "thumbnail_url": "https://darwin.v7labs.com/api/v2/teams/salvino/files/4a511118-4a58-4678-abdb-8daebf76522e/thumbnail",
        "source_files": [
          {
            "file_name": "conchiglie.4qe89o0s.ingestion-5fd995d986-fwdsf.jpg",
            "url": "https://darwin.v7labs.com/api/v2/teams/salvino/uploads/6e817489-f857-48cf-9596-ac6b57c30e34"
          }
        ]
      }
    ]
  },
  "annotations": [
    {
      "bounding_box": {
        "h": 223.0,
        "w": 238.0,
        "x": 108.0,
        "y": 63.0
      },
      "id": "17972cf3-5175-4bc2-974f-2d856815b499",
      "name": "Fusilli",
      "polygon": {
        "paths": [
          [
            {
              "x": 140.0,
              "y": 63.0
            },
            {
              "x": 137.0,
              "y": 67.0
            },
            {
              "x": 137.0,
              "y": 75.0
            },
            {
              "x": 138.0,
              "y": 76.0
            },
            {
              "x": 137.0,
              "y": 88.0
            },
            {
              "x": 136.0,
              "y": 89.0
            },
            {
              "x": 125.0,
              "y": 90.0
            },
            {
              "x": 124.0,
              "y": 91.0
            },
            {
              "x": 122.0,
              "y": 91.0
            },
            {
              "x": 121.0,
              "y": 92.0
            },
            {
              "x": 119.0,
              "y": 92.0
            },
            {
              "x": 118.0,
              "y": 93.0
            },
            {
              "x": 114.0,
              "y": 94.0
            },
            {
              "x": 114.0,
              "y": 95.0
            },
            {
              "x": 112.0,
              "y": 96.0
            },
            {
              "x": 108.0,
              "y": 103.0
            },
            {
              "x": 108.0,
              "y": 106.0
            },
            {
              "x": 109.0,
              "y": 108.0
            },
            {
              "x": 114.0,
              "y": 113.0
            },
            {
              "x": 115.0,
              "y": 113.0
            },
            {
              "x": 117.0,
              "y": 115.0
            },
            {
              "x": 119.0,
              "y": 115.0
            },
            {
              "x": 120.0,
              "y": 116.0
            },
            {
              "x": 124.0,
              "y": 117.0
            },
            {
              "x": 128.0,
              "y": 122.0
            },
            {
              "x": 129.0,
              "y": 124.0
            },
            {
              "x": 129.0,
              "y": 127.0
            },
            {
              "x": 130.0,
              "y": 128.0
            },
            {
              "x": 130.0,
              "y": 132.0
            },
            {
              "x": 131.0,
              "y": 133.0
            },
            {
              "x": 131.0,
              "y": 140.0
            },
            {
              "x": 132.0,
              "y": 141.0
            },
            {
              "x": 134.0,
              "y": 149.0
            },
            {
              "x": 138.0,
              "y": 152.0
            },
            {
              "x": 143.0,
              "y": 152.0
            },
            {
              "x": 146.0,
              "y": 150.0
            },
            {
              "x": 152.0,
              "y": 149.0
            },
            {
              "x": 153.0,
              "y": 150.0
            },
            {
              "x": 153.0,
              "y": 152.0
            },
            {
              "x": 151.0,
              "y": 156.0
            },
            {
              "x": 151.0,
              "y": 169.0
            },
            {
              "x": 152.0,
              "y": 171.0
            },
            {
              "x": 156.0,
              "y": 174.0
            },
            {
              "x": 162.0,
              "y": 174.0
            },
            {
              "x": 163.0,
              "y": 173.0
            },
            {
              "x": 166.0,
              "y": 173.0
            },
            {
              "x": 170.0,
              "y": 171.0
            },
            {
              "x": 173.0,
              "y": 171.0
            },
            {
              "x": 174.0,
              "y": 172.0
            },
            {
              "x": 174.0,
              "y": 174.0
            },
            {
              "x": 172.0,
              "y": 178.0
            },
            {
              "x": 172.0,
              "y": 182.0
            },
            {
              "x": 171.0,
              "y": 183.0
            },
            {
              "x": 172.0,
              "y": 185.0
            },
            {
              "x": 172.0,
              "y": 192.0
            },
            {
              "x": 174.0,
              "y": 194.0
            },
            {
              "x": 174.0,
              "y": 195.0
            },
            {
              "x": 178.0,
              "y": 196.0
            },
            {
              "x": 179.0,
              "y": 197.0
            },
            {
              "x": 181.0,
              "y": 197.0
            },
            {
              "x": 182.0,
              "y": 196.0
            },
            {
              "x": 185.0,
              "y": 196.0
            },
            {
              "x": 188.0,
              "y": 194.0
            },
            {
              "x": 190.0,
              "y": 194.0
            },
            {
              "x": 195.0,
              "y": 191.0
            },
            {
              "x": 198.0,
              "y": 191.0
            },
            {
              "x": 199.0,
              "y": 192.0
            },
            {
              "x": 199.0,
              "y": 194.0
            },
            {
              "x": 198.0,
              "y": 195.0
            },
            {
              "x": 198.0,
              "y": 200.0
            },
            {
              "x": 197.0,
              "y": 201.0
            },
            {
              "x": 197.0,
              "y": 209.0
            },
            {
              "x": 198.0,
              "y": 210.0
            },
            {
              "x": 198.0,
              "y": 214.0
            },
            {
              "x": 199.0,
              "y": 216.0
            },
            {
              "x": 204.0,
              "y": 220.0
            },
            {
              "x": 210.0,
              "y": 220.0
            },
            {
              "x": 215.0,
              "y": 217.0
            },
            {
              "x": 217.0,
              "y": 217.0
            },
            {
              "x": 222.0,
              "y": 214.0
            },
            {
              "x": 224.0,
              "y": 214.0
            },
            {
              "x": 225.0,
              "y": 215.0
            },
            {
              "x": 225.0,
              "y": 218.0
            },
            {
              "x": 224.0,
              "y": 219.0
            },
            {
              "x": 224.0,
              "y": 229.0
            },
            {
              "x": 225.0,
              "y": 230.0
            },
            {
              "x": 225.0,
              "y": 235.0
            },
            {
              "x": 227.0,
              "y": 239.0
            },
            {
              "x": 230.0,
              "y": 242.0
            },
            {
              "x": 232.0,
              "y": 242.0
            },
            {
              "x": 233.0,
              "y": 243.0
            },
            {
              "x": 243.0,
              "y": 242.0
            },
            {
              "x": 247.0,
              "y": 240.0
            },
            {
              "x": 249.0,
              "y": 242.0
            },
            {
              "x": 249.0,
              "y": 251.0
            },
            {
              "x": 250.0,
              "y": 252.0
            },
            {
              "x": 251.0,
              "y": 257.0
            },
            {
              "x": 253.0,
              "y": 259.0
            },
            {
              "x": 254.0,
              "y": 262.0
            },
            {
              "x": 259.0,
              "y": 265.0
            },
            {
              "x": 267.0,
              "y": 265.0
            },
            {
              "x": 268.0,
              "y": 264.0
            },
            {
              "x": 274.0,
              "y": 263.0
            },
            {
              "x": 276.0,
              "y": 265.0
            },
            {
              "x": 276.0,
              "y": 268.0
            },
            {
              "x": 277.0,
              "y": 269.0
            },
            {
              "x": 278.0,
              "y": 276.0
            },
            {
              "x": 280.0,
              "y": 280.0
            },
            {
              "x": 283.0,
              "y": 283.0
            },
            {
              "x": 287.0,
              "y": 285.0
            },
            {
              "x": 290.0,
              "y": 285.0
            },
            {
              "x": 291.0,
              "y": 286.0
            },
            {
              "x": 294.0,
              "y": 286.0
            },
            {
              "x": 295.0,
              "y": 285.0
            },
            {
              "x": 300.0,
              "y": 285.0
            },
            {
              "x": 301.0,
              "y": 284.0
            },
            {
              "x": 306.0,
              "y": 283.0
            },
            {
              "x": 309.0,
              "y": 280.0
            },
            {
              "x": 314.0,
              "y": 278.0
            },
            {
              "x": 321.0,
              "y": 272.0
            },
            {
              "x": 321.0,
              "y": 266.0
            },
            {
              "x": 320.0,
              "y": 265.0
            },
            {
              "x": 320.0,
              "y": 262.0
            },
            {
              "x": 319.0,
              "y": 261.0
            },
            {
              "x": 319.0,
              "y": 257.0
            },
            {
              "x": 321.0,
              "y": 253.0
            },
            {
              "x": 323.0,
              "y": 251.0
            },
            {
              "x": 323.0,
              "y": 250.0
            },
            {
              "x": 331.0,
              "y": 243.0
            },
            {
              "x": 342.0,
              "y": 240.0
            },
            {
              "x": 346.0,
              "y": 236.0
            },
            {
              "x": 346.0,
              "y": 231.0
            },
            {
              "x": 345.0,
              "y": 229.0
            },
            {
              "x": 344.0,
              "y": 229.0
            },
            {
              "x": 342.0,
              "y": 227.0
            },
            {
              "x": 340.0,
              "y": 227.0
            },
            {
              "x": 336.0,
              "y": 225.0
            },
            {
              "x": 330.0,
              "y": 225.0
            },
            {
              "x": 328.0,
              "y": 224.0
            },
            {
              "x": 325.0,
              "y": 221.0
            },
            {
              "x": 325.0,
              "y": 217.0
            },
            {
              "x": 322.0,
              "y": 211.0
            },
            {
              "x": 315.0,
              "y": 205.0
            },
            {
              "x": 309.0,
              "y": 204.0
            },
            {
              "x": 308.0,
              "y": 203.0
            },
            {
              "x": 300.0,
              "y": 203.0
            },
            {
              "x": 298.0,
              "y": 201.0
            },
            {
              "x": 298.0,
              "y": 198.0
            },
            {
              "x": 297.0,
              "y": 197.0
            },
            {
              "x": 297.0,
              "y": 195.0
            },
            {
              "x": 295.0,
              "y": 191.0
            },
            {
              "x": 290.0,
              "y": 186.0
            },
            {
              "x": 282.0,
              "y": 182.0
            },
            {
              "x": 277.0,
              "y": 182.0
            },
            {
              "x": 276.0,
              "y": 181.0
            },
            {
              "x": 274.0,
              "y": 181.0
            },
            {
              "x": 271.0,
              "y": 177.0
            },
            {
              "x": 271.0,
              "y": 175.0
            },
            {
              "x": 269.0,
              "y": 171.0
            },
            {
              "x": 264.0,
              "y": 165.0
            },
            {
              "x": 263.0,
              "y": 165.0
            },
            {
              "x": 258.0,
              "y": 161.0
            },
            {
              "x": 256.0,
              "y": 161.0
            },
            {
              "x": 255.0,
              "y": 160.0
            },
            {
              "x": 251.0,
              "y": 160.0
            },
            {
              "x": 249.0,
              "y": 159.0
            },
            {
              "x": 247.0,
              "y": 157.0
            },
            {
              "x": 244.0,
              "y": 150.0
            },
            {
              "x": 240.0,
              "y": 146.0
            },
            {
              "x": 233.0,
              "y": 142.0
            },
            {
              "x": 228.0,
              "y": 141.0
            },
            {
              "x": 225.0,
              "y": 138.0
            },
            {
              "x": 223.0,
              "y": 132.0
            },
            {
              "x": 215.0,
              "y": 123.0
            },
            {
              "x": 209.0,
              "y": 120.0
            },
            {
              "x": 205.0,
              "y": 119.0
            },
            {
              "x": 203.0,
              "y": 117.0
            },
            {
              "x": 199.0,
              "y": 107.0
            },
            {
              "x": 192.0,
              "y": 100.0
            },
            {
              "x": 188.0,
              "y": 99.0
            },
            {
              "x": 187.0,
              "y": 98.0
            },
            {
              "x": 185.0,
              "y": 98.0
            },
            {
              "x": 184.0,
              "y": 97.0
            },
            {
              "x": 181.0,
              "y": 97.0
            },
            {
              "x": 178.0,
              "y": 94.0
            },
            {
              "x": 175.0,
              "y": 88.0
            },
            {
              "x": 172.0,
              "y": 85.0
            },
            {
              "x": 172.0,
              "y": 84.0
            },
            {
              "x": 168.0,
              "y": 79.0
            },
            {
              "x": 167.0,
              "y": 79.0
            },
            {
              "x": 164.0,
              "y": 76.0
            },
            {
              "x": 163.0,
              "y": 76.0
            },
            {
              "x": 154.0,
              "y": 68.0
            },
            {
              "x": 143.0,
              "y": 63.0
            }
          ]
        ]
      },
      "properties": [],
      "slot_names": [
        "0"
      ]
    }
  ]
}