{
  "version": "2.0",
  "schema_ref": "https://darwin-public.s3.eu-west-1.amazonaws.com/darwin_json/2.0/schema.json",
  "item": {
    "name": "conchiglie.4qe85v20.ingestion-5fd995d986-9zbdz.jpg",
    "path": "/",
    "source_info": {
      "item_id": "018ea5b6-384a-d140-d6c9-5dd39a83d26c",
      "dataset": {
        "name": "Pasta",
        "slug": "pasta",
        "dataset_management_url": "https://darwin.v7labs.com/datasets/735230/dataset-management"
      },
      "team": {
        "name": "Salvino",
        "slug": "salvino"
      },
      "workview_url": "https://darwin.v7labs.com/workview?dataset=735230&item=018ea5b6-384a-d140-d6c9-5dd39a83d26c"
    },
    "slots": [
      {
        "type": "image",
        "slot_name": "0",
        "width": 512,
        "height": 512,
        "thumbnail_url": "https://darwin.v7labs.com/api/v2/teams/salvino/files/b9840f8b-d51c-4520-b535-92171c0d7287/thumbnail",
        "source_files": [
          {
            "file_name": "conchiglie.4qe85v20.ingestion-5fd995d986-9zbdz.jpg",
            "url": "https://darwin.v7labs.com/api/v2/teams/salvino/uploads/c6425467-e289-43d8-9941-1d5f0f2c2d80"
          }
        ]
      }
    ]
  },
  "annotations": [
    {
      "bounding_box": {
        "h": 150.0,
        "w": 162.0,
        "x": 121.0,
        "y": 160.0
      },
      "id": "84570088-4903-45ee-bb58-b4631d2e046d",
      "name": "Farfalle",
      "polygon": {
        "paths": [
          [
            {
              "x": 180.0,
              "y": 160.0
            },
            {
              "x": 176.0,
              "y": 162.0
            },
            {
              "x": 175.0,
              "y": 164.0
            },
            {
              "x": 175.0,
              "y": 169.0
            },
            {
              "x": 173.0,
              "y": 171.0
            },
            {
              "x": 172.0,
              "y": 170.0
            },
            {
              "x": 169.0,
              "y": 170.0
            },
            {
              "x": 168.0,
              "y": 169.0
            },
            {
              "x": 162.0,
              "y": 169.0
            },
            {
              "x": 160.0,
              "y": 172.0
            },
            {
              "x": 160.0,
              "y": 179.0
            },
            {
              "x": 159.0,
              "y": 180.0
            },
            {
              "x": 147.0,
              "y": 180.0
            },
            {
              "x": 145.0,
              "y": 183.0
            },
            {
              "x": 145.0,
              "y": 185.0
            },
            {
              "x": 147.0,
              "y": 188.0
            },
            {
              "x": 147.0,
              "y": 191.0
            },
            {
              "x": 148.0,
              "y": 192.0
            },
            {
              "x": 147.0,
              "y": 194.0
            },
            {
              "x": 146.0,
              "y": 195.0
            },
            {
              "x": 139.0,
              "y": 195.0
            },
            {
              "x": 134.0,
              "y": 199.0
            },
            {
              "x": 135.0,
              "y": 202.0
            },
            {
              "x": 137.0,
              "y": 203.0
            },
            {
              "x": 139.0,
              "y": 207.0
            },
            {
              "x": 136.0,
              "y": 210.0
            },
            {
              "x": 128.0,
              "y": 211.0
            },
            {
              "x": 125.0,
              "y": 214.0
            },
            {
              "x": 126.0,
              "y": 216.0
            },
            {
              "x": 132.0,
              "y": 222.0
            },
            {
              "x": 132.0,
              "y": 225.0
            },
            {
              "x": 128.0,
              "y": 228.0
            },
            {
              "x": 126.0,
              "y": 228.0
            },
            {
              "x": 123.0,
              "y": 231.0
            },
            {
              "x": 122.0,
              "y": 231.0
            },
            {
              "x": 122.0,
              "y": 235.0
            },
            {
              "x": 126.0,
              "y": 237.0
            },
            {
              "x": 130.0,
              "y": 241.0
            },
            {
              "x": 130.0,
              "y": 243.0
            },
            {
              "x": 126.0,
              "y": 246.0
            },
            {
              "x": 125.0,
              "y": 246.0
            },
            {
              "x": 121.0,
              "y": 250.0
            },
            {
              "x": 121.0,
              "y": 255.0
            },
            {
              "x": 125.0,
              "y": 260.0
            },
            {
              "x": 127.0,
              "y": 260.0
            },
            {
              "x": 128.0,
              "y": 261.0
            },
            {
              "x": 161.0,
              "y": 261.0
            },
            {
              "x": 162.0,
              "y": 260.0
            },
            {
              "x": 169.0,
              "y": 260.0
            },
            {
              "x": 173.0,
              "y": 258.0
            },
            {
              "x": 177.0,
              "y": 258.0
            },
            {
              "x": 181.0,
              "y": 255.0
            },
            {
              "x": 183.0,
              "y": 255.0
            },
            {
              "x": 185.0,
              "y": 253.0
            },
            {
              "x": 187.0,
              "y": 253.0
            },
            {
              "x": 190.0,
              "y": 250.0
            },
            {
              "x": 192.0,
              "y": 250.0
            },
            {
              "x": 195.0,
              "y": 248.0
            },
            {
              "x": 198.0,
              "y": 248.0
            },
            {
              "x": 202.0,
              "y": 251.0
            },
            {
              "x": 201.0,
              "y": 257.0
            },
            {
              "x": 200.0,
              "y": 258.0
            },
            {
              "x": 200.0,
              "y": 270.0
            },
            {
              "x": 202.0,
              "y": 273.0
            },
            {
              "x": 203.0,
              "y": 278.0
            },
            {
              "x": 206.0,
              "y": 281.0
            },
            {
              "x": 206.0,
              "y": 282.0
            },
            {
              "x": 208.0,
              "y": 284.0
            },
            {
              "x": 208.0,
              "y": 286.0
            },
            {
              "x": 211.0,
              "y": 289.0
            },
            {
              "x": 211.0,
              "y": 290.0
            },
            {
              "x": 216.0,
              "y": 296.0
            },
            {
              "x": 216.0,
              "y": 297.0
            },
            {
              "x": 221.0,
              "y": 302.0
            },
            {
              "x": 223.0,
              "y": 306.0
            },
            {
              "x": 224.0,
              "y": 306.0
            },
            {
              "x": 229.0,
              "y": 310.0
            },
            {
              "x": 233.0,
              "y": 310.0
            },
            {
              "x": 237.0,
              "y": 308.0
            },
            {
              "x": 239.0,
              "y": 306.0
            },
            {
              "x": 239.0,
              "y": 296.0
            },
            {
              "x": 241.0,
              "y": 293.0
            },
            {
              "x": 243.0,
              "y": 293.0
            },
            {
              "x": 249.0,
              "y": 296.0
            },
            {
              "x": 251.0,
              "y": 296.0
            },
            {
              "x": 253.0,
              "y": 294.0
            },
            {
              "x": 253.0,
              "y": 283.0
            },
            {
              "x": 255.0,
              "y": 281.0
            },
            {
              "x": 264.0,
              "y": 281.0
            },
            {
              "x": 266.0,
              "y": 279.0
            },
            {
              "x": 266.0,
              "y": 275.0
            },
            {
              "x": 265.0,
              "y": 274.0
            },
            {
              "x": 265.0,
              "y": 271.0
            },
            {
              "x": 264.0,
              "y": 270.0
            },
            {
              "x": 265.0,
              "y": 269.0
            },
            {
              "x": 265.0,
              "y": 267.0
            },
            {
              "x": 268.0,
              "y": 265.0
            },
            {
              "x": 273.0,
              "y": 265.0
            },
            {
              "x": 275.0,
              "y": 263.0
            },
            {
              "x": 275.0,
              "y": 259.0
            },
            {
              "x": 272.0,
              "y": 256.0
            },
            {
              "x": 271.0,
              "y": 253.0
            },
            {
              "x": 274.0,
              "y": 249.0
            },
            {
              "x": 280.0,
              "y": 247.0
            },
            {
              "x": 281.0,
              "y": 245.0
            },
            {
              "x": 280.0,
              "y": 241.0
            },
            {
              "x": 279.0,
              "y": 241.0
            },
            {
              "x": 275.0,
              "y": 236.0
            },
            {
              "x": 275.0,
              "y": 233.0
            },
            {
              "x": 279.0,
              "y": 230.0
            },
            {
              "x": 280.0,
              "y": 230.0
            },
            {
              "x": 283.0,
              "y": 227.0
            },
            {
              "x": 283.0,
              "y": 224.0
            },
            {
              "x": 279.0,
              "y": 221.0
            },
            {
              "x": 277.0,
              "y": 221.0
            },
            {
              "x": 275.0,
              "y": 219.0
            },
            {
              "x": 275.0,
              "y": 216.0
            },
            {
              "x": 277.0,
              "y": 214.0
            },
            {
              "x": 281.0,
              "y": 212.0
            },
            {
              "x": 282.0,
              "y": 210.0
            },
            {
              "x": 282.0,
              "y": 206.0
            },
            {
              "x": 280.0,
              "y": 203.0
            },
            {
              "x": 278.0,
              "y": 203.0
            },
            {
              "x": 277.0,
              "y": 202.0
            },
            {
              "x": 271.0,
              "y": 202.0
            },
            {
              "x": 270.0,
              "y": 201.0
            },
            {
              "x": 261.0,
              "y": 201.0
            },
            {
              "x": 260.0,
              "y": 202.0
            },
            {
              "x": 250.0,
              "y": 202.0
            },
            {
              "x": 249.0,
              "y": 203.0
            },
            {
              "x": 244.0,
              "y": 203.0
            },
            {
              "x": 240.0,
              "y": 205.0
            },
            {
              "x": 237.0,
              "y": 205.0
            },
            {
              "x": 231.0,
              "y": 208.0
            },
            {
              "x": 228.0,
              "y": 211.0
            },
            {
              "x": 227.0,
              "y": 211.0
            },
            {
              "x": 220.0,
              "y": 217.0
            },
            {
              "x": 219.0,
              "y": 217.0
            },
            {
              "x": 215.0,
              "y": 214.0
            },
            {
              "x": 213.0,
              "y": 214.0
            },
            {
              "x": 211.0,
              "y": 212.0
            },
            {
              "x": 211.0,
              "y": 205.0
            },
            {
              "x": 212.0,
              "y": 203.0
            },
            {
              "x": 211.0,
              "y": 202.0
            },
            {
              "x": 210.0,
              "y": 192.0
            },
            {
              "x": 207.0,
              "y": 187.0
            },
            {
              "x": 207.0,
              "y": 185.0
            },
            {
              "x": 202.0,
              "y": 179.0
            },
            {
              "x": 199.0,
              "y": 173.0
            },
            {
              "x": 198.0,
              "y": 173.0
            },
            {
              "x": 194.0,
              "y": 168.0
            },
            {
              "x": 192.0,
              "y": 164.0
            },
            {
              "x": 187.0,
              "y": 160.0
            }
          ]
        ]
      },
      "properties": [],
      "slot_names": [
        "0"
      ]
    }
  ]
}