{
  "version": "2.0",
  "schema_ref": "https://darwin-public.s3.eu-west-1.amazonaws.com/darwin_json/2.0/schema.json",
  "item": {
    "name": "conchiglie.4qe87jir.ingestion-5fd995d986-l5rgx.jpg",
    "path": "/",
    "source_info": {
      "item_id": "018ea5b6-384b-6f67-7d63-e24a5db35847",
      "dataset": {
        "name": "Pasta",
        "slug": "pasta",
        "dataset_management_url": "https://darwin.v7labs.com/datasets/735230/dataset-management"
      },
      "team": {
        "name": "Salvino",
        "slug": "salvino"
      },
      "workview_url": "https://darwin.v7labs.com/workview?dataset=735230&item=018ea5b6-384b-6f67-7d63-e24a5db35847"
    },
    "slots": [
      {
        "type": "image",
        "slot_name": "0",
        "width": 512,
        "height": 512,
        "thumbnail_url": "https://darwin.v7labs.com/api/v2/teams/salvino/files/06fef795-5925-48bf-84b6-dcf98245df9e/thumbnail",
        "source_files": [
          {
            "file_name": "conchiglie.4qe87jir.ingestion-5fd995d986-l5rgx.jpg",
            "url": "https://darwin.v7labs.com/api/v2/teams/salvino/uploads/4cccb87f-6dc6-4bc7-85b3-c5ab278f4794"
          }
        ]
      }
    ]
  },
  "annotations": [
    {
      "bounding_box": {
        "h": 160.0,
        "w": 162.0,
        "x": 81.0,
        "y": 214.0
      },
      "id": "8cfddaef-85c5-4e1e-a670-962a99852b3f",
      "name": "Farfalle",
      "polygon": {
        "paths": [
          [
            {
              "x": 206.0,
              "y": 218.0
            },
            {
              "x": 201.0,
              "y": 218.0
            },
            {
              "x": 194.0,
              "y": 224.0
            },
            {
              "x": 191.0,
              "y": 224.0
            },
            {
              "x": 189.0,
              "y": 222.0
            },
            {
              "x": 188.0,
              "y": 218.0
            },
            {
              "x": 186.0,
              "y": 216.0
            },
            {
              "x": 186.0,
              "y": 215.0
            },
            {
              "x": 183.0,
              "y": 215.0
            },
            {
              "x": 181.0,
              "y": 216.0
            },
            {
              "x": 176.0,
              "y": 221.0
            },
            {
              "x": 172.0,
              "y": 221.0
            },
            {
              "x": 166.0,
              "y": 214.0
            },
            {
              "x": 162.0,
              "y": 214.0
            },
            {
              "x": 157.0,
              "y": 219.0
            },
            {
              "x": 156.0,
              "y": 221.0
            },
            {
              "x": 154.0,
              "y": 221.0
            },
            {
              "x": 153.0,
              "y": 222.0
            },
            {
              "x": 148.0,
              "y": 220.0
            },
            {
              "x": 147.0,
              "y": 218.0
            },
            {
              "x": 145.0,
              "y": 217.0
            },
            {
              "x": 142.0,
              "y": 217.0
            },
            {
              "x": 140.0,
              "y": 219.0
            },
            {
              "x": 139.0,
              "y": 222.0
            },
            {
              "x": 135.0,
              "y": 226.0
            },
            {
              "x": 131.0,
              "y": 226.0
            },
            {
              "x": 128.0,
              "y": 224.0
            },
            {
              "x": 122.0,
              "y": 224.0
            },
            {
              "x": 122.0,
              "y": 225.0
            },
            {
              "x": 120.0,
              "y": 227.0
            },
            {
              "x": 119.0,
              "y": 232.0
            },
            {
              "x": 116.0,
              "y": 234.0
            },
            {
              "x": 113.0,
              "y": 234.0
            },
            {
              "x": 112.0,
              "y": 233.0
            },
            {
              "x": 109.0,
              "y": 233.0
            },
            {
              "x": 108.0,
              "y": 232.0
            },
            {
              "x": 103.0,
              "y": 232.0
            },
            {
              "x": 102.0,
              "y": 233.0
            },
            {
              "x": 102.0,
              "y": 242.0
            },
            {
              "x": 100.0,
              "y": 244.0
            },
            {
              "x": 97.0,
              "y": 244.0
            },
            {
              "x": 93.0,
              "y": 242.0
            },
            {
              "x": 86.0,
              "y": 242.0
            },
            {
              "x": 82.0,
              "y": 245.0
            },
            {
              "x": 81.0,
              "y": 247.0
            },
            {
              "x": 81.0,
              "y": 250.0
            },
            {
              "x": 82.0,
              "y": 251.0
            },
            {
              "x": 83.0,
              "y": 255.0
            },
            {
              "x": 84.0,
              "y": 255.0
            },
            {
              "x": 86.0,
              "y": 257.0
            },
            {
              "x": 86.0,
              "y": 258.0
            },
            {
              "x": 101.0,
              "y": 273.0
            },
            {
              "x": 102.0,
              "y": 273.0
            },
            {
              "x": 106.0,
              "y": 277.0
            },
            {
              "x": 108.0,
              "y": 277.0
            },
            {
              "x": 110.0,
              "y": 279.0
            },
            {
              "x": 114.0,
              "y": 280.0
            },
            {
              "x": 115.0,
              "y": 281.0
            },
            {
              "x": 117.0,
              "y": 281.0
            },
            {
              "x": 118.0,
              "y": 282.0
            },
            {
              "x": 130.0,
              "y": 283.0
            },
            {
              "x": 133.0,
              "y": 285.0
            },
            {
              "x": 136.0,
              "y": 285.0
            },
            {
              "x": 138.0,
              "y": 287.0
            },
            {
              "x": 138.0,
              "y": 288.0
            },
            {
              "x": 134.0,
              "y": 292.0
            },
            {
              "x": 134.0,
              "y": 294.0
            },
            {
              "x": 124.0,
              "y": 304.0
            },
            {
              "x": 124.0,
              "y": 305.0
            },
            {
              "x": 122.0,
              "y": 306.0
            },
            {
              "x": 121.0,
              "y": 309.0
            },
            {
              "x": 116.0,
              "y": 316.0
            },
            {
              "x": 116.0,
              "y": 318.0
            },
            {
              "x": 113.0,
              "y": 322.0
            },
            {
              "x": 112.0,
              "y": 327.0
            },
            {
              "x": 110.0,
              "y": 329.0
            },
            {
              "x": 110.0,
              "y": 332.0
            },
            {
              "x": 109.0,
              "y": 333.0
            },
            {
              "x": 109.0,
              "y": 335.0
            },
            {
              "x": 106.0,
              "y": 341.0
            },
            {
              "x": 106.0,
              "y": 345.0
            },
            {
              "x": 104.0,
              "y": 347.0
            },
            {
              "x": 103.0,
              "y": 355.0
            },
            {
              "x": 101.0,
              "y": 357.0
            },
            {
              "x": 101.0,
              "y": 359.0
            },
            {
              "x": 103.0,
              "y": 361.0
            },
            {
              "x": 104.0,
              "y": 364.0
            },
            {
              "x": 114.0,
              "y": 369.0
            },
            {
              "x": 116.0,
              "y": 371.0
            },
            {
              "x": 116.0,
              "y": 372.0
            },
            {
              "x": 118.0,
              "y": 372.0
            },
            {
              "x": 119.0,
              "y": 374.0
            },
            {
              "x": 121.0,
              "y": 374.0
            },
            {
              "x": 121.0,
              "y": 373.0
            },
            {
              "x": 118.0,
              "y": 369.0
            },
            {
              "x": 118.0,
              "y": 364.0
            },
            {
              "x": 120.0,
              "y": 363.0
            },
            {
              "x": 121.0,
              "y": 361.0
            },
            {
              "x": 124.0,
              "y": 359.0
            },
            {
              "x": 125.0,
              "y": 359.0
            },
            {
              "x": 128.0,
              "y": 362.0
            },
            {
              "x": 128.0,
              "y": 364.0
            },
            {
              "x": 130.0,
              "y": 367.0
            },
            {
              "x": 130.0,
              "y": 369.0
            },
            {
              "x": 132.0,
              "y": 371.0
            },
            {
              "x": 136.0,
              "y": 371.0
            },
            {
              "x": 140.0,
              "y": 367.0
            },
            {
              "x": 141.0,
              "y": 367.0
            },
            {
              "x": 141.0,
              "y": 366.0
            },
            {
              "x": 145.0,
              "y": 362.0
            },
            {
              "x": 148.0,
              "y": 362.0
            },
            {
              "x": 150.0,
              "y": 363.0
            },
            {
              "x": 153.0,
              "y": 367.0
            },
            {
              "x": 153.0,
              "y": 368.0
            },
            {
              "x": 156.0,
              "y": 371.0
            },
            {
              "x": 160.0,
              "y": 371.0
            },
            {
              "x": 165.0,
              "y": 366.0
            },
            {
              "x": 165.0,
              "y": 363.0
            },
            {
              "x": 169.0,
              "y": 358.0
            },
            {
              "x": 171.0,
              "y": 358.0
            },
            {
              "x": 178.0,
              "y": 364.0
            },
            {
              "x": 183.0,
              "y": 364.0
            },
            {
              "x": 185.0,
              "y": 363.0
            },
            {
              "x": 186.0,
              "y": 359.0
            },
            {
              "x": 187.0,
              "y": 358.0
            },
            {
              "x": 187.0,
              "y": 356.0
            },
            {
              "x": 188.0,
              "y": 355.0
            },
            {
              "x": 188.0,
              "y": 353.0
            },
            {
              "x": 190.0,
              "y": 351.0
            },
            {
              "x": 192.0,
              "y": 351.0
            },
            {
              "x": 201.0,
              "y": 356.0
            },
            {
              "x": 206.0,
              "y": 356.0
            },
            {
              "x": 207.0,
              "y": 354.0
            },
            {
              "x": 207.0,
              "y": 347.0
            },
            {
              "x": 208.0,
              "y": 346.0
            },
            {
              "x": 208.0,
              "y": 343.0
            },
            {
              "x": 210.0,
              "y": 341.0
            },
            {
              "x": 221.0,
              "y": 341.0
            },
            {
              "x": 222.0,
              "y": 342.0
            },
            {
              "x": 223.0,
              "y": 341.0
            },
            {
              "x": 225.0,
              "y": 341.0
            },
            {
              "x": 225.0,
              "y": 339.0
            },
            {
              "x": 226.0,
              "y": 338.0
            },
            {
              "x": 225.0,
              "y": 336.0
            },
            {
              "x": 225.0,
              "y": 333.0
            },
            {
              "x": 224.0,
              "y": 332.0
            },
            {
              "x": 224.0,
              "y": 327.0
            },
            {
              "x": 225.0,
              "y": 326.0
            },
            {
              "x": 238.0,
              "y": 326.0
            },
            {
              "x": 242.0,
              "y": 322.0
            },
            {
              "x": 243.0,
              "y": 320.0
            },
            {
              "x": 243.0,
              "y": 316.0
            },
            {
              "x": 242.0,
              "y": 315.0
            },
            {
              "x": 242.0,
              "y": 313.0
            },
            {
              "x": 239.0,
              "y": 310.0
            },
            {
              "x": 238.0,
              "y": 310.0
            },
            {
              "x": 235.0,
              "y": 306.0
            },
            {
              "x": 231.0,
              "y": 304.0
            },
            {
              "x": 229.0,
              "y": 304.0
            },
            {
              "x": 224.0,
              "y": 299.0
            },
            {
              "x": 223.0,
              "y": 299.0
            },
            {
              "x": 220.0,
              "y": 296.0
            },
            {
              "x": 219.0,
              "y": 296.0
            },
            {
              "x": 216.0,
              "y": 293.0
            },
            {
              "x": 215.0,
              "y": 293.0
            },
            {
              "x": 212.0,
              "y": 290.0
            },
            {
              "x": 209.0,
              "y": 289.0
            },
            {
              "x": 207.0,
              "y": 287.0
            },
            {
              "x": 202.0,
              "y": 286.0
            },
            {
              "x": 196.0,
              "y": 283.0
            },
            {
              "x": 193.0,
              "y": 283.0
            },
            {
              "x": 192.0,
              "y": 282.0
            },
            {
              "x": 185.0,
              "y": 281.0
            },
            {
              "x": 183.0,
              "y": 279.0
            },
            {
              "x": 181.0,
              "y": 275.0
            },
            {
              "x": 181.0,
              "y": 272.0
            },
            {
              "x": 182.0,
              "y": 271.0
            },
            {
              "x": 185.0,
              "y": 270.0
            },
            {
              "x": 188.0,
              "y": 267.0
            },
            {
              "x": 192.0,
              "y": 265.0
            },
            {
              "x": 198.0,
              "y": 259.0
            },
            {
              "x": 198.0,
              "y": 258.0
            },
            {
              "x": 201.0,
              "y": 255.0
            },
            {
              "x": 204.0,
              "y": 249.0
            },
            {
              "x": 204.0,
              "y": 247.0
            },
            {
              "x": 207.0,
              "y": 241.0
            },
            {
              "x": 207.0,
              "y": 238.0
            },
            {
              "x": 209.0,
              "y": 235.0
            },
            {
              "x": 209.0,
              "y": 231.0
            },
            {
              "x": 210.0,
              "y": 230.0
            },
            {
              "x": 210.0,
              "y": 227.0
            },
            {
              "x": 211.0,
              "y": 226.0
            },
            {
              "x": 210.0,
              "y": 222.0
            },
            {
              "x": 209.0,
              "y": 220.0
            },
            {
              "x": 208.0,
              "y": 220.0
            }
          ]
        ]
      },
      "properties": [],
      "slot_names": [
        "0"
      ]
    }
  ]
}