{
  "version": "2.0",
  "schema_ref": "https://darwin-public.s3.eu-west-1.amazonaws.com/darwin_json/2.0/schema.json",
  "item": {
    "name": "conchiglie.4qe89462.ingestion-5fd995d986-fwdsf.jpg",
    "path": "/",
    "source_info": {
      "item_id": "018ea5b6-3845-923d-4913-ec080beed57d",
      "dataset": {
        "name": "Pasta",
        "slug": "pasta",
        "dataset_management_url": "https://darwin.v7labs.com/datasets/735230/dataset-management"
      },
      "team": {
        "name": "Salvino",
        "slug": "salvino"
      },
      "workview_url": "https://darwin.v7labs.com/workview?dataset=735230&item=018ea5b6-3845-923d-4913-ec080beed57d"
    },
    "slots": [
      {
        "type": "image",
        "slot_name": "0",
        "width": 512,
        "height": 512,
        "thumbnail_url": "https://darwin.v7labs.com/api/v2/teams/salvino/files/33759a56-2e32-43b2-a6bf-11fb2579c153/thumbnail",
        "source_files": [
          {
            "file_name": "conchiglie.4qe89462.ingestion-5fd995d986-fwdsf.jpg",
            "url": "https://darwin.v7labs.com/api/v2/teams/salvino/uploads/a6693f03-b667-4142-ae77-3a13f84445ee"
          }
        ]
      }
    ]
  },
  "annotations": [
    {
      "bounding_box": {
        "h": 134.0,
        "w": 298.0,
        "x": 65.0,
        "y": 154.0
      },
      "id": "81803e52-455f-49ae-acf2-812541a863fc",
      "name": "Fusilli",
      "polygon": {
        "paths": [
          [
            {
              "x": 65.0,
              "y": 177.0
            },
            {
              "x": 65.0,
              "y": 183.0
            },
            {
              "x": 66.0,
              "y": 183.0
            },
            {
              "x": 67.0,
              "y": 185.0
            },
            {
              "x": 68.0,
              "y": 185.0
            },
            {
              "x": 70.0,
              "y": 187.0
            },
            {
              "x": 73.0,
              "y": 188.0
            },
            {
              "x": 74.0,
              "y": 190.0
            },
            {
              "x": 75.0,
              "y": 190.0
            },
            {
              "x": 77.0,
              "y": 192.0
            },
            {
              "x": 82.0,
              "y": 194.0
            },
            {
              "x": 86.0,
              "y": 198.0
            },
            {
              "x": 87.0,
              "y": 200.0
            },
            {
              "x": 87.0,
              "y": 202.0
            },
            {
              "x": 84.0,
              "y": 206.0
            },
            {
              "x": 83.0,
              "y": 209.0
            },
            {
              "x": 76.0,
              "y": 216.0
            },
            {
              "x": 72.0,
              "y": 223.0
            },
            {
              "x": 72.0,
              "y": 225.0
            },
            {
              "x": 74.0,
              "y": 227.0
            },
            {
              "x": 74.0,
              "y": 228.0
            },
            {
              "x": 76.0,
              "y": 229.0
            },
            {
              "x": 83.0,
              "y": 229.0
            },
            {
              "x": 86.0,
              "y": 227.0
            },
            {
              "x": 88.0,
              "y": 227.0
            },
            {
              "x": 90.0,
              "y": 226.0
            },
            {
              "x": 90.0,
              "y": 225.0
            },
            {
              "x": 92.0,
              "y": 224.0
            },
            {
              "x": 93.0,
              "y": 222.0
            },
            {
              "x": 102.0,
              "y": 217.0
            },
            {
              "x": 104.0,
              "y": 217.0
            },
            {
              "x": 106.0,
              "y": 215.0
            },
            {
              "x": 107.0,
              "y": 216.0
            },
            {
              "x": 107.0,
              "y": 220.0
            },
            {
              "x": 106.0,
              "y": 221.0
            },
            {
              "x": 106.0,
              "y": 226.0
            },
            {
              "x": 105.0,
              "y": 227.0
            },
            {
              "x": 105.0,
              "y": 230.0
            },
            {
              "x": 104.0,
              "y": 231.0
            },
            {
              "x": 104.0,
              "y": 236.0
            },
            {
              "x": 106.0,
              "y": 240.0
            },
            {
              "x": 109.0,
              "y": 242.0
            },
            {
              "x": 115.0,
              "y": 242.0
            },
            {
              "x": 116.0,
              "y": 241.0
            },
            {
              "x": 119.0,
              "y": 241.0
            },
            {
              "x": 123.0,
              "y": 238.0
            },
            {
              "x": 124.0,
              "y": 238.0
            },
            {
              "x": 132.0,
              "y": 231.0
            },
            {
              "x": 136.0,
              "y": 230.0
            },
            {
              "x": 137.0,
              "y": 231.0
            },
            {
              "x": 137.0,
              "y": 245.0
            },
            {
              "x": 139.0,
              "y": 249.0
            },
            {
              "x": 144.0,
              "y": 252.0
            },
            {
              "x": 149.0,
              "y": 252.0
            },
            {
              "x": 152.0,
              "y": 250.0
            },
            {
              "x": 154.0,
              "y": 250.0
            },
            {
              "x": 157.0,
              "y": 248.0
            },
            {
              "x": 159.0,
              "y": 248.0
            },
            {
              "x": 161.0,
              "y": 247.0
            },
            {
              "x": 161.0,
              "y": 246.0
            },
            {
              "x": 163.0,
              "y": 245.0
            },
            {
              "x": 164.0,
              "y": 243.0
            },
            {
              "x": 165.0,
              "y": 243.0
            },
            {
              "x": 169.0,
              "y": 240.0
            },
            {
              "x": 171.0,
              "y": 240.0
            },
            {
              "x": 172.0,
              "y": 241.0
            },
            {
              "x": 172.0,
              "y": 247.0
            },
            {
              "x": 173.0,
              "y": 248.0
            },
            {
              "x": 173.0,
              "y": 253.0
            },
            {
              "x": 174.0,
              "y": 254.0
            },
            {
              "x": 174.0,
              "y": 257.0
            },
            {
              "x": 175.0,
              "y": 257.0
            },
            {
              "x": 176.0,
              "y": 259.0
            },
            {
              "x": 177.0,
              "y": 259.0
            },
            {
              "x": 178.0,
              "y": 261.0
            },
            {
              "x": 180.0,
              "y": 262.0
            },
            {
              "x": 188.0,
              "y": 262.0
            },
            {
              "x": 189.0,
              "y": 261.0
            },
            {
              "x": 191.0,
              "y": 261.0
            },
            {
              "x": 195.0,
              "y": 259.0
            },
            {
              "x": 202.0,
              "y": 254.0
            },
            {
              "x": 204.0,
              "y": 254.0
            },
            {
              "x": 206.0,
              "y": 256.0
            },
            {
              "x": 206.0,
              "y": 259.0
            },
            {
              "x": 208.0,
              "y": 261.0
            },
            {
              "x": 209.0,
              "y": 265.0
            },
            {
              "x": 214.0,
              "y": 270.0
            },
            {
              "x": 217.0,
              "y": 270.0
            },
            {
              "x": 218.0,
              "y": 271.0
            },
            {
              "x": 223.0,
              "y": 271.0
            },
            {
              "x": 224.0,
              "y": 270.0
            },
            {
              "x": 227.0,
              "y": 270.0
            },
            {
              "x": 230.0,
              "y": 268.0
            },
            {
              "x": 232.0,
              "y": 268.0
            },
            {
              "x": 235.0,
              "y": 266.0
            },
            {
              "x": 237.0,
              "y": 266.0
            },
            {
              "x": 240.0,
              "y": 269.0
            },
            {
              "x": 240.0,
              "y": 270.0
            },
            {
              "x": 241.0,
              "y": 270.0
            },
            {
              "x": 243.0,
              "y": 272.0
            },
            {
              "x": 243.0,
              "y": 273.0
            },
            {
              "x": 247.0,
              "y": 275.0
            },
            {
              "x": 257.0,
              "y": 276.0
            },
            {
              "x": 258.0,
              "y": 275.0
            },
            {
              "x": 261.0,
              "y": 275.0
            },
            {
              "x": 264.0,
              "y": 273.0
            },
            {
              "x": 269.0,
              "y": 273.0
            },
            {
              "x": 273.0,
              "y": 277.0
            },
            {
              "x": 279.0,
              "y": 280.0
            },
            {
              "x": 288.0,
              "y": 280.0
            },
            {
              "x": 289.0,
              "y": 279.0
            },
            {
              "x": 295.0,
              "y": 279.0
            },
            {
              "x": 298.0,
              "y": 277.0
            },
            {
              "x": 302.0,
              "y": 277.0
            },
            {
              "x": 304.0,
              "y": 279.0
            },
            {
              "x": 307.0,
              "y": 280.0
            },
            {
              "x": 309.0,
              "y": 282.0
            },
            {
              "x": 316.0,
              "y": 286.0
            },
            {
              "x": 318.0,
              "y": 286.0
            },
            {
              "x": 319.0,
              "y": 287.0
            },
            {
              "x": 324.0,
              "y": 287.0
            },
            {
              "x": 325.0,
              "y": 288.0
            },
            {
              "x": 333.0,
              "y": 288.0
            },
            {
              "x": 338.0,
              "y": 284.0
            },
            {
              "x": 338.0,
              "y": 268.0
            },
            {
              "x": 342.0,
              "y": 264.0
            },
            {
              "x": 348.0,
              "y": 263.0
            },
            {
              "x": 352.0,
              "y": 261.0
            },
            {
              "x": 354.0,
              "y": 259.0
            },
            {
              "x": 359.0,
              "y": 257.0
            },
            {
              "x": 363.0,
              "y": 252.0
            },
            {
              "x": 363.0,
              "y": 246.0
            },
            {
              "x": 359.0,
              "y": 242.0
            },
            {
              "x": 357.0,
              "y": 241.0
            },
            {
              "x": 357.0,
              "y": 240.0
            },
            {
              "x": 355.0,
              "y": 238.0
            },
            {
              "x": 354.0,
              "y": 234.0
            },
            {
              "x": 353.0,
              "y": 234.0
            },
            {
              "x": 352.0,
              "y": 232.0
            },
            {
              "x": 349.0,
              "y": 231.0
            },
            {
              "x": 347.0,
              "y": 229.0
            },
            {
              "x": 346.0,
              "y": 229.0
            },
            {
              "x": 344.0,
              "y": 227.0
            },
            {
              "x": 337.0,
              "y": 223.0
            },
            {
              "x": 336.0,
              "y": 221.0
            },
            {
              "x": 327.0,
              "y": 216.0
            },
            {
              "x": 323.0,
              "y": 212.0
            },
            {
              "x": 321.0,
              "y": 212.0
            },
            {
              "x": 317.0,
              "y": 209.0
            },
            {
              "x": 313.0,
              "y": 209.0
            },
            {
              "x": 312.0,
              "y": 208.0
            },
            {
              "x": 311.0,
              "y": 209.0
            },
            {
              "x": 307.0,
              "y": 209.0
            },
            {
              "x": 304.0,
              "y": 211.0
            },
            {
              "x": 301.0,
              "y": 211.0
            },
            {
              "x": 297.0,
              "y": 207.0
            },
            {
              "x": 297.0,
              "y": 206.0
            },
            {
              "x": 294.0,
              "y": 203.0
            },
            {
              "x": 294.0,
              "y": 202.0
            },
            {
              "x": 292.0,
              "y": 201.0
            },
            {
              "x": 292.0,
              "y": 200.0
            },
            {
              "x": 288.0,
              "y": 198.0
            },
            {
              "x": 285.0,
              "y": 198.0
            },
            {
              "x": 284.0,
              "y": 197.0
            },
            {
              "x": 279.0,
              "y": 197.0
            },
            {
              "x": 278.0,
              "y": 198.0
            },
            {
              "x": 276.0,
              "y": 198.0
            },
            {
              "x": 270.0,
              "y": 204.0
            },
            {
              "x": 266.0,
              "y": 205.0
            },
            {
              "x": 255.0,
              "y": 193.0
            },
            {
              "x": 251.0,
              "y": 191.0
            },
            {
              "x": 238.0,
              "y": 191.0
            },
            {
              "x": 233.0,
              "y": 195.0
            },
            {
              "x": 230.0,
              "y": 195.0
            },
            {
              "x": 224.0,
              "y": 188.0
            },
            {
              "x": 217.0,
              "y": 184.0
            },
            {
              "x": 203.0,
              "y": 184.0
            },
            {
              "x": 202.0,
              "y": 185.0
            },
            {
              "x": 198.0,
              "y": 185.0
            },
            {
              "x": 196.0,
              "y": 183.0
            },
            {
              "x": 196.0,
              "y": 182.0
            },
            {
              "x": 191.0,
              "y": 178.0
            },
            {
              "x": 191.0,
              "y": 177.0
            },
            {
              "x": 189.0,
              "y": 177.0
            },
            {
              "x": 186.0,
              "y": 175.0
            },
            {
              "x": 183.0,
              "y": 175.0
            },
            {
              "x": 182.0,
              "y": 174.0
            },
            {
              "x": 171.0,
              "y": 174.0
            },
            {
              "x": 170.0,
              "y": 175.0
            },
            {
              "x": 163.0,
              "y": 175.0
            },
            {
              "x": 157.0,
              "y": 170.0
            },
            {
              "x": 150.0,
              "y": 166.0
            },
            {
              "x": 147.0,
              "y": 166.0
            },
            {
              "x": 146.0,
              "y": 165.0
            },
            {
              "x": 130.0,
              "y": 165.0
            },
            {
              "x": 129.0,
              "y": 163.0
            },
            {
              "x": 124.0,
              "y": 159.0
            },
            {
              "x": 121.0,
              "y": 158.0
            },
            {
              "x": 119.0,
              "y": 156.0
            },
            {
              "x": 116.0,
              "y": 156.0
            },
            {
              "x": 113.0,
              "y": 154.0
            },
            {
              "x": 98.0,
              "y": 154.0
            },
            {
              "x": 94.0,
              "y": 156.0
            },
            {
              "x": 91.0,
              "y": 156.0
            },
            {
              "x": 89.0,
              "y": 158.0
            },
            {
              "x": 84.0,
              "y": 159.0
            },
            {
              "x": 83.0,
              "y": 161.0
            },
            {
              "x": 81.0,
              "y": 161.0
            },
            {
              "x": 80.0,
              "y": 163.0
            },
            {
              "x": 76.0,
              "y": 165.0
            },
            {
              "x": 70.0,
              "y": 171.0
            },
            {
              "x": 70.0,
              "y": 172.0
            },
            {
              "x": 66.0,
              "y": 177.0
            }
          ]
        ]
      },
      "properties": [],
      "slot_names": [
        "0"
      ]
    }
  ]
}