{
  "version": "2.0",
  "schema_ref": "https://darwin-public.s3.eu-west-1.amazonaws.com/darwin_json/2.0/schema.json",
  "item": {
    "name": "conchiglie.4qe5h12h.ingestion-5fd995d986-9zbdz.jpg",
    "path": "/",
    "source_info": {
      "item_id": "018ea5b6-3848-c97b-0345-d03414813fee",
      "dataset": {
        "name": "Pasta",
        "slug": "pasta",
        "dataset_management_url": "https://darwin.v7labs.com/datasets/735230/dataset-management"
      },
      "team": {
        "name": "Salvino",
        "slug": "salvino"
      },
      "workview_url": "https://darwin.v7labs.com/workview?dataset=735230&item=018ea5b6-3848-c97b-0345-d03414813fee"
    },
    "slots": [
      {
        "type": "image",
        "slot_name": "0",
        "width": 512,
        "height": 512,
        "thumbnail_url": "https://darwin.v7labs.com/api/v2/teams/salvino/files/5bda6a1d-7d36-4be1-bd2f-c51be180c81e/thumbnail",
        "source_files": [
          {
            "file_name": "conchiglie.4qe5h12h.ingestion-5fd995d986-9zbdz.jpg",
            "url": "https://darwin.v7labs.com/api/v2/teams/salvino/uploads/fdaff9c4-7b0b-4190-b7e9-3af675699dfe"
          }
        ]
      }
    ]
  },
  "annotations": [
    {
      "bounding_box": {
        "h": 121.0,
        "w": 103.0,
        "x": 263.0,
        "y": 177.0
      },
      "id": "874d11b2-dbb5-4694-9257-e0629f9d525e",
      "name": "Conchiglie",
      "polygon": {
        "paths": [
          [
            {
              "x": 361.0,
              "y": 182.0
            },
            {
              "x": 358.0,
              "y": 182.0
            },
            {
              "x": 353.0,
              "y": 179.0
            },
            {
              "x": 351.0,
              "y": 179.0
            },
            {
              "x": 347.0,
              "y": 177.0
            },
            {
              "x": 339.0,
              "y": 177.0
            },
            {
              "x": 338.0,
              "y": 178.0
            },
            {
              "x": 334.0,
              "y": 178.0
            },
            {
              "x": 332.0,
              "y": 180.0
            },
            {
              "x": 326.0,
              "y": 181.0
            },
            {
              "x": 325.0,
              "y": 182.0
            },
            {
              "x": 323.0,
              "y": 182.0
            },
            {
              "x": 320.0,
              "y": 184.0
            },
            {
              "x": 318.0,
              "y": 184.0
            },
            {
              "x": 317.0,
              "y": 185.0
            },
            {
              "x": 315.0,
              "y": 185.0
            },
            {
              "x": 311.0,
              "y": 187.0
            },
            {
              "x": 308.0,
              "y": 187.0
            },
            {
              "x": 307.0,
              "y": 188.0
            },
            {
              "x": 301.0,
              "y": 189.0
            },
            {
              "x": 291.0,
              "y": 194.0
            },
            {
              "x": 289.0,
              "y": 196.0
            },
            {
              "x": 286.0,
              "y": 197.0
            },
            {
              "x": 284.0,
              "y": 199.0
            },
            {
              "x": 283.0,
              "y": 199.0
            },
            {
              "x": 275.0,
              "y": 207.0
            },
            {
              "x": 274.0,
              "y": 207.0
            },
            {
              "x": 272.0,
              "y": 212.0
            },
            {
              "x": 270.0,
              "y": 214.0
            },
            {
              "x": 270.0,
              "y": 217.0
            },
            {
              "x": 267.0,
              "y": 223.0
            },
            {
              "x": 267.0,
              "y": 228.0
            },
            {
              "x": 266.0,
              "y": 229.0
            },
            {
              "x": 266.0,
              "y": 243.0
            },
            {
              "x": 265.0,
              "y": 244.0
            },
            {
              "x": 266.0,
              "y": 246.0
            },
            {
              "x": 265.0,
              "y": 248.0
            },
            {
              "x": 265.0,
              "y": 269.0
            },
            {
              "x": 264.0,
              "y": 270.0
            },
            {
              "x": 264.0,
              "y": 276.0
            },
            {
              "x": 263.0,
              "y": 277.0
            },
            {
              "x": 263.0,
              "y": 282.0
            },
            {
              "x": 272.0,
              "y": 291.0
            },
            {
              "x": 272.0,
              "y": 293.0
            },
            {
              "x": 274.0,
              "y": 295.0
            },
            {
              "x": 274.0,
              "y": 296.0
            },
            {
              "x": 276.0,
              "y": 297.0
            },
            {
              "x": 280.0,
              "y": 297.0
            },
            {
              "x": 281.0,
              "y": 298.0
            },
            {
              "x": 285.0,
              "y": 298.0
            },
            {
              "x": 288.0,
              "y": 296.0
            },
            {
              "x": 291.0,
              "y": 296.0
            },
            {
              "x": 293.0,
              "y": 295.0
            },
            {
              "x": 298.0,
              "y": 290.0
            },
            {
              "x": 301.0,
              "y": 290.0
            },
            {
              "x": 306.0,
              "y": 287.0
            },
            {
              "x": 309.0,
              "y": 287.0
            },
            {
              "x": 313.0,
              "y": 285.0
            },
            {
              "x": 318.0,
              "y": 285.0
            },
            {
              "x": 322.0,
              "y": 283.0
            },
            {
              "x": 335.0,
              "y": 282.0
            },
            {
              "x": 338.0,
              "y": 280.0
            },
            {
              "x": 340.0,
              "y": 280.0
            },
            {
              "x": 344.0,
              "y": 278.0
            },
            {
              "x": 347.0,
              "y": 275.0
            },
            {
              "x": 350.0,
              "y": 274.0
            },
            {
              "x": 360.0,
              "y": 263.0
            },
            {
              "x": 360.0,
              "y": 262.0
            },
            {
              "x": 364.0,
              "y": 257.0
            },
            {
              "x": 364.0,
              "y": 250.0
            },
            {
              "x": 365.0,
              "y": 249.0
            },
            {
              "x": 365.0,
              "y": 242.0
            },
            {
              "x": 366.0,
              "y": 241.0
            },
            {
              "x": 366.0,
              "y": 237.0
            },
            {
              "x": 365.0,
              "y": 236.0
            },
            {
              "x": 365.0,
              "y": 234.0
            },
            {
              "x": 364.0,
              "y": 233.0
            },
            {
              "x": 364.0,
              "y": 229.0
            },
            {
              "x": 363.0,
              "y": 228.0
            },
            {
              "x": 363.0,
              "y": 221.0
            },
            {
              "x": 362.0,
              "y": 220.0
            },
            {
              "x": 362.0,
              "y": 218.0
            },
            {
              "x": 363.0,
              "y": 217.0
            },
            {
              "x": 363.0,
              "y": 215.0
            },
            {
              "x": 362.0,
              "y": 214.0
            },
            {
              "x": 363.0,
              "y": 206.0
            },
            {
              "x": 362.0,
              "y": 204.0
            },
            {
              "x": 366.0,
              "y": 196.0
            },
            {
              "x": 365.0,
              "y": 195.0
            },
            {
              "x": 365.0,
              "y": 189.0
            },
            {
              "x": 363.0,
              "y": 187.0
            },
            {
              "x": 362.0,
              "y": 183.0
            }
          ]
        ]
      },
      "properties": [],
      "slot_names": [
        "0"
      ]
    }
  ]
}