{
  "version": "2.0",
  "schema_ref": "https://darwin-public.s3.eu-west-1.amazonaws.com/darwin_json/2.0/schema.json",
  "item": {
    "name": "conchiglie.4qe5fv8e.ingestion-5fd995d986-l5rgx.jpg",
    "path": "/",
    "source_info": {
      "item_id": "018ea5b6-3846-6b7a-f62f-a7dba3f87ed2",
      "dataset": {
        "name": "Pasta",
        "slug": "pasta",
        "dataset_management_url": "https://darwin.v7labs.com/datasets/735230/dataset-management"
      },
      "team": {
        "name": "Salvino",
        "slug": "salvino"
      },
      "workview_url": "https://darwin.v7labs.com/workview?dataset=735230&item=018ea5b6-3846-6b7a-f62f-a7dba3f87ed2"
    },
    "slots": [
      {
        "type": "image",
        "slot_name": "0",
        "width": 512,
        "height": 512,
        "thumbnail_url": "https://darwin.v7labs.com/api/v2/teams/salvino/files/5fc7b6ab-f05d-44c3-9fe5-e59442c35109/thumbnail",
        "source_files": [
          {
            "file_name": "conchiglie.4qe5fv8e.ingestion-5fd995d986-l5rgx.jpg",
            "url": "https://darwin.v7labs.com/api/v2/teams/salvino/uploads/ced78333-80c1-46c2-bd3b-77cbfd3ff45a"
          }
        ]
      }
    ]
  },
  "annotations": [
    {
      "bounding_box": {
        "h": 185.0,
        "w": 140.0,
        "x": 192.0,
        "y": 177.0
      },
      "id": "fb86c932-ebad-4924-945d-0569a02fe1af",
      "name": "Conchiglie",
      "polygon": {
        "paths": [
          [
            {
              "x": 325.0,
              "y": 188.0
            },
            {
              "x": 322.0,
              "y": 188.0
            },
            {
              "x": 312.0,
              "y": 183.0
            },
            {
              "x": 310.0,
              "y": 181.0
            },
            {
              "x": 306.0,
              "y": 179.0
            },
            {
              "x": 304.0,
              "y": 179.0
            },
            {
              "x": 301.0,
              "y": 177.0
            },
            {
              "x": 298.0,
              "y": 177.0
            },
            {
              "x": 286.0,
              "y": 183.0
            },
            {
              "x": 284.0,
              "y": 185.0
            },
            {
              "x": 280.0,
              "y": 187.0
            },
            {
              "x": 278.0,
              "y": 187.0
            },
            {
              "x": 276.0,
              "y": 189.0
            },
            {
              "x": 272.0,
              "y": 191.0
            },
            {
              "x": 268.0,
              "y": 191.0
            },
            {
              "x": 264.0,
              "y": 194.0
            },
            {
              "x": 257.0,
              "y": 195.0
            },
            {
              "x": 255.0,
              "y": 197.0
            },
            {
              "x": 249.0,
              "y": 198.0
            },
            {
              "x": 248.0,
              "y": 199.0
            },
            {
              "x": 245.0,
              "y": 199.0
            },
            {
              "x": 238.0,
              "y": 203.0
            },
            {
              "x": 236.0,
              "y": 203.0
            },
            {
              "x": 232.0,
              "y": 205.0
            },
            {
              "x": 230.0,
              "y": 207.0
            },
            {
              "x": 228.0,
              "y": 207.0
            },
            {
              "x": 222.0,
              "y": 212.0
            },
            {
              "x": 221.0,
              "y": 212.0
            },
            {
              "x": 217.0,
              "y": 216.0
            },
            {
              "x": 216.0,
              "y": 216.0
            },
            {
              "x": 206.0,
              "y": 226.0
            },
            {
              "x": 204.0,
              "y": 230.0
            },
            {
              "x": 201.0,
              "y": 233.0
            },
            {
              "x": 200.0,
              "y": 237.0
            },
            {
              "x": 198.0,
              "y": 240.0
            },
            {
              "x": 197.0,
              "y": 245.0
            },
            {
              "x": 195.0,
              "y": 248.0
            },
            {
              "x": 194.0,
              "y": 256.0
            },
            {
              "x": 192.0,
              "y": 259.0
            },
            {
              "x": 192.0,
              "y": 261.0
            },
            {
              "x": 193.0,
              "y": 262.0
            },
            {
              "x": 193.0,
              "y": 266.0
            },
            {
              "x": 192.0,
              "y": 267.0
            },
            {
              "x": 192.0,
              "y": 272.0
            },
            {
              "x": 193.0,
              "y": 273.0
            },
            {
              "x": 193.0,
              "y": 276.0
            },
            {
              "x": 192.0,
              "y": 277.0
            },
            {
              "x": 192.0,
              "y": 280.0
            },
            {
              "x": 193.0,
              "y": 281.0
            },
            {
              "x": 193.0,
              "y": 290.0
            },
            {
              "x": 194.0,
              "y": 291.0
            },
            {
              "x": 194.0,
              "y": 300.0
            },
            {
              "x": 195.0,
              "y": 301.0
            },
            {
              "x": 195.0,
              "y": 337.0
            },
            {
              "x": 199.0,
              "y": 342.0
            },
            {
              "x": 203.0,
              "y": 343.0
            },
            {
              "x": 208.0,
              "y": 347.0
            },
            {
              "x": 210.0,
              "y": 351.0
            },
            {
              "x": 210.0,
              "y": 354.0
            },
            {
              "x": 209.0,
              "y": 355.0
            },
            {
              "x": 209.0,
              "y": 359.0
            },
            {
              "x": 210.0,
              "y": 361.0
            },
            {
              "x": 212.0,
              "y": 362.0
            },
            {
              "x": 230.0,
              "y": 362.0
            },
            {
              "x": 231.0,
              "y": 361.0
            },
            {
              "x": 236.0,
              "y": 361.0
            },
            {
              "x": 239.0,
              "y": 358.0
            },
            {
              "x": 242.0,
              "y": 357.0
            },
            {
              "x": 248.0,
              "y": 351.0
            },
            {
              "x": 248.0,
              "y": 350.0
            },
            {
              "x": 252.0,
              "y": 347.0
            },
            {
              "x": 257.0,
              "y": 346.0
            },
            {
              "x": 261.0,
              "y": 343.0
            },
            {
              "x": 269.0,
              "y": 342.0
            },
            {
              "x": 273.0,
              "y": 339.0
            },
            {
              "x": 279.0,
              "y": 339.0
            },
            {
              "x": 285.0,
              "y": 336.0
            },
            {
              "x": 289.0,
              "y": 336.0
            },
            {
              "x": 294.0,
              "y": 332.0
            },
            {
              "x": 297.0,
              "y": 332.0
            },
            {
              "x": 301.0,
              "y": 330.0
            },
            {
              "x": 306.0,
              "y": 325.0
            },
            {
              "x": 309.0,
              "y": 324.0
            },
            {
              "x": 312.0,
              "y": 321.0
            },
            {
              "x": 313.0,
              "y": 318.0
            },
            {
              "x": 317.0,
              "y": 316.0
            },
            {
              "x": 317.0,
              "y": 315.0
            },
            {
              "x": 320.0,
              "y": 312.0
            },
            {
              "x": 320.0,
              "y": 310.0
            },
            {
              "x": 326.0,
              "y": 304.0
            },
            {
              "x": 326.0,
              "y": 300.0
            },
            {
              "x": 330.0,
              "y": 295.0
            },
            {
              "x": 330.0,
              "y": 291.0
            },
            {
              "x": 331.0,
              "y": 290.0
            },
            {
              "x": 331.0,
              "y": 287.0
            },
            {
              "x": 332.0,
              "y": 286.0
            },
            {
              "x": 332.0,
              "y": 270.0
            },
            {
              "x": 331.0,
              "y": 269.0
            },
            {
              "x": 331.0,
              "y": 261.0
            },
            {
              "x": 329.0,
              "y": 257.0
            },
            {
              "x": 329.0,
              "y": 254.0
            },
            {
              "x": 330.0,
              "y": 253.0
            },
            {
              "x": 329.0,
              "y": 252.0
            },
            {
              "x": 329.0,
              "y": 249.0
            },
            {
              "x": 328.0,
              "y": 248.0
            },
            {
              "x": 328.0,
              "y": 236.0
            },
            {
              "x": 327.0,
              "y": 235.0
            },
            {
              "x": 327.0,
              "y": 228.0
            },
            {
              "x": 328.0,
              "y": 227.0
            },
            {
              "x": 328.0,
              "y": 224.0
            },
            {
              "x": 329.0,
              "y": 223.0
            },
            {
              "x": 330.0,
              "y": 216.0
            },
            {
              "x": 332.0,
              "y": 212.0
            },
            {
              "x": 332.0,
              "y": 201.0
            },
            {
              "x": 330.0,
              "y": 198.0
            },
            {
              "x": 330.0,
              "y": 193.0
            }
          ]
        ]
      },
      "properties": [],
      "slot_names": [
        "0"
      ]
    }
  ]
}