{
  "version": "2.0",
  "schema_ref": "https://darwin-public.s3.eu-west-1.amazonaws.com/darwin_json/2.0/schema.json",
  "item": {
    "name": "conchiglie.4qe5gk41.ingestion-5fd995d986-9zbdz.jpg",
    "path": "/",
    "source_info": {
      "item_id": "018ea5b6-3843-7c32-be6c-2e3a4e0a3a8a",
      "dataset": {
        "name": "Pasta",
        "slug": "pasta",
        "dataset_management_url": "https://darwin.v7labs.com/datasets/735230/dataset-management"
      },
      "team": {
        "name": "Salvino",
        "slug": "salvino"
      },
      "workview_url": "https://darwin.v7labs.com/workview?dataset=735230&item=018ea5b6-3843-7c32-be6c-2e3a4e0a3a8a"
    },
    "slots": [
      {
        "type": "image",
        "slot_name": "0",
        "width": 512,
        "height": 512,
        "thumbnail_url": "https://darwin.v7labs.com/api/v2/teams/salvino/files/93ba66cf-c817-48ad-af4d-e4c3d0e38524/thumbnail",
        "source_files": [
          {
            "file_name": "conchiglie.4qe5gk41.ingestion-5fd995d986-9zbdz.jpg",
            "url": "https://darwin.v7labs.com/api/v2/teams/salvino/uploads/06a0099f-489e-4fa1-a7d3-f32a5ccceaed"
          }
        ]
      }
    ]
  },
  "annotations": [
    {
      "bounding_box": {
        "h": 118.0,
        "w": 139.0,
        "x": 165.0,
        "y": 120.0
      },
      "id": "43177d41-9318-4bda-88b9-872cc370981c",
      "name": "Conchiglie",
      "polygon": {
        "paths": [
          [
            {
              "x": 177.0,
              "y": 136.0
            },
            {
              "x": 172.0,
              "y": 146.0
            },
            {
              "x": 172.0,
              "y": 150.0
            },
            {
              "x": 171.0,
              "y": 151.0
            },
            {
              "x": 171.0,
              "y": 167.0
            },
            {
              "x": 167.0,
              "y": 172.0
            },
            {
              "x": 167.0,
              "y": 177.0
            },
            {
              "x": 165.0,
              "y": 181.0
            },
            {
              "x": 166.0,
              "y": 182.0
            },
            {
              "x": 167.0,
              "y": 186.0
            },
            {
              "x": 169.0,
              "y": 188.0
            },
            {
              "x": 171.0,
              "y": 192.0
            },
            {
              "x": 171.0,
              "y": 194.0
            },
            {
              "x": 173.0,
              "y": 196.0
            },
            {
              "x": 175.0,
              "y": 200.0
            },
            {
              "x": 181.0,
              "y": 205.0
            },
            {
              "x": 186.0,
              "y": 207.0
            },
            {
              "x": 196.0,
              "y": 217.0
            },
            {
              "x": 196.0,
              "y": 218.0
            },
            {
              "x": 198.0,
              "y": 220.0
            },
            {
              "x": 199.0,
              "y": 220.0
            },
            {
              "x": 204.0,
              "y": 225.0
            },
            {
              "x": 205.0,
              "y": 225.0
            },
            {
              "x": 211.0,
              "y": 230.0
            },
            {
              "x": 223.0,
              "y": 236.0
            },
            {
              "x": 227.0,
              "y": 236.0
            },
            {
              "x": 228.0,
              "y": 237.0
            },
            {
              "x": 232.0,
              "y": 237.0
            },
            {
              "x": 233.0,
              "y": 238.0
            },
            {
              "x": 251.0,
              "y": 238.0
            },
            {
              "x": 252.0,
              "y": 237.0
            },
            {
              "x": 260.0,
              "y": 236.0
            },
            {
              "x": 268.0,
              "y": 232.0
            },
            {
              "x": 272.0,
              "y": 231.0
            },
            {
              "x": 274.0,
              "y": 229.0
            },
            {
              "x": 277.0,
              "y": 228.0
            },
            {
              "x": 281.0,
              "y": 224.0
            },
            {
              "x": 282.0,
              "y": 224.0
            },
            {
              "x": 282.0,
              "y": 223.0
            },
            {
              "x": 286.0,
              "y": 219.0
            },
            {
              "x": 287.0,
              "y": 216.0
            },
            {
              "x": 290.0,
              "y": 213.0
            },
            {
              "x": 294.0,
              "y": 205.0
            },
            {
              "x": 294.0,
              "y": 203.0
            },
            {
              "x": 298.0,
              "y": 197.0
            },
            {
              "x": 298.0,
              "y": 194.0
            },
            {
              "x": 301.0,
              "y": 188.0
            },
            {
              "x": 302.0,
              "y": 182.0
            },
            {
              "x": 304.0,
              "y": 178.0
            },
            {
              "x": 303.0,
              "y": 171.0
            },
            {
              "x": 299.0,
              "y": 163.0
            },
            {
              "x": 298.0,
              "y": 157.0
            },
            {
              "x": 297.0,
              "y": 156.0
            },
            {
              "x": 297.0,
              "y": 153.0
            },
            {
              "x": 295.0,
              "y": 150.0
            },
            {
              "x": 295.0,
              "y": 148.0
            },
            {
              "x": 294.0,
              "y": 147.0
            },
            {
              "x": 291.0,
              "y": 147.0
            },
            {
              "x": 289.0,
              "y": 146.0
            },
            {
              "x": 285.0,
              "y": 142.0
            },
            {
              "x": 285.0,
              "y": 139.0
            },
            {
              "x": 286.0,
              "y": 137.0
            },
            {
              "x": 284.0,
              "y": 134.0
            },
            {
              "x": 282.0,
              "y": 133.0
            },
            {
              "x": 278.0,
              "y": 133.0
            },
            {
              "x": 277.0,
              "y": 132.0
            },
            {
              "x": 275.0,
              "y": 132.0
            },
            {
              "x": 274.0,
              "y": 131.0
            },
            {
              "x": 272.0,
              "y": 131.0
            },
            {
              "x": 268.0,
              "y": 129.0
            },
            {
              "x": 264.0,
              "y": 129.0
            },
            {
              "x": 260.0,
              "y": 127.0
            },
            {
              "x": 250.0,
              "y": 127.0
            },
            {
              "x": 249.0,
              "y": 126.0
            },
            {
              "x": 243.0,
              "y": 126.0
            },
            {
              "x": 242.0,
              "y": 125.0
            },
            {
              "x": 239.0,
              "y": 125.0
            },
            {
              "x": 236.0,
              "y": 123.0
            },
            {
              "x": 233.0,
              "y": 123.0
            },
            {
              "x": 232.0,
              "y": 122.0
            },
            {
              "x": 229.0,
              "y": 122.0
            },
            {
              "x": 228.0,
              "y": 121.0
            },
            {
              "x": 219.0,
              "y": 121.0
            },
            {
              "x": 218.0,
              "y": 120.0
            },
            {
              "x": 214.0,
              "y": 120.0
            },
            {
              "x": 213.0,
              "y": 121.0
            },
            {
              "x": 208.0,
              "y": 121.0
            },
            {
              "x": 206.0,
              "y": 120.0
            },
            {
              "x": 205.0,
              "y": 121.0
            },
            {
              "x": 202.0,
              "y": 121.0
            },
            {
              "x": 198.0,
              "y": 123.0
            },
            {
              "x": 195.0,
              "y": 123.0
            },
            {
              "x": 187.0,
              "y": 127.0
            },
            {
              "x": 181.0,
              "y": 133.0
            },
            {
              "x": 180.0,
              "y": 133.0
            }
          ]
        ]
      },
      "properties": [],
      "slot_names": [
        "0"
      ]
    }
  ]
}