{
  "version": "2.0",
  "schema_ref": "https://darwin-public.s3.eu-west-1.amazonaws.com/darwin_json/2.0/schema.json",
  "item": {
    "name": "conchiglie.4qe5g217.ingestion-5fd995d986-fwdsf.jpg",
    "path": "/",
    "source_info": {
      "item_id": "018ea5b6-3847-f62d-305d-86a242b4b885",
      "dataset": {
        "name": "Pasta",
        "slug": "pasta",
        "dataset_management_url": "https://darwin.v7labs.com/datasets/735230/dataset-management"
      },
      "team": {
        "name": "Salvino",
        "slug": "salvino"
      },
      "workview_url": "https://darwin.v7labs.com/workview?dataset=735230&item=018ea5b6-3847-f62d-305d-86a242b4b885"
    },
    "slots": [
      {
        "type": "image",
        "slot_name": "0",
        "width": 512,
        "height": 512,
        "thumbnail_url": "https://darwin.v7labs.com/api/v2/teams/salvino/files/9291b160-6e92-4e48-8227-b8f7591c11ac/thumbnail",
        "source_files": [
          {
            "file_name": "conchiglie.4qe5g217.ingestion-5fd995d986-fwdsf.jpg",
            "url": "https://darwin.v7labs.com/api/v2/teams/salvino/uploads/f6d51f28-b1be-4e9e-b403-08f37937326f"
          }
        ]
      }
    ]
  },
  "annotations": [
    {
      "bounding_box": {
        "h": 133.0,
        "w": 150.0,
        "x": 135.0,
        "y": 190.0
      },
      "id": "729ca8d2-633a-4f43-b988-13f6751e2570",
      "name": "Conchiglie",
      "polygon": {
        "paths": [
          [
            {
              "x": 273.0,
              "y": 196.0
            },
            {
              "x": 272.0,
              "y": 196.0
            },
            {
              "x": 267.0,
              "y": 192.0
            },
            {
              "x": 264.0,
              "y": 192.0
            },
            {
              "x": 263.0,
              "y": 191.0
            },
            {
              "x": 260.0,
              "y": 191.0
            },
            {
              "x": 259.0,
              "y": 190.0
            },
            {
              "x": 255.0,
              "y": 190.0
            },
            {
              "x": 254.0,
              "y": 191.0
            },
            {
              "x": 238.0,
              "y": 191.0
            },
            {
              "x": 237.0,
              "y": 190.0
            },
            {
              "x": 234.0,
              "y": 190.0
            },
            {
              "x": 233.0,
              "y": 191.0
            },
            {
              "x": 230.0,
              "y": 191.0
            },
            {
              "x": 229.0,
              "y": 190.0
            },
            {
              "x": 208.0,
              "y": 190.0
            },
            {
              "x": 207.0,
              "y": 191.0
            },
            {
              "x": 206.0,
              "y": 190.0
            },
            {
              "x": 203.0,
              "y": 190.0
            },
            {
              "x": 202.0,
              "y": 191.0
            },
            {
              "x": 196.0,
              "y": 191.0
            },
            {
              "x": 195.0,
              "y": 192.0
            },
            {
              "x": 188.0,
              "y": 193.0
            },
            {
              "x": 182.0,
              "y": 196.0
            },
            {
              "x": 179.0,
              "y": 196.0
            },
            {
              "x": 175.0,
              "y": 199.0
            },
            {
              "x": 169.0,
              "y": 202.0
            },
            {
              "x": 166.0,
              "y": 205.0
            },
            {
              "x": 163.0,
              "y": 206.0
            },
            {
              "x": 155.0,
              "y": 215.0
            },
            {
              "x": 154.0,
              "y": 218.0
            },
            {
              "x": 151.0,
              "y": 222.0
            },
            {
              "x": 151.0,
              "y": 225.0
            },
            {
              "x": 149.0,
              "y": 228.0
            },
            {
              "x": 149.0,
              "y": 231.0
            },
            {
              "x": 148.0,
              "y": 232.0
            },
            {
              "x": 148.0,
              "y": 237.0
            },
            {
              "x": 147.0,
              "y": 238.0
            },
            {
              "x": 147.0,
              "y": 242.0
            },
            {
              "x": 146.0,
              "y": 243.0
            },
            {
              "x": 146.0,
              "y": 248.0
            },
            {
              "x": 145.0,
              "y": 249.0
            },
            {
              "x": 145.0,
              "y": 255.0
            },
            {
              "x": 144.0,
              "y": 256.0
            },
            {
              "x": 144.0,
              "y": 260.0
            },
            {
              "x": 143.0,
              "y": 261.0
            },
            {
              "x": 143.0,
              "y": 264.0
            },
            {
              "x": 142.0,
              "y": 265.0
            },
            {
              "x": 141.0,
              "y": 272.0
            },
            {
              "x": 139.0,
              "y": 275.0
            },
            {
              "x": 139.0,
              "y": 278.0
            },
            {
              "x": 136.0,
              "y": 284.0
            },
            {
              "x": 136.0,
              "y": 288.0
            },
            {
              "x": 135.0,
              "y": 289.0
            },
            {
              "x": 136.0,
              "y": 295.0
            },
            {
              "x": 142.0,
              "y": 301.0
            },
            {
              "x": 142.0,
              "y": 306.0
            },
            {
              "x": 141.0,
              "y": 307.0
            },
            {
              "x": 141.0,
              "y": 310.0
            },
            {
              "x": 140.0,
              "y": 311.0
            },
            {
              "x": 140.0,
              "y": 315.0
            },
            {
              "x": 142.0,
              "y": 317.0
            },
            {
              "x": 146.0,
              "y": 319.0
            },
            {
              "x": 148.0,
              "y": 319.0
            },
            {
              "x": 151.0,
              "y": 321.0
            },
            {
              "x": 157.0,
              "y": 321.0
            },
            {
              "x": 161.0,
              "y": 323.0
            },
            {
              "x": 166.0,
              "y": 323.0
            },
            {
              "x": 169.0,
              "y": 321.0
            },
            {
              "x": 185.0,
              "y": 321.0
            },
            {
              "x": 186.0,
              "y": 322.0
            },
            {
              "x": 208.0,
              "y": 322.0
            },
            {
              "x": 209.0,
              "y": 323.0
            },
            {
              "x": 212.0,
              "y": 323.0
            },
            {
              "x": 213.0,
              "y": 322.0
            },
            {
              "x": 219.0,
              "y": 322.0
            },
            {
              "x": 220.0,
              "y": 321.0
            },
            {
              "x": 228.0,
              "y": 320.0
            },
            {
              "x": 242.0,
              "y": 313.0
            },
            {
              "x": 245.0,
              "y": 310.0
            },
            {
              "x": 251.0,
              "y": 307.0
            },
            {
              "x": 259.0,
              "y": 299.0
            },
            {
              "x": 259.0,
              "y": 298.0
            },
            {
              "x": 265.0,
              "y": 291.0
            },
            {
              "x": 265.0,
              "y": 289.0
            },
            {
              "x": 267.0,
              "y": 285.0
            },
            {
              "x": 267.0,
              "y": 282.0
            },
            {
              "x": 269.0,
              "y": 279.0
            },
            {
              "x": 269.0,
              "y": 276.0
            },
            {
              "x": 270.0,
              "y": 275.0
            },
            {
              "x": 270.0,
              "y": 270.0
            },
            {
              "x": 271.0,
              "y": 269.0
            },
            {
              "x": 271.0,
              "y": 258.0
            },
            {
              "x": 272.0,
              "y": 257.0
            },
            {
              "x": 272.0,
              "y": 252.0
            },
            {
              "x": 273.0,
              "y": 251.0
            },
            {
              "x": 273.0,
              "y": 248.0
            },
            {
              "x": 275.0,
              "y": 246.0
            },
            {
              "x": 276.0,
              "y": 241.0
            },
            {
              "x": 281.0,
              "y": 235.0
            },
            {
              "x": 282.0,
              "y": 231.0
            },
            {
              "x": 283.0,
              "y": 230.0
            },
            {
              "x": 283.0,
              "y": 228.0
            },
            {
              "x": 284.0,
              "y": 227.0
            },
            {
              "x": 284.0,
              "y": 225.0
            },
            {
              "x": 285.0,
              "y": 224.0
            },
            {
              "x": 285.0,
              "y": 215.0
            },
            {
              "x": 284.0,
              "y": 214.0
            },
            {
              "x": 283.0,
              "y": 209.0
            },
            {
              "x": 281.0,
              "y": 205.0
            },
            {
              "x": 280.0,
              "y": 205.0
            },
            {
              "x": 279.0,
              "y": 203.0
            },
            {
              "x": 273.0,
              "y": 197.0
            }
          ]
        ]
      },
      "properties": [],
      "slot_names": [
        "0"
      ]
    }
  ]
}