{
  "version": "2.0",
  "schema_ref": "https://darwin-public.s3.eu-west-1.amazonaws.com/darwin_json/2.0/schema.json",
  "item": {
    "name": "conchiglie.4qe8ak0k.ingestion-5fd995d986-9zbdz.jpg",
    "path": "/",
    "source_info": {
      "item_id": "018ea5b6-384b-ac5c-3c6f-f1df89819a5c",
      "dataset": {
        "name": "Pasta",
        "slug": "pasta",
        "dataset_management_url": "https://darwin.v7labs.com/datasets/735230/dataset-management"
      },
      "team": {
        "name": "Salvino",
        "slug": "salvino"
      },
      "workview_url": "https://darwin.v7labs.com/workview?dataset=735230&item=018ea5b6-384b-ac5c-3c6f-f1df89819a5c"
    },
    "slots": [
      {
        "type": "image",
        "slot_name": "0",
        "width": 512,
        "height": 512,
        "thumbnail_url": "https://darwin.v7labs.com/api/v2/teams/salvino/files/973f3603-a80b-4ea9-af3a-c814e387954b/thumbnail",
        "source_files": [
          {
            "file_name": "conchiglie.4qe8ak0k.ingestion-5fd995d986-9zbdz.jpg",
            "url": "https://darwin.v7labs.com/api/v2/teams/salvino/uploads/88e13b40-225c-4d3e-af0b-3a8110835410"
          }
        ]
      }
    ]
  },
  "annotations": [
    {
      "bounding_box": {
        "h": 252.0,
        "w": 179.0,
        "x": 89.0,
        "y": 224.0
      },
      "id": "afa163e0-e5ad-4687-bcad-89d15c3362ad",
      "name": "Fusilli",
      "polygon": {
        "paths": [
          [
            {
              "x": 130.0,
              "y": 224.0
            },
            {
              "x": 126.0,
              "y": 227.0
            },
            {
              "x": 125.0,
              "y": 231.0
            },
            {
              "x": 124.0,
              "y": 232.0
            },
            {
              "x": 124.0,
              "y": 235.0
            },
            {
              "x": 121.0,
              "y": 241.0
            },
            {
              "x": 117.0,
              "y": 245.0
            },
            {
              "x": 102.0,
              "y": 245.0
            },
            {
              "x": 101.0,
              "y": 246.0
            },
            {
              "x": 99.0,
              "y": 246.0
            },
            {
              "x": 98.0,
              "y": 247.0
            },
            {
              "x": 96.0,
              "y": 247.0
            },
            {
              "x": 92.0,
              "y": 249.0
            },
            {
              "x": 89.0,
              "y": 253.0
            },
            {
              "x": 89.0,
              "y": 258.0
            },
            {
              "x": 90.0,
              "y": 259.0
            },
            {
              "x": 90.0,
              "y": 261.0
            },
            {
              "x": 99.0,
              "y": 270.0
            },
            {
              "x": 100.0,
              "y": 272.0
            },
            {
              "x": 99.0,
              "y": 274.0
            },
            {
              "x": 99.0,
              "y": 279.0
            },
            {
              "x": 98.0,
              "y": 280.0
            },
            {
              "x": 98.0,
              "y": 298.0
            },
            {
              "x": 99.0,
              "y": 300.0
            },
            {
              "x": 103.0,
              "y": 304.0
            },
            {
              "x": 107.0,
              "y": 306.0
            },
            {
              "x": 109.0,
              "y": 306.0
            },
            {
              "x": 110.0,
              "y": 307.0
            },
            {
              "x": 109.0,
              "y": 315.0
            },
            {
              "x": 108.0,
              "y": 316.0
            },
            {
              "x": 108.0,
              "y": 324.0
            },
            {
              "x": 110.0,
              "y": 328.0
            },
            {
              "x": 115.0,
              "y": 331.0
            },
            {
              "x": 117.0,
              "y": 331.0
            },
            {
              "x": 121.0,
              "y": 333.0
            },
            {
              "x": 123.0,
              "y": 335.0
            },
            {
              "x": 123.0,
              "y": 337.0
            },
            {
              "x": 121.0,
              "y": 340.0
            },
            {
              "x": 121.0,
              "y": 343.0
            },
            {
              "x": 120.0,
              "y": 344.0
            },
            {
              "x": 120.0,
              "y": 350.0
            },
            {
              "x": 121.0,
              "y": 351.0
            },
            {
              "x": 121.0,
              "y": 353.0
            },
            {
              "x": 126.0,
              "y": 358.0
            },
            {
              "x": 132.0,
              "y": 359.0
            },
            {
              "x": 133.0,
              "y": 360.0
            },
            {
              "x": 138.0,
              "y": 360.0
            },
            {
              "x": 140.0,
              "y": 362.0
            },
            {
              "x": 140.0,
              "y": 364.0
            },
            {
              "x": 139.0,
              "y": 365.0
            },
            {
              "x": 139.0,
              "y": 369.0
            },
            {
              "x": 138.0,
              "y": 370.0
            },
            {
              "x": 138.0,
              "y": 380.0
            },
            {
              "x": 140.0,
              "y": 384.0
            },
            {
              "x": 143.0,
              "y": 387.0
            },
            {
              "x": 145.0,
              "y": 387.0
            },
            {
              "x": 149.0,
              "y": 389.0
            },
            {
              "x": 153.0,
              "y": 389.0
            },
            {
              "x": 157.0,
              "y": 391.0
            },
            {
              "x": 158.0,
              "y": 393.0
            },
            {
              "x": 157.0,
              "y": 395.0
            },
            {
              "x": 157.0,
              "y": 410.0
            },
            {
              "x": 163.0,
              "y": 417.0
            },
            {
              "x": 171.0,
              "y": 419.0
            },
            {
              "x": 174.0,
              "y": 421.0
            },
            {
              "x": 175.0,
              "y": 423.0
            },
            {
              "x": 174.0,
              "y": 433.0
            },
            {
              "x": 175.0,
              "y": 434.0
            },
            {
              "x": 175.0,
              "y": 437.0
            },
            {
              "x": 178.0,
              "y": 443.0
            },
            {
              "x": 187.0,
              "y": 448.0
            },
            {
              "x": 190.0,
              "y": 448.0
            },
            {
              "x": 193.0,
              "y": 451.0
            },
            {
              "x": 194.0,
              "y": 453.0
            },
            {
              "x": 193.0,
              "y": 454.0
            },
            {
              "x": 194.0,
              "y": 462.0
            },
            {
              "x": 196.0,
              "y": 464.0
            },
            {
              "x": 197.0,
              "y": 467.0
            },
            {
              "x": 202.0,
              "y": 472.0
            },
            {
              "x": 208.0,
              "y": 475.0
            },
            {
              "x": 213.0,
              "y": 475.0
            },
            {
              "x": 214.0,
              "y": 476.0
            },
            {
              "x": 224.0,
              "y": 476.0
            },
            {
              "x": 225.0,
              "y": 475.0
            },
            {
              "x": 228.0,
              "y": 475.0
            },
            {
              "x": 229.0,
              "y": 474.0
            },
            {
              "x": 231.0,
              "y": 474.0
            },
            {
              "x": 235.0,
              "y": 472.0
            },
            {
              "x": 237.0,
              "y": 470.0
            },
            {
              "x": 237.0,
              "y": 452.0
            },
            {
              "x": 250.0,
              "y": 440.0
            },
            {
              "x": 260.0,
              "y": 440.0
            },
            {
              "x": 261.0,
              "y": 439.0
            },
            {
              "x": 264.0,
              "y": 439.0
            },
            {
              "x": 268.0,
              "y": 436.0
            },
            {
              "x": 268.0,
              "y": 433.0
            },
            {
              "x": 264.0,
              "y": 430.0
            },
            {
              "x": 263.0,
              "y": 430.0
            },
            {
              "x": 260.0,
              "y": 427.0
            },
            {
              "x": 257.0,
              "y": 427.0
            },
            {
              "x": 256.0,
              "y": 426.0
            },
            {
              "x": 254.0,
              "y": 426.0
            },
            {
              "x": 250.0,
              "y": 424.0
            },
            {
              "x": 250.0,
              "y": 420.0
            },
            {
              "x": 253.0,
              "y": 416.0
            },
            {
              "x": 253.0,
              "y": 411.0
            },
            {
              "x": 251.0,
              "y": 409.0
            },
            {
              "x": 250.0,
              "y": 405.0
            },
            {
              "x": 242.0,
              "y": 400.0
            },
            {
              "x": 239.0,
              "y": 400.0
            },
            {
              "x": 236.0,
              "y": 398.0
            },
            {
              "x": 233.0,
              "y": 398.0
            },
            {
              "x": 232.0,
              "y": 397.0
            },
            {
              "x": 232.0,
              "y": 394.0
            },
            {
              "x": 233.0,
              "y": 393.0
            },
            {
              "x": 233.0,
              "y": 380.0
            },
            {
              "x": 228.0,
              "y": 375.0
            },
            {
              "x": 224.0,
              "y": 373.0
            },
            {
              "x": 219.0,
              "y": 372.0
            },
            {
              "x": 215.0,
              "y": 369.0
            },
            {
              "x": 215.0,
              "y": 362.0
            },
            {
              "x": 216.0,
              "y": 361.0
            },
            {
              "x": 216.0,
              "y": 356.0
            },
            {
              "x": 215.0,
              "y": 355.0
            },
            {
              "x": 214.0,
              "y": 351.0
            },
            {
              "x": 209.0,
              "y": 346.0
            },
            {
              "x": 207.0,
              "y": 346.0
            },
            {
              "x": 203.0,
              "y": 344.0
            },
            {
              "x": 200.0,
              "y": 341.0
            },
            {
              "x": 200.0,
              "y": 332.0
            },
            {
              "x": 199.0,
              "y": 331.0
            },
            {
              "x": 199.0,
              "y": 329.0
            },
            {
              "x": 196.0,
              "y": 326.0
            },
            {
              "x": 196.0,
              "y": 325.0
            },
            {
              "x": 195.0,
              "y": 325.0
            },
            {
              "x": 190.0,
              "y": 321.0
            },
            {
              "x": 188.0,
              "y": 321.0
            },
            {
              "x": 185.0,
              "y": 319.0
            },
            {
              "x": 184.0,
              "y": 317.0
            },
            {
              "x": 184.0,
              "y": 311.0
            },
            {
              "x": 185.0,
              "y": 310.0
            },
            {
              "x": 184.0,
              "y": 302.0
            },
            {
              "x": 179.0,
              "y": 296.0
            },
            {
              "x": 176.0,
              "y": 295.0
            },
            {
              "x": 170.0,
              "y": 290.0
            },
            {
              "x": 171.0,
              "y": 288.0
            },
            {
              "x": 171.0,
              "y": 279.0
            },
            {
              "x": 170.0,
              "y": 278.0
            },
            {
              "x": 169.0,
              "y": 274.0
            },
            {
              "x": 166.0,
              "y": 271.0
            },
            {
              "x": 165.0,
              "y": 271.0
            },
            {
              "x": 163.0,
              "y": 269.0
            },
            {
              "x": 156.0,
              "y": 265.0
            },
            {
              "x": 155.0,
              "y": 263.0
            },
            {
              "x": 155.0,
              "y": 257.0
            },
            {
              "x": 154.0,
              "y": 256.0
            },
            {
              "x": 154.0,
              "y": 252.0
            },
            {
              "x": 153.0,
              "y": 251.0
            },
            {
              "x": 153.0,
              "y": 249.0
            },
            {
              "x": 151.0,
              "y": 245.0
            },
            {
              "x": 149.0,
              "y": 243.0
            },
            {
              "x": 146.0,
              "y": 236.0
            },
            {
              "x": 137.0,
              "y": 226.0
            },
            {
              "x": 133.0,
              "y": 224.0
            }
          ]
        ]
      },
      "properties": [],
      "slot_names": [
        "0"
      ]
    }
  ]
}