{
  "version": "2.0",
  "schema_ref": "https://darwin-public.s3.eu-west-1.amazonaws.com/darwin_json/2.0/schema.json",
  "item": {
    "name": "conchiglie.4qe5gf7e.ingestion-5fd995d986-fwdsf.jpg",
    "path": "/",
    "source_info": {
      "item_id": "018ea5b6-3847-d11e-370f-281b0497d49e",
      "dataset": {
        "name": "Pasta",
        "slug": "pasta",
        "dataset_management_url": "https://darwin.v7labs.com/datasets/735230/dataset-management"
      },
      "team": {
        "name": "Salvino",
        "slug": "salvino"
      },
      "workview_url": "https://darwin.v7labs.com/workview?dataset=735230&item=018ea5b6-3847-d11e-370f-281b0497d49e"
    },
    "slots": [
      {
        "type": "image",
        "slot_name": "0",
        "width": 512,
        "height": 512,
        "thumbnail_url": "https://darwin.v7labs.com/api/v2/teams/salvino/files/a1c9fd67-d938-4667-bdd0-6e2826ca00ff/thumbnail",
        "source_files": [
          {
            "file_name": "conchiglie.4qe5gf7e.ingestion-5fd995d986-fwdsf.jpg",
            "url": "https://darwin.v7labs.com/api/v2/teams/salvino/uploads/2e59f915-77b5-4646-bd86-a4536a052e47"
          }
        ]
      }
    ]
  },
  "annotations": [
    {
      "bounding_box": {
        "h": 137.0,
        "w": 158.0,
        "x": 187.0,
        "y": 150.0
      },
      "id": "06d9bb30-1222-4d75-9d0b-ffe944d5b9a3",
      "name": "Conchiglie",
      "polygon": {
        "paths": [
          [
            {
              "x": 194.0,
              "y": 166.0
            },
            {
              "x": 189.0,
              "y": 172.0
            },
            {
              "x": 188.0,
              "y": 174.0
            },
            {
              "x": 188.0,
              "y": 177.0
            },
            {
              "x": 187.0,
              "y": 178.0
            },
            {
              "x": 187.0,
              "y": 194.0
            },
            {
              "x": 188.0,
              "y": 195.0
            },
            {
              "x": 188.0,
              "y": 199.0
            },
            {
              "x": 192.0,
              "y": 204.0
            },
            {
              "x": 192.0,
              "y": 205.0
            },
            {
              "x": 196.0,
              "y": 209.0
            },
            {
              "x": 198.0,
              "y": 213.0
            },
            {
              "x": 202.0,
              "y": 217.0
            },
            {
              "x": 205.0,
              "y": 223.0
            },
            {
              "x": 205.0,
              "y": 229.0
            },
            {
              "x": 206.0,
              "y": 230.0
            },
            {
              "x": 207.0,
              "y": 240.0
            },
            {
              "x": 209.0,
              "y": 244.0
            },
            {
              "x": 209.0,
              "y": 247.0
            },
            {
              "x": 211.0,
              "y": 249.0
            },
            {
              "x": 212.0,
              "y": 253.0
            },
            {
              "x": 214.0,
              "y": 255.0
            },
            {
              "x": 215.0,
              "y": 258.0
            },
            {
              "x": 219.0,
              "y": 262.0
            },
            {
              "x": 221.0,
              "y": 266.0
            },
            {
              "x": 222.0,
              "y": 266.0
            },
            {
              "x": 229.0,
              "y": 273.0
            },
            {
              "x": 233.0,
              "y": 275.0
            },
            {
              "x": 236.0,
              "y": 278.0
            },
            {
              "x": 240.0,
              "y": 280.0
            },
            {
              "x": 242.0,
              "y": 280.0
            },
            {
              "x": 249.0,
              "y": 284.0
            },
            {
              "x": 251.0,
              "y": 284.0
            },
            {
              "x": 252.0,
              "y": 285.0
            },
            {
              "x": 256.0,
              "y": 285.0
            },
            {
              "x": 257.0,
              "y": 286.0
            },
            {
              "x": 262.0,
              "y": 286.0
            },
            {
              "x": 263.0,
              "y": 287.0
            },
            {
              "x": 277.0,
              "y": 287.0
            },
            {
              "x": 278.0,
              "y": 286.0
            },
            {
              "x": 284.0,
              "y": 286.0
            },
            {
              "x": 290.0,
              "y": 283.0
            },
            {
              "x": 292.0,
              "y": 283.0
            },
            {
              "x": 296.0,
              "y": 281.0
            },
            {
              "x": 301.0,
              "y": 277.0
            },
            {
              "x": 302.0,
              "y": 277.0
            },
            {
              "x": 303.0,
              "y": 275.0
            },
            {
              "x": 309.0,
              "y": 272.0
            },
            {
              "x": 313.0,
              "y": 268.0
            },
            {
              "x": 314.0,
              "y": 268.0
            },
            {
              "x": 320.0,
              "y": 263.0
            },
            {
              "x": 324.0,
              "y": 261.0
            },
            {
              "x": 333.0,
              "y": 251.0
            },
            {
              "x": 334.0,
              "y": 251.0
            },
            {
              "x": 337.0,
              "y": 248.0
            },
            {
              "x": 341.0,
              "y": 246.0
            },
            {
              "x": 344.0,
              "y": 242.0
            },
            {
              "x": 344.0,
              "y": 239.0
            },
            {
              "x": 343.0,
              "y": 239.0
            },
            {
              "x": 340.0,
              "y": 235.0
            },
            {
              "x": 340.0,
              "y": 232.0
            },
            {
              "x": 345.0,
              "y": 225.0
            },
            {
              "x": 344.0,
              "y": 221.0
            },
            {
              "x": 334.0,
              "y": 210.0
            },
            {
              "x": 332.0,
              "y": 205.0
            },
            {
              "x": 324.0,
              "y": 197.0
            },
            {
              "x": 318.0,
              "y": 194.0
            },
            {
              "x": 314.0,
              "y": 190.0
            },
            {
              "x": 314.0,
              "y": 189.0
            },
            {
              "x": 310.0,
              "y": 185.0
            },
            {
              "x": 310.0,
              "y": 184.0
            },
            {
              "x": 306.0,
              "y": 180.0
            },
            {
              "x": 306.0,
              "y": 179.0
            },
            {
              "x": 294.0,
              "y": 167.0
            },
            {
              "x": 293.0,
              "y": 167.0
            },
            {
              "x": 292.0,
              "y": 165.0
            },
            {
              "x": 291.0,
              "y": 165.0
            },
            {
              "x": 285.0,
              "y": 160.0
            },
            {
              "x": 280.0,
              "y": 158.0
            },
            {
              "x": 278.0,
              "y": 156.0
            },
            {
              "x": 276.0,
              "y": 156.0
            },
            {
              "x": 269.0,
              "y": 152.0
            },
            {
              "x": 266.0,
              "y": 152.0
            },
            {
              "x": 265.0,
              "y": 151.0
            },
            {
              "x": 260.0,
              "y": 151.0
            },
            {
              "x": 259.0,
              "y": 150.0
            },
            {
              "x": 247.0,
              "y": 150.0
            },
            {
              "x": 246.0,
              "y": 151.0
            },
            {
              "x": 243.0,
              "y": 151.0
            },
            {
              "x": 242.0,
              "y": 152.0
            },
            {
              "x": 239.0,
              "y": 152.0
            },
            {
              "x": 236.0,
              "y": 154.0
            },
            {
              "x": 234.0,
              "y": 154.0
            },
            {
              "x": 221.0,
              "y": 162.0
            },
            {
              "x": 211.0,
              "y": 162.0
            },
            {
              "x": 210.0,
              "y": 163.0
            },
            {
              "x": 202.0,
              "y": 163.0
            },
            {
              "x": 197.0,
              "y": 166.0
            }
          ]
        ]
      },
      "properties": [],
      "slot_names": [
        "0"
      ]
    }
  ]
}