{
  "version": "2.0",
  "schema_ref": "https://darwin-public.s3.eu-west-1.amazonaws.com/darwin_json/2.0/schema.json",
  "item": {
    "name": "conchiglie.4qe7sbn9.ingestion-5fd995d986-l5rgx.jpg",
    "path": "/",
    "source_info": {
      "item_id": "018ea5b6-3844-b7dd-85e7-7d4a8377806d",
      "dataset": {
        "name": "Pasta",
        "slug": "pasta",
        "dataset_management_url": "https://darwin.v7labs.com/datasets/735230/dataset-management"
      },
      "team": {
        "name": "Salvino",
        "slug": "salvino"
      },
      "workview_url": "https://darwin.v7labs.com/workview?dataset=735230&item=018ea5b6-3844-b7dd-85e7-7d4a8377806d"
    },
    "slots": [
      {
        "type": "image",
        "slot_name": "0",
        "width": 512,
        "height": 512,
        "thumbnail_url": "https://darwin.v7labs.com/api/v2/teams/salvino/files/c57696c9-b775-4f7b-8cb1-8273b8a22d4a/thumbnail",
        "source_files": [
          {
            "file_name": "conchiglie.4qe7sbn9.ingestion-5fd995d986-l5rgx.jpg",
            "url": "https://darwin.v7labs.com/api/v2/teams/salvino/uploads/2958f14b-53f1-486c-96d0-1333be1019b3"
          }
        ]
      }
    ]
  },
  "annotations": [
    {
      "bounding_box": {
        "h": 210.0,
        "w": 172.0,
        "x": 180.0,
        "y": 76.0
      },
      "id": "34084db8-e995-4fff-b7e2-9c446087fb05",
      "name": "Farfalle",
      "polygon": {
        "paths": [
          [
            {
              "x": 346.0,
              "y": 94.0
            },
            {
              "x": 342.0,
              "y": 92.0
            },
            {
              "x": 336.0,
              "y": 92.0
            },
            {
              "x": 334.0,
              "y": 94.0
            },
            {
              "x": 326.0,
              "y": 96.0
            },
            {
              "x": 323.0,
              "y": 93.0
            },
            {
              "x": 322.0,
              "y": 86.0
            },
            {
              "x": 319.0,
              "y": 82.0
            },
            {
              "x": 314.0,
              "y": 82.0
            },
            {
              "x": 304.0,
              "y": 87.0
            },
            {
              "x": 301.0,
              "y": 87.0
            },
            {
              "x": 297.0,
              "y": 83.0
            },
            {
              "x": 296.0,
              "y": 80.0
            },
            {
              "x": 291.0,
              "y": 76.0
            },
            {
              "x": 287.0,
              "y": 77.0
            },
            {
              "x": 278.0,
              "y": 85.0
            },
            {
              "x": 275.0,
              "y": 85.0
            },
            {
              "x": 267.0,
              "y": 77.0
            },
            {
              "x": 264.0,
              "y": 77.0
            },
            {
              "x": 261.0,
              "y": 80.0
            },
            {
              "x": 260.0,
              "y": 83.0
            },
            {
              "x": 253.0,
              "y": 88.0
            },
            {
              "x": 249.0,
              "y": 87.0
            },
            {
              "x": 245.0,
              "y": 85.0
            },
            {
              "x": 243.0,
              "y": 83.0
            },
            {
              "x": 240.0,
              "y": 82.0
            },
            {
              "x": 236.0,
              "y": 85.0
            },
            {
              "x": 234.0,
              "y": 89.0
            },
            {
              "x": 229.0,
              "y": 94.0
            },
            {
              "x": 225.0,
              "y": 94.0
            },
            {
              "x": 223.0,
              "y": 92.0
            },
            {
              "x": 221.0,
              "y": 92.0
            },
            {
              "x": 220.0,
              "y": 91.0
            },
            {
              "x": 215.0,
              "y": 91.0
            },
            {
              "x": 213.0,
              "y": 93.0
            },
            {
              "x": 210.0,
              "y": 100.0
            },
            {
              "x": 207.0,
              "y": 103.0
            },
            {
              "x": 193.0,
              "y": 103.0
            },
            {
              "x": 191.0,
              "y": 104.0
            },
            {
              "x": 187.0,
              "y": 108.0
            },
            {
              "x": 185.0,
              "y": 116.0
            },
            {
              "x": 187.0,
              "y": 120.0
            },
            {
              "x": 189.0,
              "y": 121.0
            },
            {
              "x": 190.0,
              "y": 125.0
            },
            {
              "x": 193.0,
              "y": 130.0
            },
            {
              "x": 193.0,
              "y": 132.0
            },
            {
              "x": 195.0,
              "y": 136.0
            },
            {
              "x": 197.0,
              "y": 138.0
            },
            {
              "x": 200.0,
              "y": 144.0
            },
            {
              "x": 204.0,
              "y": 148.0
            },
            {
              "x": 204.0,
              "y": 149.0
            },
            {
              "x": 207.0,
              "y": 152.0
            },
            {
              "x": 208.0,
              "y": 152.0
            },
            {
              "x": 216.0,
              "y": 161.0
            },
            {
              "x": 217.0,
              "y": 161.0
            },
            {
              "x": 222.0,
              "y": 166.0
            },
            {
              "x": 228.0,
              "y": 169.0
            },
            {
              "x": 232.0,
              "y": 169.0
            },
            {
              "x": 234.0,
              "y": 171.0
            },
            {
              "x": 236.0,
              "y": 171.0
            },
            {
              "x": 237.0,
              "y": 172.0
            },
            {
              "x": 237.0,
              "y": 182.0
            },
            {
              "x": 233.0,
              "y": 186.0
            },
            {
              "x": 229.0,
              "y": 187.0
            },
            {
              "x": 219.0,
              "y": 192.0
            },
            {
              "x": 215.0,
              "y": 196.0
            },
            {
              "x": 214.0,
              "y": 196.0
            },
            {
              "x": 214.0,
              "y": 197.0
            },
            {
              "x": 212.0,
              "y": 198.0
            },
            {
              "x": 211.0,
              "y": 200.0
            },
            {
              "x": 202.0,
              "y": 209.0
            },
            {
              "x": 196.0,
              "y": 221.0
            },
            {
              "x": 192.0,
              "y": 226.0
            },
            {
              "x": 189.0,
              "y": 233.0
            },
            {
              "x": 187.0,
              "y": 235.0
            },
            {
              "x": 187.0,
              "y": 236.0
            },
            {
              "x": 185.0,
              "y": 238.0
            },
            {
              "x": 181.0,
              "y": 245.0
            },
            {
              "x": 181.0,
              "y": 249.0
            },
            {
              "x": 180.0,
              "y": 251.0
            },
            {
              "x": 181.0,
              "y": 252.0
            },
            {
              "x": 181.0,
              "y": 256.0
            },
            {
              "x": 182.0,
              "y": 258.0
            },
            {
              "x": 185.0,
              "y": 261.0
            },
            {
              "x": 192.0,
              "y": 261.0
            },
            {
              "x": 195.0,
              "y": 258.0
            },
            {
              "x": 202.0,
              "y": 255.0
            },
            {
              "x": 204.0,
              "y": 257.0
            },
            {
              "x": 204.0,
              "y": 270.0
            },
            {
              "x": 205.0,
              "y": 271.0
            },
            {
              "x": 205.0,
              "y": 273.0
            },
            {
              "x": 211.0,
              "y": 273.0
            },
            {
              "x": 218.0,
              "y": 268.0
            },
            {
              "x": 222.0,
              "y": 267.0
            },
            {
              "x": 223.0,
              "y": 266.0
            },
            {
              "x": 226.0,
              "y": 269.0
            },
            {
              "x": 227.0,
              "y": 273.0
            },
            {
              "x": 228.0,
              "y": 274.0
            },
            {
              "x": 228.0,
              "y": 277.0
            },
            {
              "x": 230.0,
              "y": 279.0
            },
            {
              "x": 232.0,
              "y": 283.0
            },
            {
              "x": 236.0,
              "y": 283.0
            },
            {
              "x": 238.0,
              "y": 281.0
            },
            {
              "x": 239.0,
              "y": 281.0
            },
            {
              "x": 244.0,
              "y": 275.0
            },
            {
              "x": 245.0,
              "y": 275.0
            },
            {
              "x": 247.0,
              "y": 273.0
            },
            {
              "x": 251.0,
              "y": 273.0
            },
            {
              "x": 254.0,
              "y": 276.0
            },
            {
              "x": 257.0,
              "y": 283.0
            },
            {
              "x": 260.0,
              "y": 286.0
            },
            {
              "x": 265.0,
              "y": 286.0
            },
            {
              "x": 269.0,
              "y": 281.0
            },
            {
              "x": 269.0,
              "y": 279.0
            },
            {
              "x": 273.0,
              "y": 275.0
            },
            {
              "x": 274.0,
              "y": 273.0
            },
            {
              "x": 278.0,
              "y": 273.0
            },
            {
              "x": 282.0,
              "y": 277.0
            },
            {
              "x": 284.0,
              "y": 281.0
            },
            {
              "x": 288.0,
              "y": 284.0
            },
            {
              "x": 291.0,
              "y": 284.0
            },
            {
              "x": 294.0,
              "y": 282.0
            },
            {
              "x": 297.0,
              "y": 276.0
            },
            {
              "x": 298.0,
              "y": 272.0
            },
            {
              "x": 302.0,
              "y": 268.0
            },
            {
              "x": 306.0,
              "y": 269.0
            },
            {
              "x": 316.0,
              "y": 276.0
            },
            {
              "x": 318.0,
              "y": 276.0
            },
            {
              "x": 324.0,
              "y": 273.0
            },
            {
              "x": 326.0,
              "y": 274.0
            },
            {
              "x": 326.0,
              "y": 272.0
            },
            {
              "x": 325.0,
              "y": 271.0
            },
            {
              "x": 325.0,
              "y": 264.0
            },
            {
              "x": 326.0,
              "y": 263.0
            },
            {
              "x": 325.0,
              "y": 260.0
            },
            {
              "x": 326.0,
              "y": 259.0
            },
            {
              "x": 327.0,
              "y": 259.0
            },
            {
              "x": 330.0,
              "y": 262.0
            },
            {
              "x": 340.0,
              "y": 267.0
            },
            {
              "x": 342.0,
              "y": 267.0
            },
            {
              "x": 343.0,
              "y": 268.0
            },
            {
              "x": 347.0,
              "y": 267.0
            },
            {
              "x": 351.0,
              "y": 260.0
            },
            {
              "x": 351.0,
              "y": 257.0
            },
            {
              "x": 352.0,
              "y": 256.0
            },
            {
              "x": 352.0,
              "y": 250.0
            },
            {
              "x": 347.0,
              "y": 243.0
            },
            {
              "x": 345.0,
              "y": 235.0
            },
            {
              "x": 341.0,
              "y": 228.0
            },
            {
              "x": 341.0,
              "y": 226.0
            },
            {
              "x": 339.0,
              "y": 224.0
            },
            {
              "x": 336.0,
              "y": 218.0
            },
            {
              "x": 335.0,
              "y": 214.0
            },
            {
              "x": 331.0,
              "y": 210.0
            },
            {
              "x": 331.0,
              "y": 209.0
            },
            {
              "x": 326.0,
              "y": 203.0
            },
            {
              "x": 326.0,
              "y": 202.0
            },
            {
              "x": 316.0,
              "y": 192.0
            },
            {
              "x": 312.0,
              "y": 191.0
            },
            {
              "x": 310.0,
              "y": 189.0
            },
            {
              "x": 304.0,
              "y": 186.0
            },
            {
              "x": 302.0,
              "y": 186.0
            },
            {
              "x": 301.0,
              "y": 185.0
            },
            {
              "x": 296.0,
              "y": 185.0
            },
            {
              "x": 292.0,
              "y": 181.0
            },
            {
              "x": 292.0,
              "y": 179.0
            },
            {
              "x": 291.0,
              "y": 178.0
            },
            {
              "x": 291.0,
              "y": 174.0
            },
            {
              "x": 295.0,
              "y": 169.0
            },
            {
              "x": 302.0,
              "y": 166.0
            },
            {
              "x": 304.0,
              "y": 164.0
            },
            {
              "x": 307.0,
              "y": 163.0
            },
            {
              "x": 309.0,
              "y": 161.0
            },
            {
              "x": 313.0,
              "y": 159.0
            },
            {
              "x": 317.0,
              "y": 155.0
            },
            {
              "x": 318.0,
              "y": 155.0
            },
            {
              "x": 318.0,
              "y": 154.0
            },
            {
              "x": 326.0,
              "y": 146.0
            },
            {
              "x": 326.0,
              "y": 145.0
            },
            {
              "x": 334.0,
              "y": 134.0
            },
            {
              "x": 349.0,
              "y": 104.0
            },
            {
              "x": 349.0,
              "y": 98.0
            },
            {
              "x": 348.0,
              "y": 96.0
            }
          ]
        ]
      },
      "properties": [],
      "slot_names": [
        "0"
      ]
    }
  ]
}