{
  "version": "2.0",
  "schema_ref": "https://darwin-public.s3.eu-west-1.amazonaws.com/darwin_json/2.0/schema.json",
  "item": {
    "name": "conchiglie.4qe8ad2a.ingestion-5fd995d986-9zbdz.jpg",
    "path": "/",
    "source_info": {
      "item_id": "018ea5b6-384b-da11-3748-8e94e00a35ed",
      "dataset": {
        "name": "Pasta",
        "slug": "pasta",
        "dataset_management_url": "https://darwin.v7labs.com/datasets/735230/dataset-management"
      },
      "team": {
        "name": "Salvino",
        "slug": "salvino"
      },
      "workview_url": "https://darwin.v7labs.com/workview?dataset=735230&item=018ea5b6-384b-da11-3748-8e94e00a35ed"
    },
    "slots": [
      {
        "type": "image",
        "slot_name": "0",
        "width": 512,
        "height": 512,
        "thumbnail_url": "https://darwin.v7labs.com/api/v2/teams/salvino/files/173c6f40-b53a-4052-9877-7fe7053da752/thumbnail",
        "source_files": [
          {
            "file_name": "conchiglie.4qe8ad2a.ingestion-5fd995d986-9zbdz.jpg",
            "url": "https://darwin.v7labs.com/api/v2/teams/salvino/uploads/73b5b343-42a1-48cc-8335-124ba1085cab"
          }
        ]
      }
    ]
  },
  "annotations": [
    {
      "bounding_box": {
        "h": 238.0,
        "w": 111.0,
        "x": 290.0,
        "y": 209.0
      },
      "id": "27a46c5e-e46b-4373-86a9-1c53709f8948",
      "name": "Fusilli",
      "polygon": {
        "paths": [
          [
            {
              "x": 365.0,
              "y": 209.0
            },
            {
              "x": 359.0,
              "y": 209.0
            },
            {
              "x": 351.0,
              "y": 215.0
            },
            {
              "x": 349.0,
              "y": 215.0
            },
            {
              "x": 348.0,
              "y": 216.0
            },
            {
              "x": 344.0,
              "y": 216.0
            },
            {
              "x": 338.0,
              "y": 222.0
            },
            {
              "x": 337.0,
              "y": 225.0
            },
            {
              "x": 329.0,
              "y": 234.0
            },
            {
              "x": 329.0,
              "y": 235.0
            },
            {
              "x": 327.0,
              "y": 237.0
            },
            {
              "x": 327.0,
              "y": 244.0
            },
            {
              "x": 331.0,
              "y": 249.0
            },
            {
              "x": 332.0,
              "y": 252.0
            },
            {
              "x": 329.0,
              "y": 254.0
            },
            {
              "x": 325.0,
              "y": 254.0
            },
            {
              "x": 323.0,
              "y": 255.0
            },
            {
              "x": 317.0,
              "y": 261.0
            },
            {
              "x": 317.0,
              "y": 266.0
            },
            {
              "x": 318.0,
              "y": 268.0
            },
            {
              "x": 325.0,
              "y": 275.0
            },
            {
              "x": 325.0,
              "y": 277.0
            },
            {
              "x": 324.0,
              "y": 278.0
            },
            {
              "x": 318.0,
              "y": 279.0
            },
            {
              "x": 314.0,
              "y": 281.0
            },
            {
              "x": 310.0,
              "y": 285.0
            },
            {
              "x": 309.0,
              "y": 287.0
            },
            {
              "x": 309.0,
              "y": 292.0
            },
            {
              "x": 311.0,
              "y": 294.0
            },
            {
              "x": 311.0,
              "y": 295.0
            },
            {
              "x": 318.0,
              "y": 302.0
            },
            {
              "x": 320.0,
              "y": 303.0
            },
            {
              "x": 321.0,
              "y": 305.0
            },
            {
              "x": 319.0,
              "y": 307.0
            },
            {
              "x": 316.0,
              "y": 307.0
            },
            {
              "x": 310.0,
              "y": 310.0
            },
            {
              "x": 306.0,
              "y": 314.0
            },
            {
              "x": 305.0,
              "y": 314.0
            },
            {
              "x": 304.0,
              "y": 318.0
            },
            {
              "x": 303.0,
              "y": 319.0
            },
            {
              "x": 303.0,
              "y": 321.0
            },
            {
              "x": 304.0,
              "y": 322.0
            },
            {
              "x": 305.0,
              "y": 326.0
            },
            {
              "x": 314.0,
              "y": 335.0
            },
            {
              "x": 314.0,
              "y": 336.0
            },
            {
              "x": 312.0,
              "y": 338.0
            },
            {
              "x": 310.0,
              "y": 338.0
            },
            {
              "x": 306.0,
              "y": 341.0
            },
            {
              "x": 305.0,
              "y": 341.0
            },
            {
              "x": 300.0,
              "y": 346.0
            },
            {
              "x": 299.0,
              "y": 348.0
            },
            {
              "x": 298.0,
              "y": 354.0
            },
            {
              "x": 299.0,
              "y": 355.0
            },
            {
              "x": 300.0,
              "y": 359.0
            },
            {
              "x": 303.0,
              "y": 362.0
            },
            {
              "x": 305.0,
              "y": 367.0
            },
            {
              "x": 303.0,
              "y": 368.0
            },
            {
              "x": 295.0,
              "y": 376.0
            },
            {
              "x": 294.0,
              "y": 380.0
            },
            {
              "x": 293.0,
              "y": 381.0
            },
            {
              "x": 294.0,
              "y": 389.0
            },
            {
              "x": 297.0,
              "y": 393.0
            },
            {
              "x": 297.0,
              "y": 394.0
            },
            {
              "x": 300.0,
              "y": 397.0
            },
            {
              "x": 300.0,
              "y": 399.0
            },
            {
              "x": 298.0,
              "y": 401.0
            },
            {
              "x": 294.0,
              "y": 403.0
            },
            {
              "x": 294.0,
              "y": 404.0
            },
            {
              "x": 292.0,
              "y": 406.0
            },
            {
              "x": 290.0,
              "y": 410.0
            },
            {
              "x": 290.0,
              "y": 417.0
            },
            {
              "x": 295.0,
              "y": 424.0
            },
            {
              "x": 295.0,
              "y": 426.0
            },
            {
              "x": 299.0,
              "y": 431.0
            },
            {
              "x": 300.0,
              "y": 434.0
            },
            {
              "x": 303.0,
              "y": 437.0
            },
            {
              "x": 307.0,
              "y": 439.0
            },
            {
              "x": 312.0,
              "y": 440.0
            },
            {
              "x": 314.0,
              "y": 442.0
            },
            {
              "x": 318.0,
              "y": 443.0
            },
            {
              "x": 323.0,
              "y": 447.0
            },
            {
              "x": 330.0,
              "y": 447.0
            },
            {
              "x": 331.0,
              "y": 445.0
            },
            {
              "x": 333.0,
              "y": 444.0
            },
            {
              "x": 335.0,
              "y": 439.0
            },
            {
              "x": 337.0,
              "y": 437.0
            },
            {
              "x": 341.0,
              "y": 437.0
            },
            {
              "x": 342.0,
              "y": 438.0
            },
            {
              "x": 346.0,
              "y": 439.0
            },
            {
              "x": 349.0,
              "y": 442.0
            },
            {
              "x": 349.0,
              "y": 443.0
            },
            {
              "x": 353.0,
              "y": 446.0
            },
            {
              "x": 363.0,
              "y": 446.0
            },
            {
              "x": 366.0,
              "y": 444.0
            },
            {
              "x": 366.0,
              "y": 441.0
            },
            {
              "x": 367.0,
              "y": 440.0
            },
            {
              "x": 366.0,
              "y": 432.0
            },
            {
              "x": 361.0,
              "y": 426.0
            },
            {
              "x": 360.0,
              "y": 423.0
            },
            {
              "x": 358.0,
              "y": 422.0
            },
            {
              "x": 358.0,
              "y": 420.0
            },
            {
              "x": 359.0,
              "y": 419.0
            },
            {
              "x": 363.0,
              "y": 419.0
            },
            {
              "x": 365.0,
              "y": 418.0
            },
            {
              "x": 367.0,
              "y": 416.0
            },
            {
              "x": 367.0,
              "y": 415.0
            },
            {
              "x": 369.0,
              "y": 414.0
            },
            {
              "x": 370.0,
              "y": 412.0
            },
            {
              "x": 370.0,
              "y": 407.0
            },
            {
              "x": 366.0,
              "y": 401.0
            },
            {
              "x": 365.0,
              "y": 395.0
            },
            {
              "x": 364.0,
              "y": 394.0
            },
            {
              "x": 364.0,
              "y": 391.0
            },
            {
              "x": 365.0,
              "y": 390.0
            },
            {
              "x": 365.0,
              "y": 388.0
            },
            {
              "x": 367.0,
              "y": 386.0
            },
            {
              "x": 370.0,
              "y": 385.0
            },
            {
              "x": 373.0,
              "y": 381.0
            },
            {
              "x": 374.0,
              "y": 372.0
            },
            {
              "x": 373.0,
              "y": 371.0
            },
            {
              "x": 373.0,
              "y": 369.0
            },
            {
              "x": 371.0,
              "y": 365.0
            },
            {
              "x": 371.0,
              "y": 358.0
            },
            {
              "x": 373.0,
              "y": 354.0
            },
            {
              "x": 377.0,
              "y": 350.0
            },
            {
              "x": 378.0,
              "y": 348.0
            },
            {
              "x": 378.0,
              "y": 346.0
            },
            {
              "x": 377.0,
              "y": 345.0
            },
            {
              "x": 377.0,
              "y": 335.0
            },
            {
              "x": 375.0,
              "y": 332.0
            },
            {
              "x": 375.0,
              "y": 329.0
            },
            {
              "x": 376.0,
              "y": 328.0
            },
            {
              "x": 376.0,
              "y": 326.0
            },
            {
              "x": 378.0,
              "y": 325.0
            },
            {
              "x": 379.0,
              "y": 321.0
            },
            {
              "x": 380.0,
              "y": 320.0
            },
            {
              "x": 379.0,
              "y": 303.0
            },
            {
              "x": 382.0,
              "y": 300.0
            },
            {
              "x": 383.0,
              "y": 296.0
            },
            {
              "x": 386.0,
              "y": 291.0
            },
            {
              "x": 386.0,
              "y": 276.0
            },
            {
              "x": 391.0,
              "y": 271.0
            },
            {
              "x": 392.0,
              "y": 269.0
            },
            {
              "x": 392.0,
              "y": 266.0
            },
            {
              "x": 393.0,
              "y": 265.0
            },
            {
              "x": 393.0,
              "y": 258.0
            },
            {
              "x": 392.0,
              "y": 257.0
            },
            {
              "x": 392.0,
              "y": 253.0
            },
            {
              "x": 391.0,
              "y": 252.0
            },
            {
              "x": 391.0,
              "y": 250.0
            },
            {
              "x": 392.0,
              "y": 249.0
            },
            {
              "x": 393.0,
              "y": 244.0
            },
            {
              "x": 396.0,
              "y": 242.0
            },
            {
              "x": 398.0,
              "y": 238.0
            },
            {
              "x": 398.0,
              "y": 236.0
            },
            {
              "x": 400.0,
              "y": 233.0
            },
            {
              "x": 400.0,
              "y": 230.0
            },
            {
              "x": 401.0,
              "y": 229.0
            },
            {
              "x": 401.0,
              "y": 223.0
            },
            {
              "x": 398.0,
              "y": 219.0
            },
            {
              "x": 394.0,
              "y": 219.0
            },
            {
              "x": 393.0,
              "y": 218.0
            },
            {
              "x": 382.0,
              "y": 218.0
            },
            {
              "x": 372.0,
              "y": 211.0
            },
            {
              "x": 366.0,
              "y": 210.0
            }
          ]
        ]
      },
      "properties": [],
      "slot_names": [
        "0"
      ]
    }
  ]
}