{
  "version": "2.0",
  "schema_ref": "https://darwin-public.s3.eu-west-1.amazonaws.com/darwin_json/2.0/schema.json",
  "item": {
    "name": "ditalini.4qem519k.ingestion-5fd995d986-l5rgx.jpg",
    "path": "/",
    "source_info": {
      "item_id": "018ea5b6-3850-d033-51fb-1b637da91e9b",
      "dataset": {
        "name": "Pasta",
        "slug": "pasta",
        "dataset_management_url": "https://darwin.v7labs.com/datasets/735230/dataset-management"
      },
      "team": {
        "name": "Salvino",
        "slug": "salvino"
      },
      "workview_url": "https://darwin.v7labs.com/workview?dataset=735230&item=018ea5b6-3850-d033-51fb-1b637da91e9b"
    },
    "slots": [
      {
        "type": "image",
        "slot_name": "0",
        "width": 512,
        "height": 512,
        "thumbnail_url": "https://darwin.v7labs.com/api/v2/teams/salvino/files/d845bd65-8ed1-4e86-92c7-489a33537b9c/thumbnail",
        "source_files": [
          {
            "file_name": "ditalini.4qem519k.ingestion-5fd995d986-l5rgx.jpg",
            "url": "https://darwin.v7labs.com/api/v2/teams/salvino/uploads/af693f58-0030-49af-a77f-5fa8b8ba8ab6"
          }
        ]
      }
    ]
  },
  "annotations": [
    {
      "bounding_box": {
        "h": 85.0,
        "w": 57.0,
        "x": 213.0,
        "y": 148.0
      },
      "id": "f56cf6af-365d-40cb-9257-506d06941729",
      "name": "Ditalini",
      "polygon": {
        "paths": [
          [
            {
              "x": 235.0,
              "y": 148.0
            },
            {
              "x": 234.0,
              "y": 149.0
            },
            {
              "x": 229.0,
              "y": 150.0
            },
            {
              "x": 221.0,
              "y": 157.0
            },
            {
              "x": 217.0,
              "y": 165.0
            },
            {
              "x": 217.0,
              "y": 167.0
            },
            {
              "x": 215.0,
              "y": 170.0
            },
            {
              "x": 215.0,
              "y": 174.0
            },
            {
              "x": 214.0,
              "y": 175.0
            },
            {
              "x": 214.0,
              "y": 183.0
            },
            {
              "x": 213.0,
              "y": 184.0
            },
            {
              "x": 213.0,
              "y": 205.0
            },
            {
              "x": 214.0,
              "y": 206.0
            },
            {
              "x": 214.0,
              "y": 211.0
            },
            {
              "x": 219.0,
              "y": 221.0
            },
            {
              "x": 226.0,
              "y": 228.0
            },
            {
              "x": 227.0,
              "y": 228.0
            },
            {
              "x": 229.0,
              "y": 230.0
            },
            {
              "x": 233.0,
              "y": 232.0
            },
            {
              "x": 237.0,
              "y": 232.0
            },
            {
              "x": 238.0,
              "y": 233.0
            },
            {
              "x": 245.0,
              "y": 233.0
            },
            {
              "x": 246.0,
              "y": 232.0
            },
            {
              "x": 248.0,
              "y": 232.0
            },
            {
              "x": 252.0,
              "y": 229.0
            },
            {
              "x": 253.0,
              "y": 229.0
            },
            {
              "x": 258.0,
              "y": 223.0
            },
            {
              "x": 262.0,
              "y": 215.0
            },
            {
              "x": 262.0,
              "y": 212.0
            },
            {
              "x": 263.0,
              "y": 211.0
            },
            {
              "x": 264.0,
              "y": 205.0
            },
            {
              "x": 265.0,
              "y": 204.0
            },
            {
              "x": 265.0,
              "y": 199.0
            },
            {
              "x": 266.0,
              "y": 198.0
            },
            {
              "x": 266.0,
              "y": 195.0
            },
            {
              "x": 267.0,
              "y": 194.0
            },
            {
              "x": 267.0,
              "y": 191.0
            },
            {
              "x": 268.0,
              "y": 190.0
            },
            {
              "x": 268.0,
              "y": 186.0
            },
            {
              "x": 269.0,
              "y": 185.0
            },
            {
              "x": 269.0,
              "y": 182.0
            },
            {
              "x": 270.0,
              "y": 181.0
            },
            {
              "x": 270.0,
              "y": 168.0
            },
            {
              "x": 269.0,
              "y": 167.0
            },
            {
              "x": 269.0,
              "y": 165.0
            },
            {
              "x": 267.0,
              "y": 161.0
            },
            {
              "x": 264.0,
              "y": 158.0
            },
            {
              "x": 264.0,
              "y": 157.0
            },
            {
              "x": 263.0,
              "y": 157.0
            },
            {
              "x": 261.0,
              "y": 155.0
            },
            {
              "x": 261.0,
              "y": 154.0
            },
            {
              "x": 260.0,
              "y": 154.0
            },
            {
              "x": 258.0,
              "y": 152.0
            },
            {
              "x": 254.0,
              "y": 150.0
            },
            {
              "x": 252.0,
              "y": 150.0
            },
            {
              "x": 251.0,
              "y": 149.0
            },
            {
              "x": 248.0,
              "y": 149.0
            },
            {
              "x": 247.0,
              "y": 148.0
            }
          ]
        ]
      },
      "properties": [],
      "slot_names": [
        "0"
      ]
    }
  ]
}