{
  "version": "2.0",
  "schema_ref": "https://darwin-public.s3.eu-west-1.amazonaws.com/darwin_json/2.0/schema.json",
  "item": {
    "name": "ditalini.4qem81qk.ingestion-5fd995d986-9zbdz.jpg",
    "path": "/",
    "source_info": {
      "item_id": "018ea5b6-3853-1a75-2a74-6719a28900fb",
      "dataset": {
        "name": "Pasta",
        "slug": "pasta",
        "dataset_management_url": "https://darwin.v7labs.com/datasets/735230/dataset-management"
      },
      "team": {
        "name": "Salvino",
        "slug": "salvino"
      },
      "workview_url": "https://darwin.v7labs.com/workview?dataset=735230&item=018ea5b6-3853-1a75-2a74-6719a28900fb"
    },
    "slots": [
      {
        "type": "image",
        "slot_name": "0",
        "width": 512,
        "height": 512,
        "thumbnail_url": "https://darwin.v7labs.com/api/v2/teams/salvino/files/a2fb284b-07ac-44f4-8777-cdcddcd63a31/thumbnail",
        "source_files": [
          {
            "file_name": "ditalini.4qem81qk.ingestion-5fd995d986-9zbdz.jpg",
            "url": "https://darwin.v7labs.com/api/v2/teams/salvino/uploads/8282066b-5113-4ad1-80a6-99510ee393cc"
          }
        ]
      }
    ]
  },
  "annotations": [
    {
      "bounding_box": {
        "h": 93.0,
        "w": 77.0,
        "x": 115.0,
        "y": 147.0
      },
      "id": "730edc2a-c38a-41fe-9b45-eec0c6d25d42",
      "name": "Ditalini",
      "polygon": {
        "paths": [
          [
            {
              "x": 147.0,
              "y": 147.0
            },
            {
              "x": 146.0,
              "y": 148.0
            },
            {
              "x": 143.0,
              "y": 148.0
            },
            {
              "x": 139.0,
              "y": 151.0
            },
            {
              "x": 138.0,
              "y": 151.0
            },
            {
              "x": 130.0,
              "y": 159.0
            },
            {
              "x": 130.0,
              "y": 161.0
            },
            {
              "x": 129.0,
              "y": 162.0
            },
            {
              "x": 129.0,
              "y": 164.0
            },
            {
              "x": 128.0,
              "y": 165.0
            },
            {
              "x": 128.0,
              "y": 167.0
            },
            {
              "x": 127.0,
              "y": 168.0
            },
            {
              "x": 127.0,
              "y": 170.0
            },
            {
              "x": 126.0,
              "y": 171.0
            },
            {
              "x": 126.0,
              "y": 173.0
            },
            {
              "x": 124.0,
              "y": 177.0
            },
            {
              "x": 124.0,
              "y": 180.0
            },
            {
              "x": 123.0,
              "y": 181.0
            },
            {
              "x": 123.0,
              "y": 184.0
            },
            {
              "x": 122.0,
              "y": 185.0
            },
            {
              "x": 122.0,
              "y": 188.0
            },
            {
              "x": 121.0,
              "y": 189.0
            },
            {
              "x": 121.0,
              "y": 192.0
            },
            {
              "x": 120.0,
              "y": 193.0
            },
            {
              "x": 120.0,
              "y": 196.0
            },
            {
              "x": 119.0,
              "y": 197.0
            },
            {
              "x": 119.0,
              "y": 200.0
            },
            {
              "x": 118.0,
              "y": 201.0
            },
            {
              "x": 118.0,
              "y": 205.0
            },
            {
              "x": 117.0,
              "y": 206.0
            },
            {
              "x": 117.0,
              "y": 209.0
            },
            {
              "x": 116.0,
              "y": 210.0
            },
            {
              "x": 116.0,
              "y": 215.0
            },
            {
              "x": 115.0,
              "y": 216.0
            },
            {
              "x": 115.0,
              "y": 221.0
            },
            {
              "x": 116.0,
              "y": 222.0
            },
            {
              "x": 116.0,
              "y": 225.0
            },
            {
              "x": 120.0,
              "y": 231.0
            },
            {
              "x": 128.0,
              "y": 235.0
            },
            {
              "x": 130.0,
              "y": 235.0
            },
            {
              "x": 133.0,
              "y": 237.0
            },
            {
              "x": 136.0,
              "y": 237.0
            },
            {
              "x": 137.0,
              "y": 238.0
            },
            {
              "x": 140.0,
              "y": 238.0
            },
            {
              "x": 141.0,
              "y": 239.0
            },
            {
              "x": 146.0,
              "y": 239.0
            },
            {
              "x": 147.0,
              "y": 240.0
            },
            {
              "x": 167.0,
              "y": 240.0
            },
            {
              "x": 168.0,
              "y": 239.0
            },
            {
              "x": 171.0,
              "y": 239.0
            },
            {
              "x": 175.0,
              "y": 237.0
            },
            {
              "x": 180.0,
              "y": 232.0
            },
            {
              "x": 181.0,
              "y": 230.0
            },
            {
              "x": 181.0,
              "y": 226.0
            },
            {
              "x": 182.0,
              "y": 225.0
            },
            {
              "x": 183.0,
              "y": 214.0
            },
            {
              "x": 185.0,
              "y": 210.0
            },
            {
              "x": 185.0,
              "y": 205.0
            },
            {
              "x": 186.0,
              "y": 204.0
            },
            {
              "x": 187.0,
              "y": 195.0
            },
            {
              "x": 188.0,
              "y": 194.0
            },
            {
              "x": 188.0,
              "y": 191.0
            },
            {
              "x": 189.0,
              "y": 190.0
            },
            {
              "x": 189.0,
              "y": 187.0
            },
            {
              "x": 190.0,
              "y": 186.0
            },
            {
              "x": 190.0,
              "y": 183.0
            },
            {
              "x": 191.0,
              "y": 182.0
            },
            {
              "x": 192.0,
              "y": 172.0
            },
            {
              "x": 191.0,
              "y": 171.0
            },
            {
              "x": 191.0,
              "y": 168.0
            },
            {
              "x": 187.0,
              "y": 160.0
            },
            {
              "x": 179.0,
              "y": 153.0
            },
            {
              "x": 175.0,
              "y": 151.0
            },
            {
              "x": 173.0,
              "y": 151.0
            },
            {
              "x": 170.0,
              "y": 149.0
            },
            {
              "x": 165.0,
              "y": 148.0
            },
            {
              "x": 164.0,
              "y": 147.0
            }
          ]
        ]
      },
      "properties": [],
      "slot_names": [
        "0"
      ]
    }
  ]
}