{
  "version": "2.0",
  "schema_ref": "https://darwin-public.s3.eu-west-1.amazonaws.com/darwin_json/2.0/schema.json",
  "item": {
    "name": "ditalini.4qem72ks.ingestion-5fd995d986-9zbdz.jpg",
    "path": "/",
    "source_info": {
      "item_id": "018ea5b6-3853-5ae3-e8dc-5866aec353ce",
      "dataset": {
        "name": "Pasta",
        "slug": "pasta",
        "dataset_management_url": "https://darwin.v7labs.com/datasets/735230/dataset-management"
      },
      "team": {
        "name": "Salvino",
        "slug": "salvino"
      },
      "workview_url": "https://darwin.v7labs.com/workview?dataset=735230&item=018ea5b6-3853-5ae3-e8dc-5866aec353ce"
    },
    "slots": [
      {
        "type": "image",
        "slot_name": "0",
        "width": 512,
        "height": 512,
        "thumbnail_url": "https://darwin.v7labs.com/api/v2/teams/salvino/files/a3126b9a-30fa-456e-b979-26387261bb04/thumbnail",
        "source_files": [
          {
            "file_name": "ditalini.4qem72ks.ingestion-5fd995d986-9zbdz.jpg",
            "url": "https://darwin.v7labs.com/api/v2/teams/salvino/uploads/7113265f-b681-48fd-ad8a-e273c77ec26a"
          }
        ]
      }
    ]
  },
  "annotations": [
    {
      "bounding_box": {
        "h": 84.0,
        "w": 67.0,
        "x": 96.0,
        "y": 86.0
      },
      "id": "4055c076-5995-4ebb-a11f-232b34a9c438",
      "name": "Ditalini",
      "polygon": {
        "paths": [
          [
            {
              "x": 128.0,
              "y": 86.0
            },
            {
              "x": 138.0,
              "y": 87.0
            },
            {
              "x": 139.0,
              "y": 87.0
            },
            {
              "x": 151.0,
              "y": 93.0
            },
            {
              "x": 152.0,
              "y": 93.0
            },
            {
              "x": 159.0,
              "y": 101.0
            },
            {
              "x": 160.0,
              "y": 102.0
            },
            {
              "x": 162.0,
              "y": 112.0
            },
            {
              "x": 163.0,
              "y": 113.0
            },
            {
              "x": 155.0,
              "y": 157.0
            },
            {
              "x": 155.0,
              "y": 158.0
            },
            {
              "x": 150.0,
              "y": 164.0
            },
            {
              "x": 149.0,
              "y": 165.0
            },
            {
              "x": 141.0,
              "y": 168.0
            },
            {
              "x": 140.0,
              "y": 169.0
            },
            {
              "x": 135.0,
              "y": 169.0
            },
            {
              "x": 134.0,
              "y": 170.0
            },
            {
              "x": 118.0,
              "y": 168.0
            },
            {
              "x": 117.0,
              "y": 168.0
            },
            {
              "x": 109.0,
              "y": 164.0
            },
            {
              "x": 108.0,
              "y": 164.0
            },
            {
              "x": 99.0,
              "y": 156.0
            },
            {
              "x": 98.0,
              "y": 155.0
            },
            {
              "x": 97.0,
              "y": 147.0
            },
            {
              "x": 96.0,
              "y": 146.0
            },
            {
              "x": 102.0,
              "y": 113.0
            },
            {
              "x": 102.0,
              "y": 112.0
            },
            {
              "x": 106.0,
              "y": 101.0
            },
            {
              "x": 106.0,
              "y": 100.0
            },
            {
              "x": 114.0,
              "y": 92.0
            },
            {
              "x": 115.0,
              "y": 91.0
            },
            {
              "x": 128.0,
              "y": 86.0
            }
          ]
        ]
      },
      "properties": [],
      "slot_names": [
        "0"
      ]
    }
  ]
}