{
  "version": "2.0",
  "schema_ref": "https://darwin-public.s3.eu-west-1.amazonaws.com/darwin_json/2.0/schema.json",
  "item": {
    "name": "ditalini.4qem8k3e.ingestion-5fd995d986-l5rgx.jpg",
    "path": "/",
    "source_info": {
      "item_id": "018ea5b6-3853-beb6-fc09-a624d9f6cdfe",
      "dataset": {
        "name": "Pasta",
        "slug": "pasta",
        "dataset_management_url": "https://darwin.v7labs.com/datasets/735230/dataset-management"
      },
      "team": {
        "name": "Salvino",
        "slug": "salvino"
      },
      "workview_url": "https://darwin.v7labs.com/workview?dataset=735230&item=018ea5b6-3853-beb6-fc09-a624d9f6cdfe"
    },
    "slots": [
      {
        "type": "image",
        "slot_name": "0",
        "width": 512,
        "height": 512,
        "thumbnail_url": "https://darwin.v7labs.com/api/v2/teams/salvino/files/e5aff7ee-b1ac-4715-b813-4d046f5d1634/thumbnail",
        "source_files": [
          {
            "file_name": "ditalini.4qem8k3e.ingestion-5fd995d986-l5rgx.jpg",
            "url": "https://darwin.v7labs.com/api/v2/teams/salvino/uploads/4341eed8-4586-4139-b53a-2a1853dbbeff"
          }
        ]
      }
    ]
  },
  "annotations": [
    {
      "bounding_box": {
        "h": 89.0,
        "w": 65.0,
        "x": 253.0,
        "y": 162.0
      },
      "id": "f5c81ba1-e13b-473d-856f-e62f483a29ec",
      "name": "Ditalini",
      "polygon": {
        "paths": [
          [
            {
              "x": 284.0,
              "y": 162.0
            },
            {
              "x": 295.0,
              "y": 163.0
            },
            {
              "x": 296.0,
              "y": 163.0
            },
            {
              "x": 307.0,
              "y": 168.0
            },
            {
              "x": 308.0,
              "y": 168.0
            },
            {
              "x": 313.0,
              "y": 173.0
            },
            {
              "x": 314.0,
              "y": 174.0
            },
            {
              "x": 316.0,
              "y": 179.0
            },
            {
              "x": 317.0,
              "y": 180.0
            },
            {
              "x": 318.0,
              "y": 229.0
            },
            {
              "x": 318.0,
              "y": 230.0
            },
            {
              "x": 316.0,
              "y": 240.0
            },
            {
              "x": 316.0,
              "y": 241.0
            },
            {
              "x": 314.0,
              "y": 244.0
            },
            {
              "x": 314.0,
              "y": 245.0
            },
            {
              "x": 312.0,
              "y": 247.0
            },
            {
              "x": 311.0,
              "y": 248.0
            },
            {
              "x": 309.0,
              "y": 248.0
            },
            {
              "x": 308.0,
              "y": 249.0
            },
            {
              "x": 296.0,
              "y": 250.0
            },
            {
              "x": 295.0,
              "y": 251.0
            },
            {
              "x": 278.0,
              "y": 249.0
            },
            {
              "x": 277.0,
              "y": 249.0
            },
            {
              "x": 268.0,
              "y": 245.0
            },
            {
              "x": 267.0,
              "y": 245.0
            },
            {
              "x": 255.0,
              "y": 233.0
            },
            {
              "x": 254.0,
              "y": 232.0
            },
            {
              "x": 253.0,
              "y": 225.0
            },
            {
              "x": 253.0,
              "y": 224.0
            },
            {
              "x": 256.0,
              "y": 203.0
            },
            {
              "x": 257.0,
              "y": 202.0
            },
            {
              "x": 259.0,
              "y": 179.0
            },
            {
              "x": 259.0,
              "y": 178.0
            },
            {
              "x": 265.0,
              "y": 169.0
            },
            {
              "x": 266.0,
              "y": 168.0
            },
            {
              "x": 273.0,
              "y": 165.0
            },
            {
              "x": 274.0,
              "y": 164.0
            },
            {
              "x": 284.0,
              "y": 162.0
            }
          ]
        ]
      },
      "properties": [],
      "slot_names": [
        "0"
      ]
    }
  ]
}