{
  "version": "2.0",
  "schema_ref": "https://darwin-public.s3.eu-west-1.amazonaws.com/darwin_json/2.0/schema.json",
  "item": {
    "name": "ditalini.4qem7a8l.ingestion-5fd995d986-l5rgx.jpg",
    "path": "/",
    "source_info": {
      "item_id": "018ea5b6-3852-55c1-5375-e36f961fb505",
      "dataset": {
        "name": "Pasta",
        "slug": "pasta",
        "dataset_management_url": "https://darwin.v7labs.com/datasets/735230/dataset-management"
      },
      "team": {
        "name": "Salvino",
        "slug": "salvino"
      },
      "workview_url": "https://darwin.v7labs.com/workview?dataset=735230&item=018ea5b6-3852-55c1-5375-e36f961fb505"
    },
    "slots": [
      {
        "type": "image",
        "slot_name": "0",
        "width": 512,
        "height": 512,
        "thumbnail_url": "https://darwin.v7labs.com/api/v2/teams/salvino/files/3b8f102a-eb56-498f-929d-a53433e9a1a2/thumbnail",
        "source_files": [
          {
            "file_name": "ditalini.4qem7a8l.ingestion-5fd995d986-l5rgx.jpg",
            "url": "https://darwin.v7labs.com/api/v2/teams/salvino/uploads/75c41386-8f24-4d97-89bb-54656f86cb40"
          }
        ]
      }
    ]
  },
  "annotations": [
    {
      "bounding_box": {
        "h": 83.0,
        "w": 80.0,
        "x": 257.0,
        "y": 139.0
      },
      "id": "809a0028-330e-4edd-a2ec-5d9ef08f4a25",
      "name": "Ditalini",
      "polygon": {
        "paths": [
          [
            {
              "x": 285.0,
              "y": 141.0
            },
            {
              "x": 283.0,
              "y": 142.0
            },
            {
              "x": 277.0,
              "y": 148.0
            },
            {
              "x": 270.0,
              "y": 161.0
            },
            {
              "x": 270.0,
              "y": 163.0
            },
            {
              "x": 267.0,
              "y": 168.0
            },
            {
              "x": 267.0,
              "y": 170.0
            },
            {
              "x": 264.0,
              "y": 176.0
            },
            {
              "x": 264.0,
              "y": 178.0
            },
            {
              "x": 261.0,
              "y": 183.0
            },
            {
              "x": 261.0,
              "y": 185.0
            },
            {
              "x": 257.0,
              "y": 193.0
            },
            {
              "x": 257.0,
              "y": 202.0
            },
            {
              "x": 260.0,
              "y": 206.0
            },
            {
              "x": 260.0,
              "y": 207.0
            },
            {
              "x": 264.0,
              "y": 211.0
            },
            {
              "x": 267.0,
              "y": 212.0
            },
            {
              "x": 269.0,
              "y": 214.0
            },
            {
              "x": 275.0,
              "y": 217.0
            },
            {
              "x": 280.0,
              "y": 218.0
            },
            {
              "x": 283.0,
              "y": 220.0
            },
            {
              "x": 286.0,
              "y": 220.0
            },
            {
              "x": 287.0,
              "y": 221.0
            },
            {
              "x": 293.0,
              "y": 221.0
            },
            {
              "x": 294.0,
              "y": 222.0
            },
            {
              "x": 309.0,
              "y": 222.0
            },
            {
              "x": 310.0,
              "y": 221.0
            },
            {
              "x": 313.0,
              "y": 221.0
            },
            {
              "x": 315.0,
              "y": 220.0
            },
            {
              "x": 318.0,
              "y": 217.0
            },
            {
              "x": 322.0,
              "y": 209.0
            },
            {
              "x": 322.0,
              "y": 207.0
            },
            {
              "x": 325.0,
              "y": 201.0
            },
            {
              "x": 326.0,
              "y": 196.0
            },
            {
              "x": 330.0,
              "y": 189.0
            },
            {
              "x": 331.0,
              "y": 185.0
            },
            {
              "x": 333.0,
              "y": 183.0
            },
            {
              "x": 333.0,
              "y": 181.0
            },
            {
              "x": 336.0,
              "y": 175.0
            },
            {
              "x": 336.0,
              "y": 172.0
            },
            {
              "x": 337.0,
              "y": 171.0
            },
            {
              "x": 337.0,
              "y": 159.0
            },
            {
              "x": 334.0,
              "y": 153.0
            },
            {
              "x": 332.0,
              "y": 151.0
            },
            {
              "x": 331.0,
              "y": 151.0
            },
            {
              "x": 329.0,
              "y": 148.0
            },
            {
              "x": 328.0,
              "y": 148.0
            },
            {
              "x": 326.0,
              "y": 146.0
            },
            {
              "x": 323.0,
              "y": 145.0
            },
            {
              "x": 319.0,
              "y": 142.0
            },
            {
              "x": 313.0,
              "y": 141.0
            },
            {
              "x": 312.0,
              "y": 140.0
            },
            {
              "x": 303.0,
              "y": 140.0
            },
            {
              "x": 302.0,
              "y": 139.0
            },
            {
              "x": 294.0,
              "y": 139.0
            },
            {
              "x": 293.0,
              "y": 140.0
            },
            {
              "x": 289.0,
              "y": 140.0
            },
            {
              "x": 288.0,
              "y": 141.0
            }
          ]
        ]
      },
      "properties": [],
      "slot_names": [
        "0"
      ]
    }
  ]
}