{
  "version": "2.0",
  "schema_ref": "https://darwin-public.s3.eu-west-1.amazonaws.com/darwin_json/2.0/schema.json",
  "item": {
    "name": "ditalini.4qem7tqa.ingestion-5fd995d986-l5rgx.jpg",
    "path": "/",
    "source_info": {
      "item_id": "018ea5b6-3853-6379-361a-be84bee122ab",
      "dataset": {
        "name": "Pasta",
        "slug": "pasta",
        "dataset_management_url": "https://darwin.v7labs.com/datasets/735230/dataset-management"
      },
      "team": {
        "name": "Salvino",
        "slug": "salvino"
      },
      "workview_url": "https://darwin.v7labs.com/workview?dataset=735230&item=018ea5b6-3853-6379-361a-be84bee122ab"
    },
    "slots": [
      {
        "type": "image",
        "slot_name": "0",
        "width": 512,
        "height": 512,
        "thumbnail_url": "https://darwin.v7labs.com/api/v2/teams/salvino/files/1a2522ba-baee-4519-a69f-6a002d8fc9b2/thumbnail",
        "source_files": [
          {
            "file_name": "ditalini.4qem7tqa.ingestion-5fd995d986-l5rgx.jpg",
            "url": "https://darwin.v7labs.com/api/v2/teams/salvino/uploads/d9ac9dae-bc87-447d-afb2-32a21f46284a"
          }
        ]
      }
    ]
  },
  "annotations": [
    {
      "bounding_box": {
        "h": 79.0,
        "w": 94.0,
        "x": 201.0,
        "y": 128.0
      },
      "id": "315fb091-947a-4630-b233-9cc70f80fe58",
      "name": "Ditalini",
      "polygon": {
        "paths": [
          [
            {
              "x": 218.0,
              "y": 128.0
            },
            {
              "x": 236.0,
              "y": 129.0
            },
            {
              "x": 237.0,
              "y": 129.0
            },
            {
              "x": 271.0,
              "y": 135.0
            },
            {
              "x": 272.0,
              "y": 135.0
            },
            {
              "x": 286.0,
              "y": 138.0
            },
            {
              "x": 287.0,
              "y": 138.0
            },
            {
              "x": 294.0,
              "y": 142.0
            },
            {
              "x": 295.0,
              "y": 143.0
            },
            {
              "x": 289.0,
              "y": 189.0
            },
            {
              "x": 289.0,
              "y": 190.0
            },
            {
              "x": 284.0,
              "y": 205.0
            },
            {
              "x": 284.0,
              "y": 206.0
            },
            {
              "x": 277.0,
              "y": 207.0
            },
            {
              "x": 276.0,
              "y": 207.0
            },
            {
              "x": 249.0,
              "y": 202.0
            },
            {
              "x": 248.0,
              "y": 201.0
            },
            {
              "x": 236.0,
              "y": 200.0
            },
            {
              "x": 235.0,
              "y": 200.0
            },
            {
              "x": 211.0,
              "y": 194.0
            },
            {
              "x": 210.0,
              "y": 194.0
            },
            {
              "x": 205.0,
              "y": 191.0
            },
            {
              "x": 204.0,
              "y": 190.0
            },
            {
              "x": 203.0,
              "y": 187.0
            },
            {
              "x": 202.0,
              "y": 186.0
            },
            {
              "x": 202.0,
              "y": 179.0
            },
            {
              "x": 201.0,
              "y": 178.0
            },
            {
              "x": 203.0,
              "y": 154.0
            },
            {
              "x": 203.0,
              "y": 153.0
            },
            {
              "x": 210.0,
              "y": 135.0
            },
            {
              "x": 210.0,
              "y": 134.0
            },
            {
              "x": 212.0,
              "y": 132.0
            },
            {
              "x": 212.0,
              "y": 131.0
            },
            {
              "x": 218.0,
              "y": 128.0
            }
          ]
        ]
      },
      "properties": [],
      "slot_names": [
        "0"
      ]
    }
  ]
}