{
  "version": "2.0",
  "schema_ref": "https://darwin-public.s3.eu-west-1.amazonaws.com/darwin_json/2.0/schema.json",
  "item": {
    "name": "ditalini.4qem6ack.ingestion-5fd995d986-fwdsf.jpg",
    "path": "/",
    "source_info": {
      "item_id": "018ea5b6-3852-c5d2-cbb0-38c9dd27ad63",
      "dataset": {
        "name": "Pasta",
        "slug": "pasta",
        "dataset_management_url": "https://darwin.v7labs.com/datasets/735230/dataset-management"
      },
      "team": {
        "name": "Salvino",
        "slug": "salvino"
      },
      "workview_url": "https://darwin.v7labs.com/workview?dataset=735230&item=018ea5b6-3852-c5d2-cbb0-38c9dd27ad63"
    },
    "slots": [
      {
        "type": "image",
        "slot_name": "0",
        "width": 512,
        "height": 512,
        "thumbnail_url": "https://darwin.v7labs.com/api/v2/teams/salvino/files/c88159b5-b962-4c2e-bbd4-08336cadcaae/thumbnail",
        "source_files": [
          {
            "file_name": "ditalini.4qem6ack.ingestion-5fd995d986-fwdsf.jpg",
            "url": "https://darwin.v7labs.com/api/v2/teams/salvino/uploads/ec84abce-ca03-4f37-bd4c-30694a4cc5a1"
          }
        ]
      }
    ]
  },
  "annotations": [
    {
      "bounding_box": {
        "h": 84.0,
        "w": 98.0,
        "x": 204.0,
        "y": 179.0
      },
      "id": "0a26d411-9f7f-4565-875f-b6b35ba307b0",
      "name": "Ditalini",
      "polygon": {
        "paths": [
          [
            {
              "x": 281.0,
              "y": 182.0
            },
            {
              "x": 277.0,
              "y": 180.0
            },
            {
              "x": 275.0,
              "y": 180.0
            },
            {
              "x": 274.0,
              "y": 179.0
            },
            {
              "x": 265.0,
              "y": 179.0
            },
            {
              "x": 264.0,
              "y": 180.0
            },
            {
              "x": 258.0,
              "y": 181.0
            },
            {
              "x": 240.0,
              "y": 190.0
            },
            {
              "x": 238.0,
              "y": 192.0
            },
            {
              "x": 236.0,
              "y": 192.0
            },
            {
              "x": 229.0,
              "y": 197.0
            },
            {
              "x": 227.0,
              "y": 197.0
            },
            {
              "x": 224.0,
              "y": 200.0
            },
            {
              "x": 217.0,
              "y": 203.0
            },
            {
              "x": 212.0,
              "y": 207.0
            },
            {
              "x": 209.0,
              "y": 208.0
            },
            {
              "x": 206.0,
              "y": 211.0
            },
            {
              "x": 206.0,
              "y": 212.0
            },
            {
              "x": 204.0,
              "y": 214.0
            },
            {
              "x": 204.0,
              "y": 226.0
            },
            {
              "x": 210.0,
              "y": 238.0
            },
            {
              "x": 213.0,
              "y": 241.0
            },
            {
              "x": 213.0,
              "y": 242.0
            },
            {
              "x": 219.0,
              "y": 249.0
            },
            {
              "x": 219.0,
              "y": 250.0
            },
            {
              "x": 226.0,
              "y": 257.0
            },
            {
              "x": 238.0,
              "y": 263.0
            },
            {
              "x": 245.0,
              "y": 263.0
            },
            {
              "x": 253.0,
              "y": 259.0
            },
            {
              "x": 255.0,
              "y": 259.0
            },
            {
              "x": 257.0,
              "y": 257.0
            },
            {
              "x": 260.0,
              "y": 256.0
            },
            {
              "x": 267.0,
              "y": 251.0
            },
            {
              "x": 279.0,
              "y": 246.0
            },
            {
              "x": 283.0,
              "y": 242.0
            },
            {
              "x": 284.0,
              "y": 242.0
            },
            {
              "x": 286.0,
              "y": 240.0
            },
            {
              "x": 290.0,
              "y": 238.0
            },
            {
              "x": 293.0,
              "y": 235.0
            },
            {
              "x": 294.0,
              "y": 235.0
            },
            {
              "x": 301.0,
              "y": 227.0
            },
            {
              "x": 301.0,
              "y": 225.0
            },
            {
              "x": 302.0,
              "y": 224.0
            },
            {
              "x": 302.0,
              "y": 213.0
            },
            {
              "x": 301.0,
              "y": 212.0
            },
            {
              "x": 300.0,
              "y": 206.0
            },
            {
              "x": 296.0,
              "y": 198.0
            },
            {
              "x": 294.0,
              "y": 196.0
            },
            {
              "x": 293.0,
              "y": 193.0
            },
            {
              "x": 285.0,
              "y": 185.0
            },
            {
              "x": 284.0,
              "y": 185.0
            }
          ]
        ]
      },
      "properties": [],
      "slot_names": [
        "0"
      ]
    }
  ]
}