{
  "version": "2.0",
  "schema_ref": "https://darwin-public.s3.eu-west-1.amazonaws.com/darwin_json/2.0/schema.json",
  "item": {
    "name": "ditalini.4qem7s0n.ingestion-5fd995d986-fwdsf.jpg",
    "path": "/",
    "source_info": {
      "item_id": "018ea5b6-3845-7530-ce9c-335010ac39a7",
      "dataset": {
        "name": "Pasta",
        "slug": "pasta",
        "dataset_management_url": "https://darwin.v7labs.com/datasets/735230/dataset-management"
      },
      "team": {
        "name": "Salvino",
        "slug": "salvino"
      },
      "workview_url": "https://darwin.v7labs.com/workview?dataset=735230&item=018ea5b6-3845-7530-ce9c-335010ac39a7"
    },
    "slots": [
      {
        "type": "image",
        "slot_name": "0",
        "width": 512,
        "height": 512,
        "thumbnail_url": "https://darwin.v7labs.com/api/v2/teams/salvino/files/6831087d-223c-4ce7-8652-190e4a12a0ef/thumbnail",
        "source_files": [
          {
            "file_name": "ditalini.4qem7s0n.ingestion-5fd995d986-fwdsf.jpg",
            "url": "https://darwin.v7labs.com/api/v2/teams/salvino/uploads/e74d87a8-d8fc-40aa-990b-0b8bda68843e"
          }
        ]
      }
    ]
  },
  "annotations": [
    {
      "bounding_box": {
        "h": 97.0,
        "w": 93.0,
        "x": 154.0,
        "y": 126.0
      },
      "id": "69ebebec-57cd-401b-849f-e0f726dbdd40",
      "name": "Ditalini",
      "polygon": {
        "paths": [
          [
            {
              "x": 185.0,
              "y": 126.0
            },
            {
              "x": 184.0,
              "y": 127.0
            },
            {
              "x": 178.0,
              "y": 128.0
            },
            {
              "x": 170.0,
              "y": 132.0
            },
            {
              "x": 159.0,
              "y": 143.0
            },
            {
              "x": 154.0,
              "y": 154.0
            },
            {
              "x": 154.0,
              "y": 165.0
            },
            {
              "x": 159.0,
              "y": 176.0
            },
            {
              "x": 164.0,
              "y": 182.0
            },
            {
              "x": 164.0,
              "y": 183.0
            },
            {
              "x": 170.0,
              "y": 191.0
            },
            {
              "x": 171.0,
              "y": 194.0
            },
            {
              "x": 173.0,
              "y": 196.0
            },
            {
              "x": 175.0,
              "y": 200.0
            },
            {
              "x": 178.0,
              "y": 203.0
            },
            {
              "x": 178.0,
              "y": 204.0
            },
            {
              "x": 181.0,
              "y": 207.0
            },
            {
              "x": 181.0,
              "y": 208.0
            },
            {
              "x": 184.0,
              "y": 211.0
            },
            {
              "x": 184.0,
              "y": 212.0
            },
            {
              "x": 193.0,
              "y": 221.0
            },
            {
              "x": 197.0,
              "y": 222.0
            },
            {
              "x": 198.0,
              "y": 223.0
            },
            {
              "x": 206.0,
              "y": 223.0
            },
            {
              "x": 207.0,
              "y": 222.0
            },
            {
              "x": 210.0,
              "y": 222.0
            },
            {
              "x": 211.0,
              "y": 221.0
            },
            {
              "x": 219.0,
              "y": 219.0
            },
            {
              "x": 221.0,
              "y": 217.0
            },
            {
              "x": 227.0,
              "y": 215.0
            },
            {
              "x": 237.0,
              "y": 206.0
            },
            {
              "x": 239.0,
              "y": 202.0
            },
            {
              "x": 243.0,
              "y": 198.0
            },
            {
              "x": 246.0,
              "y": 192.0
            },
            {
              "x": 246.0,
              "y": 190.0
            },
            {
              "x": 247.0,
              "y": 189.0
            },
            {
              "x": 247.0,
              "y": 182.0
            },
            {
              "x": 243.0,
              "y": 174.0
            },
            {
              "x": 238.0,
              "y": 169.0
            },
            {
              "x": 238.0,
              "y": 168.0
            },
            {
              "x": 234.0,
              "y": 164.0
            },
            {
              "x": 234.0,
              "y": 163.0
            },
            {
              "x": 231.0,
              "y": 160.0
            },
            {
              "x": 231.0,
              "y": 159.0
            },
            {
              "x": 226.0,
              "y": 154.0
            },
            {
              "x": 226.0,
              "y": 153.0
            },
            {
              "x": 224.0,
              "y": 151.0
            },
            {
              "x": 222.0,
              "y": 147.0
            },
            {
              "x": 219.0,
              "y": 144.0
            },
            {
              "x": 219.0,
              "y": 143.0
            },
            {
              "x": 216.0,
              "y": 140.0
            },
            {
              "x": 216.0,
              "y": 139.0
            },
            {
              "x": 204.0,
              "y": 128.0
            },
            {
              "x": 202.0,
              "y": 127.0
            },
            {
              "x": 199.0,
              "y": 127.0
            },
            {
              "x": 198.0,
              "y": 126.0
            }
          ]
        ]
      },
      "properties": [],
      "slot_names": [
        "0"
      ]
    }
  ]
}