{
  "version": "2.0",
  "schema_ref": "https://darwin-public.s3.eu-west-1.amazonaws.com/darwin_json/2.0/schema.json",
  "item": {
    "name": "ditalini.4qem5m5o.ingestion-5fd995d986-9zbdz.jpg",
    "path": "/",
    "source_info": {
      "item_id": "018ea5b6-3852-1124-8a26-3407d6a406a1",
      "dataset": {
        "name": "Pasta",
        "slug": "pasta",
        "dataset_management_url": "https://darwin.v7labs.com/datasets/735230/dataset-management"
      },
      "team": {
        "name": "Salvino",
        "slug": "salvino"
      },
      "workview_url": "https://darwin.v7labs.com/workview?dataset=735230&item=018ea5b6-3852-1124-8a26-3407d6a406a1"
    },
    "slots": [
      {
        "type": "image",
        "slot_name": "0",
        "width": 512,
        "height": 512,
        "thumbnail_url": "https://darwin.v7labs.com/api/v2/teams/salvino/files/a6f1c02b-a966-44bd-b84f-5e6a91803c03/thumbnail",
        "source_files": [
          {
            "file_name": "ditalini.4qem5m5o.ingestion-5fd995d986-9zbdz.jpg",
            "url": "https://darwin.v7labs.com/api/v2/teams/salvino/uploads/6d121faa-e75b-438e-9238-35bb914c916e"
          }
        ]
      }
    ]
  },
  "annotations": [
    {
      "bounding_box": {
        "h": 95.0,
        "w": 96.0,
        "x": 274.0,
        "y": 201.0
      },
      "id": "ebe62637-b753-40b1-b1f7-6c137e89bf19",
      "name": "Ditalini",
      "polygon": {
        "paths": [
          [
            {
              "x": 311.0,
              "y": 201.0
            },
            {
              "x": 307.0,
              "y": 204.0
            },
            {
              "x": 302.0,
              "y": 206.0
            },
            {
              "x": 300.0,
              "y": 208.0
            },
            {
              "x": 294.0,
              "y": 211.0
            },
            {
              "x": 288.0,
              "y": 217.0
            },
            {
              "x": 287.0,
              "y": 217.0
            },
            {
              "x": 283.0,
              "y": 222.0
            },
            {
              "x": 282.0,
              "y": 222.0
            },
            {
              "x": 282.0,
              "y": 223.0
            },
            {
              "x": 278.0,
              "y": 227.0
            },
            {
              "x": 274.0,
              "y": 235.0
            },
            {
              "x": 274.0,
              "y": 243.0
            },
            {
              "x": 276.0,
              "y": 245.0
            },
            {
              "x": 278.0,
              "y": 249.0
            },
            {
              "x": 285.0,
              "y": 256.0
            },
            {
              "x": 285.0,
              "y": 257.0
            },
            {
              "x": 290.0,
              "y": 262.0
            },
            {
              "x": 290.0,
              "y": 263.0
            },
            {
              "x": 298.0,
              "y": 271.0
            },
            {
              "x": 298.0,
              "y": 272.0
            },
            {
              "x": 304.0,
              "y": 278.0
            },
            {
              "x": 306.0,
              "y": 279.0
            },
            {
              "x": 306.0,
              "y": 280.0
            },
            {
              "x": 312.0,
              "y": 286.0
            },
            {
              "x": 312.0,
              "y": 287.0
            },
            {
              "x": 316.0,
              "y": 291.0
            },
            {
              "x": 317.0,
              "y": 291.0
            },
            {
              "x": 321.0,
              "y": 296.0
            },
            {
              "x": 325.0,
              "y": 296.0
            },
            {
              "x": 329.0,
              "y": 294.0
            },
            {
              "x": 335.0,
              "y": 289.0
            },
            {
              "x": 336.0,
              "y": 289.0
            },
            {
              "x": 342.0,
              "y": 284.0
            },
            {
              "x": 343.0,
              "y": 284.0
            },
            {
              "x": 343.0,
              "y": 283.0
            },
            {
              "x": 345.0,
              "y": 282.0
            },
            {
              "x": 349.0,
              "y": 278.0
            },
            {
              "x": 350.0,
              "y": 278.0
            },
            {
              "x": 352.0,
              "y": 276.0
            },
            {
              "x": 352.0,
              "y": 275.0
            },
            {
              "x": 366.0,
              "y": 261.0
            },
            {
              "x": 366.0,
              "y": 260.0
            },
            {
              "x": 370.0,
              "y": 255.0
            },
            {
              "x": 370.0,
              "y": 253.0
            },
            {
              "x": 367.0,
              "y": 249.0
            },
            {
              "x": 367.0,
              "y": 248.0
            },
            {
              "x": 359.0,
              "y": 240.0
            },
            {
              "x": 359.0,
              "y": 239.0
            },
            {
              "x": 348.0,
              "y": 228.0
            },
            {
              "x": 348.0,
              "y": 227.0
            },
            {
              "x": 347.0,
              "y": 227.0
            },
            {
              "x": 344.0,
              "y": 224.0
            },
            {
              "x": 344.0,
              "y": 223.0
            },
            {
              "x": 335.0,
              "y": 214.0
            },
            {
              "x": 335.0,
              "y": 213.0
            },
            {
              "x": 326.0,
              "y": 204.0
            },
            {
              "x": 325.0,
              "y": 204.0
            },
            {
              "x": 321.0,
              "y": 201.0
            }
          ]
        ]
      },
      "properties": [],
      "slot_names": [
        "0"
      ]
    }
  ]
}