{
  "version": "2.0",
  "schema_ref": "https://darwin-public.s3.eu-west-1.amazonaws.com/darwin_json/2.0/schema.json",
  "item": {
    "name": "ditalini.4qem3ra4.ingestion-5fd995d986-l5rgx.jpg",
    "path": "/",
    "source_info": {
      "item_id": "018ea5b6-3845-1fa9-d632-1593ff2ce212",
      "dataset": {
        "name": "Pasta",
        "slug": "pasta",
        "dataset_management_url": "https://darwin.v7labs.com/datasets/735230/dataset-management"
      },
      "team": {
        "name": "Salvino",
        "slug": "salvino"
      },
      "workview_url": "https://darwin.v7labs.com/workview?dataset=735230&item=018ea5b6-3845-1fa9-d632-1593ff2ce212"
    },
    "slots": [
      {
        "type": "image",
        "slot_name": "0",
        "width": 512,
        "height": 512,
        "thumbnail_url": "https://darwin.v7labs.com/api/v2/teams/salvino/files/23fddc7e-c976-4ab6-86f4-bdf92260b05d/thumbnail",
        "source_files": [
          {
            "file_name": "ditalini.4qem3ra4.ingestion-5fd995d986-l5rgx.jpg",
            "url": "https://darwin.v7labs.com/api/v2/teams/salvino/uploads/5a7d14fc-f5f1-4edc-a90a-46d6845e359c"
          }
        ]
      }
    ]
  },
  "annotations": [
    {
      "bounding_box": {
        "h": 72.0,
        "w": 82.0,
        "x": 196.0,
        "y": 253.0
      },
      "id": "43c7fdec-b791-40f6-861d-ce0b3dfceeb3",
      "name": "Ditalini",
      "polygon": {
        "paths": [
          [
            {
              "x": 271.0,
              "y": 254.0
            },
            {
              "x": 269.0,
              "y": 253.0
            },
            {
              "x": 266.0,
              "y": 253.0
            },
            {
              "x": 265.0,
              "y": 254.0
            },
            {
              "x": 254.0,
              "y": 254.0
            },
            {
              "x": 253.0,
              "y": 255.0
            },
            {
              "x": 244.0,
              "y": 255.0
            },
            {
              "x": 243.0,
              "y": 256.0
            },
            {
              "x": 236.0,
              "y": 256.0
            },
            {
              "x": 235.0,
              "y": 257.0
            },
            {
              "x": 229.0,
              "y": 257.0
            },
            {
              "x": 228.0,
              "y": 258.0
            },
            {
              "x": 222.0,
              "y": 258.0
            },
            {
              "x": 221.0,
              "y": 259.0
            },
            {
              "x": 213.0,
              "y": 259.0
            },
            {
              "x": 212.0,
              "y": 260.0
            },
            {
              "x": 206.0,
              "y": 260.0
            },
            {
              "x": 205.0,
              "y": 261.0
            },
            {
              "x": 199.0,
              "y": 262.0
            },
            {
              "x": 197.0,
              "y": 263.0
            },
            {
              "x": 196.0,
              "y": 265.0
            },
            {
              "x": 196.0,
              "y": 278.0
            },
            {
              "x": 197.0,
              "y": 279.0
            },
            {
              "x": 197.0,
              "y": 290.0
            },
            {
              "x": 198.0,
              "y": 291.0
            },
            {
              "x": 199.0,
              "y": 304.0
            },
            {
              "x": 200.0,
              "y": 305.0
            },
            {
              "x": 200.0,
              "y": 310.0
            },
            {
              "x": 201.0,
              "y": 311.0
            },
            {
              "x": 201.0,
              "y": 315.0
            },
            {
              "x": 202.0,
              "y": 316.0
            },
            {
              "x": 203.0,
              "y": 322.0
            },
            {
              "x": 205.0,
              "y": 325.0
            },
            {
              "x": 218.0,
              "y": 325.0
            },
            {
              "x": 219.0,
              "y": 324.0
            },
            {
              "x": 230.0,
              "y": 323.0
            },
            {
              "x": 231.0,
              "y": 322.0
            },
            {
              "x": 235.0,
              "y": 322.0
            },
            {
              "x": 236.0,
              "y": 321.0
            },
            {
              "x": 242.0,
              "y": 321.0
            },
            {
              "x": 243.0,
              "y": 320.0
            },
            {
              "x": 248.0,
              "y": 320.0
            },
            {
              "x": 249.0,
              "y": 319.0
            },
            {
              "x": 254.0,
              "y": 319.0
            },
            {
              "x": 255.0,
              "y": 318.0
            },
            {
              "x": 264.0,
              "y": 317.0
            },
            {
              "x": 265.0,
              "y": 316.0
            },
            {
              "x": 272.0,
              "y": 315.0
            },
            {
              "x": 277.0,
              "y": 312.0
            },
            {
              "x": 277.0,
              "y": 309.0
            },
            {
              "x": 278.0,
              "y": 308.0
            },
            {
              "x": 278.0,
              "y": 296.0
            },
            {
              "x": 277.0,
              "y": 295.0
            },
            {
              "x": 276.0,
              "y": 275.0
            },
            {
              "x": 275.0,
              "y": 274.0
            },
            {
              "x": 275.0,
              "y": 267.0
            },
            {
              "x": 274.0,
              "y": 266.0
            },
            {
              "x": 273.0,
              "y": 257.0
            },
            {
              "x": 271.0,
              "y": 255.0
            }
          ]
        ]
      },
      "properties": [],
      "slot_names": [
        "0"
      ]
    }
  ]
}