{
  "version": "2.0",
  "schema_ref": "https://darwin-public.s3.eu-west-1.amazonaws.com/darwin_json/2.0/schema.json",
  "item": {
    "name": "ditalini.4qem83i7.ingestion-5fd995d986-l5rgx.jpg",
    "path": "/",
    "source_info": {
      "item_id": "018ea5b6-3853-4bc1-e778-d26226bde5bf",
      "dataset": {
        "name": "Pasta",
        "slug": "pasta",
        "dataset_management_url": "https://darwin.v7labs.com/datasets/735230/dataset-management"
      },
      "team": {
        "name": "Salvino",
        "slug": "salvino"
      },
      "workview_url": "https://darwin.v7labs.com/workview?dataset=735230&item=018ea5b6-3853-4bc1-e778-d26226bde5bf"
    },
    "slots": [
      {
        "type": "image",
        "slot_name": "0",
        "width": 512,
        "height": 512,
        "thumbnail_url": "https://darwin.v7labs.com/api/v2/teams/salvino/files/b69bd7da-1495-4b7e-afe2-cf3eb29b824d/thumbnail",
        "source_files": [
          {
            "file_name": "ditalini.4qem83i7.ingestion-5fd995d986-l5rgx.jpg",
            "url": "https://darwin.v7labs.com/api/v2/teams/salvino/uploads/64c257a3-3b97-4263-bd44-1114c4713de9"
          }
        ]
      }
    ]
  },
  "annotations": [
    {
      "bounding_box": {
        "h": 126.0,
        "w": 106.0,
        "x": 193.0,
        "y": 247.0
      },
      "id": "3198a1c3-baf5-4772-b759-42ffbd59ca89",
      "name": "Ditalini",
      "polygon": {
        "paths": [
          [
            {
              "x": 236.0,
              "y": 247.0
            },
            {
              "x": 254.0,
              "y": 250.0
            },
            {
              "x": 255.0,
              "y": 250.0
            },
            {
              "x": 265.0,
              "y": 258.0
            },
            {
              "x": 266.0,
              "y": 259.0
            },
            {
              "x": 295.0,
              "y": 317.0
            },
            {
              "x": 296.0,
              "y": 318.0
            },
            {
              "x": 298.0,
              "y": 326.0
            },
            {
              "x": 299.0,
              "y": 327.0
            },
            {
              "x": 299.0,
              "y": 335.0
            },
            {
              "x": 299.0,
              "y": 336.0
            },
            {
              "x": 296.0,
              "y": 341.0
            },
            {
              "x": 296.0,
              "y": 342.0
            },
            {
              "x": 278.0,
              "y": 361.0
            },
            {
              "x": 277.0,
              "y": 362.0
            },
            {
              "x": 264.0,
              "y": 368.0
            },
            {
              "x": 263.0,
              "y": 369.0
            },
            {
              "x": 250.0,
              "y": 372.0
            },
            {
              "x": 249.0,
              "y": 373.0
            },
            {
              "x": 231.0,
              "y": 372.0
            },
            {
              "x": 230.0,
              "y": 372.0
            },
            {
              "x": 220.0,
              "y": 366.0
            },
            {
              "x": 219.0,
              "y": 365.0
            },
            {
              "x": 213.0,
              "y": 352.0
            },
            {
              "x": 212.0,
              "y": 351.0
            },
            {
              "x": 194.0,
              "y": 295.0
            },
            {
              "x": 193.0,
              "y": 294.0
            },
            {
              "x": 193.0,
              "y": 280.0
            },
            {
              "x": 193.0,
              "y": 279.0
            },
            {
              "x": 195.0,
              "y": 274.0
            },
            {
              "x": 195.0,
              "y": 273.0
            },
            {
              "x": 199.0,
              "y": 268.0
            },
            {
              "x": 199.0,
              "y": 267.0
            },
            {
              "x": 206.0,
              "y": 260.0
            },
            {
              "x": 207.0,
              "y": 259.0
            },
            {
              "x": 218.0,
              "y": 253.0
            },
            {
              "x": 219.0,
              "y": 252.0
            },
            {
              "x": 236.0,
              "y": 247.0
            }
          ]
        ]
      },
      "properties": [],
      "slot_names": [
        "0"
      ]
    }
  ]
}