{
  "version": "2.0",
  "schema_ref": "https://darwin-public.s3.eu-west-1.amazonaws.com/darwin_json/2.0/schema.json",
  "item": {
    "name": "ditalini.4qem89bh.ingestion-5fd995d986-l5rgx.jpg",
    "path": "/",
    "source_info": {
      "item_id": "018ea5b6-3846-b6dc-5ff1-dce81ed147c2",
      "dataset": {
        "name": "Pasta",
        "slug": "pasta",
        "dataset_management_url": "https://darwin.v7labs.com/datasets/735230/dataset-management"
      },
      "team": {
        "name": "Salvino",
        "slug": "salvino"
      },
      "workview_url": "https://darwin.v7labs.com/workview?dataset=735230&item=018ea5b6-3846-b6dc-5ff1-dce81ed147c2"
    },
    "slots": [
      {
        "type": "image",
        "slot_name": "0",
        "width": 512,
        "height": 512,
        "thumbnail_url": "https://darwin.v7labs.com/api/v2/teams/salvino/files/b47fb494-0771-49c9-a688-6e6b765f2dcb/thumbnail",
        "source_files": [
          {
            "file_name": "ditalini.4qem89bh.ingestion-5fd995d986-l5rgx.jpg",
            "url": "https://darwin.v7labs.com/api/v2/teams/salvino/uploads/18048b29-5876-4699-ba85-3e46901bfd63"
          }
        ]
      }
    ]
  },
  "annotations": [
    {
      "bounding_box": {
        "h": 87.0,
        "w": 87.0,
        "x": 198.0,
        "y": 279.0
      },
      "id": "60c5018a-5680-4008-b829-c01d61af6dd4",
      "name": "Ditalini",
      "polygon": {
        "paths": [
          [
            {
              "x": 237.0,
              "y": 279.0
            },
            {
              "x": 236.0,
              "y": 280.0
            },
            {
              "x": 231.0,
              "y": 280.0
            },
            {
              "x": 230.0,
              "y": 281.0
            },
            {
              "x": 228.0,
              "y": 281.0
            },
            {
              "x": 224.0,
              "y": 283.0
            },
            {
              "x": 221.0,
              "y": 286.0
            },
            {
              "x": 220.0,
              "y": 286.0
            },
            {
              "x": 215.0,
              "y": 290.0
            },
            {
              "x": 214.0,
              "y": 290.0
            },
            {
              "x": 204.0,
              "y": 300.0
            },
            {
              "x": 204.0,
              "y": 301.0
            },
            {
              "x": 201.0,
              "y": 304.0
            },
            {
              "x": 199.0,
              "y": 308.0
            },
            {
              "x": 199.0,
              "y": 310.0
            },
            {
              "x": 198.0,
              "y": 311.0
            },
            {
              "x": 198.0,
              "y": 317.0
            },
            {
              "x": 202.0,
              "y": 324.0
            },
            {
              "x": 208.0,
              "y": 330.0
            },
            {
              "x": 208.0,
              "y": 331.0
            },
            {
              "x": 212.0,
              "y": 335.0
            },
            {
              "x": 212.0,
              "y": 336.0
            },
            {
              "x": 227.0,
              "y": 351.0
            },
            {
              "x": 227.0,
              "y": 352.0
            },
            {
              "x": 233.0,
              "y": 358.0
            },
            {
              "x": 233.0,
              "y": 359.0
            },
            {
              "x": 240.0,
              "y": 366.0
            },
            {
              "x": 248.0,
              "y": 366.0
            },
            {
              "x": 255.0,
              "y": 361.0
            },
            {
              "x": 256.0,
              "y": 361.0
            },
            {
              "x": 269.0,
              "y": 349.0
            },
            {
              "x": 270.0,
              "y": 349.0
            },
            {
              "x": 271.0,
              "y": 347.0
            },
            {
              "x": 275.0,
              "y": 343.0
            },
            {
              "x": 276.0,
              "y": 343.0
            },
            {
              "x": 278.0,
              "y": 339.0
            },
            {
              "x": 285.0,
              "y": 331.0
            },
            {
              "x": 285.0,
              "y": 326.0
            },
            {
              "x": 284.0,
              "y": 324.0
            },
            {
              "x": 279.0,
              "y": 319.0
            },
            {
              "x": 279.0,
              "y": 318.0
            },
            {
              "x": 259.0,
              "y": 297.0
            },
            {
              "x": 259.0,
              "y": 296.0
            },
            {
              "x": 254.0,
              "y": 291.0
            },
            {
              "x": 254.0,
              "y": 290.0
            },
            {
              "x": 247.0,
              "y": 283.0
            },
            {
              "x": 246.0,
              "y": 283.0
            },
            {
              "x": 243.0,
              "y": 280.0
            },
            {
              "x": 241.0,
              "y": 280.0
            },
            {
              "x": 240.0,
              "y": 279.0
            }
          ]
        ]
      },
      "properties": [],
      "slot_names": [
        "0"
      ]
    }
  ]
}