{
  "version": "2.0",
  "schema_ref": "https://darwin-public.s3.eu-west-1.amazonaws.com/darwin_json/2.0/schema.json",
  "item": {
    "name": "ditalini-3.jpg",
    "path": "/",
    "source_info": {
      "item_id": "018ea861-3fb8-60b9-a7b5-c73382e1b1f5",
      "dataset": {
        "name": "Pasta",
        "slug": "pasta",
        "dataset_management_url": "https://darwin.v7labs.com/datasets/735230/dataset-management"
      },
      "team": {
        "name": "Salvino",
        "slug": "salvino"
      },
      "workview_url": "https://darwin.v7labs.com/workview?dataset=735230&item=018ea861-3fb8-60b9-a7b5-c73382e1b1f5"
    },
    "slots": [
      {
        "type": "image",
        "slot_name": "0",
        "width": 1263,
        "height": 1433,
        "thumbnail_url": "https://darwin.v7labs.com/api/v2/teams/salvino/files/1afd657e-2937-4ddb-b820-ce5c2a5a2b0e/thumbnail",
        "source_files": [
          {
            "file_name": "ditalini-3.jpg",
            "url": "https://darwin.v7labs.com/api/v2/teams/salvino/uploads/90cde939-6335-4bf4-af77-9a2e0e12aadb"
          }
        ]
      }
    ]
  },
  "annotations": [
    {
      "bounding_box": {
        "h": 144.0,
        "w": 150.0,
        "x": 715.0,
        "y": 355.0
      },
      "id": "9106fcfa-c056-4311-8def-803e05cb4e30",
      "name": "Ditalini",
      "polygon": {
        "paths": [
          [
            {
              "x": 817.0,
              "y": 356.0
            },
            {
              "x": 814.0,
              "y": 356.0
            },
            {
              "x": 813.0,
              "y": 355.0
            },
            {
              "x": 796.0,
              "y": 355.0
            },
            {
              "x": 795.0,
              "y": 356.0
            },
            {
              "x": 793.0,
              "y": 356.0
            },
            {
              "x": 791.0,
              "y": 358.0
            },
            {
              "x": 789.0,
              "y": 358.0
            },
            {
              "x": 779.0,
              "y": 363.0
            },
            {
              "x": 776.0,
              "y": 366.0
            },
            {
              "x": 768.0,
              "y": 370.0
            },
            {
              "x": 762.0,
              "y": 375.0
            },
            {
              "x": 757.0,
              "y": 377.0
            },
            {
              "x": 749.0,
              "y": 383.0
            },
            {
              "x": 735.0,
              "y": 390.0
            },
            {
              "x": 732.0,
              "y": 393.0
            },
            {
              "x": 731.0,
              "y": 393.0
            },
            {
              "x": 720.0,
              "y": 405.0
            },
            {
              "x": 717.0,
              "y": 411.0
            },
            {
              "x": 717.0,
              "y": 413.0
            },
            {
              "x": 716.0,
              "y": 414.0
            },
            {
              "x": 716.0,
              "y": 420.0
            },
            {
              "x": 715.0,
              "y": 421.0
            },
            {
              "x": 715.0,
              "y": 427.0
            },
            {
              "x": 716.0,
              "y": 428.0
            },
            {
              "x": 716.0,
              "y": 436.0
            },
            {
              "x": 717.0,
              "y": 437.0
            },
            {
              "x": 717.0,
              "y": 442.0
            },
            {
              "x": 718.0,
              "y": 443.0
            },
            {
              "x": 718.0,
              "y": 446.0
            },
            {
              "x": 719.0,
              "y": 447.0
            },
            {
              "x": 719.0,
              "y": 449.0
            },
            {
              "x": 721.0,
              "y": 452.0
            },
            {
              "x": 721.0,
              "y": 454.0
            },
            {
              "x": 723.0,
              "y": 458.0
            },
            {
              "x": 725.0,
              "y": 460.0
            },
            {
              "x": 726.0,
              "y": 463.0
            },
            {
              "x": 728.0,
              "y": 465.0
            },
            {
              "x": 730.0,
              "y": 469.0
            },
            {
              "x": 735.0,
              "y": 474.0
            },
            {
              "x": 737.0,
              "y": 475.0
            },
            {
              "x": 740.0,
              "y": 475.0
            },
            {
              "x": 742.0,
              "y": 477.0
            },
            {
              "x": 742.0,
              "y": 481.0
            },
            {
              "x": 743.0,
              "y": 483.0
            },
            {
              "x": 746.0,
              "y": 486.0
            },
            {
              "x": 756.0,
              "y": 491.0
            },
            {
              "x": 758.0,
              "y": 493.0
            },
            {
              "x": 762.0,
              "y": 494.0
            },
            {
              "x": 763.0,
              "y": 495.0
            },
            {
              "x": 765.0,
              "y": 495.0
            },
            {
              "x": 771.0,
              "y": 498.0
            },
            {
              "x": 775.0,
              "y": 498.0
            },
            {
              "x": 776.0,
              "y": 499.0
            },
            {
              "x": 790.0,
              "y": 499.0
            },
            {
              "x": 791.0,
              "y": 498.0
            },
            {
              "x": 794.0,
              "y": 498.0
            },
            {
              "x": 799.0,
              "y": 495.0
            },
            {
              "x": 801.0,
              "y": 495.0
            },
            {
              "x": 803.0,
              "y": 493.0
            },
            {
              "x": 807.0,
              "y": 491.0
            },
            {
              "x": 810.0,
              "y": 488.0
            },
            {
              "x": 811.0,
              "y": 488.0
            },
            {
              "x": 814.0,
              "y": 484.0
            },
            {
              "x": 815.0,
              "y": 484.0
            },
            {
              "x": 826.0,
              "y": 473.0
            },
            {
              "x": 827.0,
              "y": 473.0
            },
            {
              "x": 841.0,
              "y": 459.0
            },
            {
              "x": 842.0,
              "y": 459.0
            },
            {
              "x": 846.0,
              "y": 455.0
            },
            {
              "x": 847.0,
              "y": 455.0
            },
            {
              "x": 857.0,
              "y": 445.0
            },
            {
              "x": 858.0,
              "y": 442.0
            },
            {
              "x": 860.0,
              "y": 440.0
            },
            {
              "x": 861.0,
              "y": 436.0
            },
            {
              "x": 862.0,
              "y": 435.0
            },
            {
              "x": 862.0,
              "y": 432.0
            },
            {
              "x": 864.0,
              "y": 428.0
            },
            {
              "x": 864.0,
              "y": 424.0
            },
            {
              "x": 865.0,
              "y": 423.0
            },
            {
              "x": 865.0,
              "y": 411.0
            },
            {
              "x": 864.0,
              "y": 410.0
            },
            {
              "x": 864.0,
              "y": 405.0
            },
            {
              "x": 862.0,
              "y": 402.0
            },
            {
              "x": 860.0,
              "y": 394.0
            },
            {
              "x": 858.0,
              "y": 392.0
            },
            {
              "x": 857.0,
              "y": 388.0
            },
            {
              "x": 855.0,
              "y": 386.0
            },
            {
              "x": 854.0,
              "y": 383.0
            },
            {
              "x": 851.0,
              "y": 380.0
            },
            {
              "x": 851.0,
              "y": 379.0
            },
            {
              "x": 841.0,
              "y": 369.0
            },
            {
              "x": 840.0,
              "y": 369.0
            },
            {
              "x": 837.0,
              "y": 366.0
            },
            {
              "x": 834.0,
              "y": 365.0
            },
            {
              "x": 829.0,
              "y": 361.0
            },
            {
              "x": 827.0,
              "y": 361.0
            },
            {
              "x": 825.0,
              "y": 359.0
            },
            {
              "x": 823.0,
              "y": 359.0
            },
            {
              "x": 822.0,
              "y": 358.0
            },
            {
              "x": 818.0,
              "y": 357.0
            }
          ]
        ]
      },
      "properties": [],
      "slot_names": [
        "0"
      ]
    },
    {
      "bounding_box": {
        "h": 45.0,
        "w": 48.0,
        "x": 1069.0,
        "y": 368.0
      },
      "id": "01ecfd6f-4e8a-48cd-bcbb-217400f4fd79",
      "name": "Ditalini",
      "polygon": {
        "paths": [
          [
            {
              "x": 1104.0,
              "y": 368.0
            },
            {
              "x": 1095.0,
              "y": 368.0
            },
            {
              "x": 1089.0,
              "y": 371.0
            },
            {
              "x": 1084.0,
              "y": 375.0
            },
            {
              "x": 1078.0,
              "y": 378.0
            },
            {
              "x": 1074.0,
              "y": 379.0
            },
            {
              "x": 1071.0,
              "y": 382.0
            },
            {
              "x": 1070.0,
              "y": 386.0
            },
            {
              "x": 1069.0,
              "y": 387.0
            },
            {
              "x": 1070.0,
              "y": 395.0
            },
            {
              "x": 1076.0,
              "y": 406.0
            },
            {
              "x": 1084.0,
              "y": 412.0
            },
            {
              "x": 1086.0,
              "y": 412.0
            },
            {
              "x": 1087.0,
              "y": 413.0
            },
            {
              "x": 1092.0,
              "y": 413.0
            },
            {
              "x": 1103.0,
              "y": 404.0
            },
            {
              "x": 1109.0,
              "y": 401.0
            },
            {
              "x": 1114.0,
              "y": 396.0
            },
            {
              "x": 1114.0,
              "y": 395.0
            },
            {
              "x": 1117.0,
              "y": 392.0
            },
            {
              "x": 1117.0,
              "y": 382.0
            },
            {
              "x": 1114.0,
              "y": 376.0
            },
            {
              "x": 1109.0,
              "y": 371.0
            },
            {
              "x": 1105.0,
              "y": 369.0
            }
          ]
        ]
      },
      "properties": [],
      "slot_names": [
        "0"
      ]
    },
    {
      "bounding_box": {
        "h": 42.0,
        "w": 45.0,
        "x": 1171.0,
        "y": 301.0
      },
      "id": "e485f0b1-3f6c-4b4c-9d76-274f172e0ebb",
      "name": "Ditalini",
      "polygon": {
        "paths": [
          [
            {
              "x": 1204.0,
              "y": 301.0
            },
            {
              "x": 1194.0,
              "y": 301.0
            },
            {
              "x": 1188.0,
              "y": 306.0
            },
            {
              "x": 1185.0,
              "y": 306.0
            },
            {
              "x": 1183.0,
              "y": 308.0
            },
            {
              "x": 1181.0,
              "y": 308.0
            },
            {
              "x": 1178.0,
              "y": 311.0
            },
            {
              "x": 1175.0,
              "y": 312.0
            },
            {
              "x": 1173.0,
              "y": 314.0
            },
            {
              "x": 1172.0,
              "y": 316.0
            },
            {
              "x": 1172.0,
              "y": 320.0
            },
            {
              "x": 1171.0,
              "y": 321.0
            },
            {
              "x": 1171.0,
              "y": 325.0
            },
            {
              "x": 1176.0,
              "y": 335.0
            },
            {
              "x": 1183.0,
              "y": 341.0
            },
            {
              "x": 1185.0,
              "y": 342.0
            },
            {
              "x": 1188.0,
              "y": 342.0
            },
            {
              "x": 1189.0,
              "y": 343.0
            },
            {
              "x": 1194.0,
              "y": 343.0
            },
            {
              "x": 1195.0,
              "y": 342.0
            },
            {
              "x": 1199.0,
              "y": 341.0
            },
            {
              "x": 1201.0,
              "y": 339.0
            },
            {
              "x": 1203.0,
              "y": 335.0
            },
            {
              "x": 1208.0,
              "y": 330.0
            },
            {
              "x": 1208.0,
              "y": 329.0
            },
            {
              "x": 1212.0,
              "y": 325.0
            },
            {
              "x": 1214.0,
              "y": 324.0
            },
            {
              "x": 1215.0,
              "y": 320.0
            },
            {
              "x": 1216.0,
              "y": 319.0
            },
            {
              "x": 1216.0,
              "y": 315.0
            },
            {
              "x": 1215.0,
              "y": 314.0
            },
            {
              "x": 1215.0,
              "y": 311.0
            },
            {
              "x": 1214.0,
              "y": 309.0
            },
            {
              "x": 1211.0,
              "y": 305.0
            },
            {
              "x": 1205.0,
              "y": 302.0
            }
          ]
        ]
      },
      "properties": [],
      "slot_names": [
        "0"
      ]
    },
    {
      "bounding_box": {
        "h": 43.0,
        "w": 30.0,
        "x": 1028.0,
        "y": 716.0
      },
      "id": "d489c698-61be-4330-be81-7ced01e84db0",
      "name": "Ditalini",
      "polygon": {
        "paths": [
          [
            {
              "x": 1038.0,
              "y": 716.0
            },
            {
              "x": 1037.0,
              "y": 717.0
            },
            {
              "x": 1034.0,
              "y": 717.0
            },
            {
              "x": 1032.0,
              "y": 718.0
            },
            {
              "x": 1029.0,
              "y": 721.0
            },
            {
              "x": 1029.0,
              "y": 724.0
            },
            {
              "x": 1028.0,
              "y": 725.0
            },
            {
              "x": 1028.0,
              "y": 752.0
            },
            {
              "x": 1032.0,
              "y": 757.0
            },
            {
              "x": 1034.0,
              "y": 758.0
            },
            {
              "x": 1037.0,
              "y": 758.0
            },
            {
              "x": 1038.0,
              "y": 759.0
            },
            {
              "x": 1046.0,
              "y": 759.0
            },
            {
              "x": 1047.0,
              "y": 758.0
            },
            {
              "x": 1049.0,
              "y": 758.0
            },
            {
              "x": 1054.0,
              "y": 755.0
            },
            {
              "x": 1055.0,
              "y": 751.0
            },
            {
              "x": 1056.0,
              "y": 750.0
            },
            {
              "x": 1056.0,
              "y": 745.0
            },
            {
              "x": 1057.0,
              "y": 744.0
            },
            {
              "x": 1057.0,
              "y": 734.0
            },
            {
              "x": 1058.0,
              "y": 733.0
            },
            {
              "x": 1058.0,
              "y": 723.0
            },
            {
              "x": 1054.0,
              "y": 718.0
            },
            {
              "x": 1050.0,
              "y": 717.0
            },
            {
              "x": 1049.0,
              "y": 716.0
            }
          ]
        ]
      },
      "properties": [],
      "slot_names": [
        "0"
      ]
    },
    {
      "bounding_box": {
        "h": 39.0,
        "w": 31.0,
        "x": 1169.0,
        "y": 720.0
      },
      "id": "c7cf11d5-c03e-4908-9896-9c29193cd100",
      "name": "Ditalini",
      "polygon": {
        "paths": [
          [
            {
              "x": 1175.0,
              "y": 721.0
            },
            {
              "x": 1173.0,
              "y": 723.0
            },
            {
              "x": 1172.0,
              "y": 723.0
            },
            {
              "x": 1169.0,
              "y": 727.0
            },
            {
              "x": 1169.0,
              "y": 753.0
            },
            {
              "x": 1172.0,
              "y": 756.0
            },
            {
              "x": 1174.0,
              "y": 756.0
            },
            {
              "x": 1177.0,
              "y": 758.0
            },
            {
              "x": 1183.0,
              "y": 758.0
            },
            {
              "x": 1184.0,
              "y": 759.0
            },
            {
              "x": 1186.0,
              "y": 758.0
            },
            {
              "x": 1191.0,
              "y": 758.0
            },
            {
              "x": 1199.0,
              "y": 754.0
            },
            {
              "x": 1199.0,
              "y": 748.0
            },
            {
              "x": 1200,
              "y": 747.0
            },
            {
              "x": 1200,
              "y": 725.0
            },
            {
              "x": 1198.0,
              "y": 723.0
            },
            {
              "x": 1196.0,
              "y": 723.0
            },
            {
              "x": 1193.0,
              "y": 721.0
            },
            {
              "x": 1188.0,
              "y": 721.0
            },
            {
              "x": 1187.0,
              "y": 720.0
            },
            {
              "x": 1181.0,
              "y": 720.0
            },
            {
              "x": 1180.0,
              "y": 721.0
            }
          ]
        ]
      },
      "properties": [],
      "slot_names": [
        "0"
      ]
    },
    {
      "bounding_box": {
        "h": 35.0,
        "w": 40.0,
        "x": 1121.0,
        "y": 718.0
      },
      "id": "02809c56-e28a-4898-8663-aa4d8311a8e5",
      "name": "Ditalini",
      "polygon": {
        "paths": [
          [
            {
              "x": 1128.0,
              "y": 719.0
            },
            {
              "x": 1125.0,
              "y": 722.0
            },
            {
              "x": 1124.0,
              "y": 726.0
            },
            {
              "x": 1122.0,
              "y": 729.0
            },
            {
              "x": 1122.0,
              "y": 733.0
            },
            {
              "x": 1121.0,
              "y": 734.0
            },
            {
              "x": 1121.0,
              "y": 744.0
            },
            {
              "x": 1125.0,
              "y": 749.0
            },
            {
              "x": 1131.0,
              "y": 749.0
            },
            {
              "x": 1132.0,
              "y": 750.0
            },
            {
              "x": 1135.0,
              "y": 750.0
            },
            {
              "x": 1141.0,
              "y": 753.0
            },
            {
              "x": 1143.0,
              "y": 753.0
            },
            {
              "x": 1144.0,
              "y": 752.0
            },
            {
              "x": 1150.0,
              "y": 752.0
            },
            {
              "x": 1152.0,
              "y": 751.0
            },
            {
              "x": 1157.0,
              "y": 746.0
            },
            {
              "x": 1160.0,
              "y": 740.0
            },
            {
              "x": 1160.0,
              "y": 737.0
            },
            {
              "x": 1161.0,
              "y": 736.0
            },
            {
              "x": 1161.0,
              "y": 725.0
            },
            {
              "x": 1157.0,
              "y": 723.0
            },
            {
              "x": 1153.0,
              "y": 723.0
            },
            {
              "x": 1150.0,
              "y": 721.0
            },
            {
              "x": 1140.0,
              "y": 720.0
            },
            {
              "x": 1136.0,
              "y": 718.0
            },
            {
              "x": 1130.0,
              "y": 718.0
            },
            {
              "x": 1129.0,
              "y": 719.0
            }
          ]
        ]
      },
      "properties": [],
      "slot_names": [
        "0"
      ]
    },
    {
      "bounding_box": {
        "h": 39.0,
        "w": 39.0,
        "x": 1070.0,
        "y": 716.0
      },
      "id": "2a428e74-8dc9-45f2-b7b5-47588fcee8c4",
      "name": "Ditalini",
      "polygon": {
        "paths": [
          [
            {
              "x": 1081.0,
              "y": 717.0
            },
            {
              "x": 1072.0,
              "y": 725.0
            },
            {
              "x": 1071.0,
              "y": 727.0
            },
            {
              "x": 1071.0,
              "y": 730.0
            },
            {
              "x": 1070.0,
              "y": 731.0
            },
            {
              "x": 1070.0,
              "y": 734.0
            },
            {
              "x": 1074.0,
              "y": 741.0
            },
            {
              "x": 1079.0,
              "y": 747.0
            },
            {
              "x": 1079.0,
              "y": 748.0
            },
            {
              "x": 1084.0,
              "y": 753.0
            },
            {
              "x": 1086.0,
              "y": 754.0
            },
            {
              "x": 1090.0,
              "y": 754.0
            },
            {
              "x": 1091.0,
              "y": 755.0
            },
            {
              "x": 1099.0,
              "y": 753.0
            },
            {
              "x": 1106.0,
              "y": 747.0
            },
            {
              "x": 1109.0,
              "y": 741.0
            },
            {
              "x": 1109.0,
              "y": 734.0
            },
            {
              "x": 1108.0,
              "y": 732.0
            },
            {
              "x": 1096.0,
              "y": 720.0
            },
            {
              "x": 1095.0,
              "y": 720.0
            },
            {
              "x": 1092.0,
              "y": 717.0
            },
            {
              "x": 1089.0,
              "y": 717.0
            },
            {
              "x": 1088.0,
              "y": 716.0
            },
            {
              "x": 1085.0,
              "y": 716.0
            },
            {
              "x": 1084.0,
              "y": 717.0
            }
          ]
        ]
      },
      "properties": [],
      "slot_names": [
        "0"
      ]
    },
    {
      "bounding_box": {
        "h": 61.0,
        "w": 63.0,
        "x": 1053.0,
        "y": 1108.0
      },
      "id": "5b2d0eba-b582-44fa-8c86-0ff776e02f92",
      "name": "Ditalini",
      "polygon": {
        "paths": [
          [
            {
              "x": 1068.0,
              "y": 1112.0
            },
            {
              "x": 1064.0,
              "y": 1116.0
            },
            {
              "x": 1064.0,
              "y": 1117.0
            },
            {
              "x": 1059.0,
              "y": 1123.0
            },
            {
              "x": 1059.0,
              "y": 1125.0
            },
            {
              "x": 1058.0,
              "y": 1126.0
            },
            {
              "x": 1058.0,
              "y": 1128.0
            },
            {
              "x": 1056.0,
              "y": 1132.0
            },
            {
              "x": 1055.0,
              "y": 1141.0
            },
            {
              "x": 1054.0,
              "y": 1142.0
            },
            {
              "x": 1054.0,
              "y": 1149.0
            },
            {
              "x": 1053.0,
              "y": 1150.0
            },
            {
              "x": 1053.0,
              "y": 1155.0
            },
            {
              "x": 1055.0,
              "y": 1159.0
            },
            {
              "x": 1064.0,
              "y": 1168.0
            },
            {
              "x": 1070.0,
              "y": 1168.0
            },
            {
              "x": 1071.0,
              "y": 1169.0
            },
            {
              "x": 1084.0,
              "y": 1169.0
            },
            {
              "x": 1085.0,
              "y": 1168.0
            },
            {
              "x": 1093.0,
              "y": 1168.0
            },
            {
              "x": 1094.0,
              "y": 1167.0
            },
            {
              "x": 1098.0,
              "y": 1167.0
            },
            {
              "x": 1099.0,
              "y": 1166.0
            },
            {
              "x": 1104.0,
              "y": 1166.0
            },
            {
              "x": 1108.0,
              "y": 1164.0
            },
            {
              "x": 1110.0,
              "y": 1160.0
            },
            {
              "x": 1115.0,
              "y": 1155.0
            },
            {
              "x": 1115.0,
              "y": 1153.0
            },
            {
              "x": 1116.0,
              "y": 1152.0
            },
            {
              "x": 1116.0,
              "y": 1126.0
            },
            {
              "x": 1115.0,
              "y": 1125.0
            },
            {
              "x": 1115.0,
              "y": 1122.0
            },
            {
              "x": 1108.0,
              "y": 1115.0
            },
            {
              "x": 1102.0,
              "y": 1112.0
            },
            {
              "x": 1100,
              "y": 1112.0
            },
            {
              "x": 1099.0,
              "y": 1111.0
            },
            {
              "x": 1096.0,
              "y": 1111.0
            },
            {
              "x": 1092.0,
              "y": 1109.0
            },
            {
              "x": 1085.0,
              "y": 1109.0
            },
            {
              "x": 1084.0,
              "y": 1108.0
            },
            {
              "x": 1080.0,
              "y": 1108.0
            },
            {
              "x": 1079.0,
              "y": 1109.0
            },
            {
              "x": 1075.0,
              "y": 1109.0
            },
            {
              "x": 1069.0,
              "y": 1112.0
            }
          ]
        ]
      },
      "properties": [],
      "slot_names": [
        "0"
      ]
    },
    {
      "bounding_box": {
        "h": 42.0,
        "w": 46.0,
        "x": 696.0,
        "y": 866.0
      },
      "id": "c5339b9c-b57a-405a-ab7d-c6e22c2df827",
      "name": "Ditalini",
      "polygon": {
        "paths": [
          [
            {
              "x": 704.0,
              "y": 869.0
            },
            {
              "x": 704.0,
              "y": 870.0
            },
            {
              "x": 699.0,
              "y": 875.0
            },
            {
              "x": 697.0,
              "y": 879.0
            },
            {
              "x": 697.0,
              "y": 882.0
            },
            {
              "x": 696.0,
              "y": 883.0
            },
            {
              "x": 696.0,
              "y": 887.0
            },
            {
              "x": 697.0,
              "y": 888.0
            },
            {
              "x": 697.0,
              "y": 890.0
            },
            {
              "x": 701.0,
              "y": 894.0
            },
            {
              "x": 702.0,
              "y": 894.0
            },
            {
              "x": 706.0,
              "y": 898.0
            },
            {
              "x": 709.0,
              "y": 899.0
            },
            {
              "x": 717.0,
              "y": 906.0
            },
            {
              "x": 721.0,
              "y": 907.0
            },
            {
              "x": 722.0,
              "y": 908.0
            },
            {
              "x": 732.0,
              "y": 908.0
            },
            {
              "x": 736.0,
              "y": 906.0
            },
            {
              "x": 740.0,
              "y": 902.0
            },
            {
              "x": 740.0,
              "y": 900.0
            },
            {
              "x": 742.0,
              "y": 896.0
            },
            {
              "x": 742.0,
              "y": 890.0
            },
            {
              "x": 739.0,
              "y": 886.0
            },
            {
              "x": 739.0,
              "y": 885.0
            },
            {
              "x": 731.0,
              "y": 877.0
            },
            {
              "x": 730.0,
              "y": 877.0
            },
            {
              "x": 718.0,
              "y": 866.0
            },
            {
              "x": 710.0,
              "y": 866.0
            },
            {
              "x": 705.0,
              "y": 869.0
            }
          ]
        ]
      },
      "properties": [],
      "slot_names": [
        "0"
      ]
    },
    {
      "bounding_box": {
        "h": 35.0,
        "w": 38.0,
        "x": 846.0,
        "y": 879.0
      },
      "id": "fdf0f903-85a4-4858-b84a-efb0e5b92268",
      "name": "Ditalini",
      "polygon": {
        "paths": [
          [
            {
              "x": 854.0,
              "y": 879.0
            },
            {
              "x": 852.0,
              "y": 881.0
            },
            {
              "x": 850.0,
              "y": 885.0
            },
            {
              "x": 849.0,
              "y": 890.0
            },
            {
              "x": 848.0,
              "y": 891.0
            },
            {
              "x": 847.0,
              "y": 899.0
            },
            {
              "x": 846.0,
              "y": 900.0
            },
            {
              "x": 846.0,
              "y": 909.0
            },
            {
              "x": 848.0,
              "y": 912.0
            },
            {
              "x": 850.0,
              "y": 912.0
            },
            {
              "x": 851.0,
              "y": 913.0
            },
            {
              "x": 852.0,
              "y": 912.0
            },
            {
              "x": 853.0,
              "y": 913.0
            },
            {
              "x": 854.0,
              "y": 912.0
            },
            {
              "x": 859.0,
              "y": 912.0
            },
            {
              "x": 860.0,
              "y": 913.0
            },
            {
              "x": 865.0,
              "y": 913.0
            },
            {
              "x": 866.0,
              "y": 914.0
            },
            {
              "x": 878.0,
              "y": 914.0
            },
            {
              "x": 881.0,
              "y": 911.0
            },
            {
              "x": 883.0,
              "y": 907.0
            },
            {
              "x": 883.0,
              "y": 905.0
            },
            {
              "x": 884.0,
              "y": 904.0
            },
            {
              "x": 884.0,
              "y": 885.0
            },
            {
              "x": 878.0,
              "y": 882.0
            },
            {
              "x": 872.0,
              "y": 882.0
            },
            {
              "x": 871.0,
              "y": 881.0
            },
            {
              "x": 867.0,
              "y": 881.0
            },
            {
              "x": 866.0,
              "y": 880.0
            },
            {
              "x": 860.0,
              "y": 880.0
            },
            {
              "x": 859.0,
              "y": 879.0
            }
          ]
        ]
      },
      "properties": [],
      "slot_names": [
        "0"
      ]
    },
    {
      "bounding_box": {
        "h": 66.0,
        "w": 73.0,
        "x": 188.0,
        "y": 996.0
      },
      "id": "0cd09dab-c8b2-4837-8a89-385c3888d38b",
      "name": "Ditalini",
      "polygon": {
        "paths": [
          [
            {
              "x": 244.0,
              "y": 998.0
            },
            {
              "x": 240.0,
              "y": 996.0
            },
            {
              "x": 233.0,
              "y": 996.0
            },
            {
              "x": 229.0,
              "y": 998.0
            },
            {
              "x": 227.0,
              "y": 1.0e3
            },
            {
              "x": 224.0,
              "y": 1001.0
            },
            {
              "x": 221.0,
              "y": 1004.0
            },
            {
              "x": 218.0,
              "y": 1005.0
            },
            {
              "x": 214.0,
              "y": 1009.0
            },
            {
              "x": 210.0,
              "y": 1011.0
            },
            {
              "x": 207.0,
              "y": 1014.0
            },
            {
              "x": 206.0,
              "y": 1014.0
            },
            {
              "x": 201.0,
              "y": 1018.0
            },
            {
              "x": 198.0,
              "y": 1019.0
            },
            {
              "x": 196.0,
              "y": 1021.0
            },
            {
              "x": 192.0,
              "y": 1023.0
            },
            {
              "x": 189.0,
              "y": 1026.0
            },
            {
              "x": 189.0,
              "y": 1028.0
            },
            {
              "x": 188.0,
              "y": 1029.0
            },
            {
              "x": 188.0,
              "y": 1039.0
            },
            {
              "x": 189.0,
              "y": 1040.0
            },
            {
              "x": 189.0,
              "y": 1043.0
            },
            {
              "x": 191.0,
              "y": 1047.0
            },
            {
              "x": 195.0,
              "y": 1052.0
            },
            {
              "x": 195.0,
              "y": 1053.0
            },
            {
              "x": 198.0,
              "y": 1056.0
            },
            {
              "x": 207.0,
              "y": 1061.0
            },
            {
              "x": 211.0,
              "y": 1061.0
            },
            {
              "x": 212.0,
              "y": 1062.0
            },
            {
              "x": 213.0,
              "y": 1061.0
            },
            {
              "x": 216.0,
              "y": 1061.0
            },
            {
              "x": 226.0,
              "y": 1053.0
            },
            {
              "x": 230.0,
              "y": 1051.0
            },
            {
              "x": 233.0,
              "y": 1048.0
            },
            {
              "x": 236.0,
              "y": 1047.0
            },
            {
              "x": 238.0,
              "y": 1045.0
            },
            {
              "x": 239.0,
              "y": 1045.0
            },
            {
              "x": 241.0,
              "y": 1043.0
            },
            {
              "x": 242.0,
              "y": 1043.0
            },
            {
              "x": 244.0,
              "y": 1041.0
            },
            {
              "x": 251.0,
              "y": 1037.0
            },
            {
              "x": 257.0,
              "y": 1032.0
            },
            {
              "x": 257.0,
              "y": 1031.0
            },
            {
              "x": 260.0,
              "y": 1028.0
            },
            {
              "x": 260.0,
              "y": 1023.0
            },
            {
              "x": 261.0,
              "y": 1022.0
            },
            {
              "x": 260.0,
              "y": 1021.0
            },
            {
              "x": 260.0,
              "y": 1016.0
            },
            {
              "x": 257.0,
              "y": 1010.0
            },
            {
              "x": 254.0,
              "y": 1007.0
            },
            {
              "x": 254.0,
              "y": 1006.0
            },
            {
              "x": 251.0,
              "y": 1003.0
            },
            {
              "x": 250.0,
              "y": 1003.0
            },
            {
              "x": 247.0,
              "y": 1.0e3
            },
            {
              "x": 246.0,
              "y": 1.0e3
            }
          ]
        ]
      },
      "properties": [],
      "slot_names": [
        "0"
      ]
    },
    {
      "bounding_box": {
        "h": 80.0,
        "w": 45.0,
        "x": 112.0,
        "y": 941.0
      },
      "id": "529e4701-f9ab-49f1-bde6-cf522e5f3240",
      "name": "Ditalini",
      "polygon": {
        "paths": [
          [
            {
              "x": 131.0,
              "y": 941.0
            },
            {
              "x": 130.0,
              "y": 942.0
            },
            {
              "x": 127.0,
              "y": 942.0
            },
            {
              "x": 126.0,
              "y": 943.0
            },
            {
              "x": 124.0,
              "y": 943.0
            },
            {
              "x": 120.0,
              "y": 945.0
            },
            {
              "x": 116.0,
              "y": 948.0
            },
            {
              "x": 114.0,
              "y": 952.0
            },
            {
              "x": 114.0,
              "y": 957.0
            },
            {
              "x": 113.0,
              "y": 958.0
            },
            {
              "x": 113.0,
              "y": 980.0
            },
            {
              "x": 112.0,
              "y": 981.0
            },
            {
              "x": 112.0,
              "y": 1008.0
            },
            {
              "x": 113.0,
              "y": 1009.0
            },
            {
              "x": 114.0,
              "y": 1013.0
            },
            {
              "x": 119.0,
              "y": 1017.0
            },
            {
              "x": 123.0,
              "y": 1019.0
            },
            {
              "x": 131.0,
              "y": 1020.0
            },
            {
              "x": 132.0,
              "y": 1021.0
            },
            {
              "x": 140.0,
              "y": 1021.0
            },
            {
              "x": 141.0,
              "y": 1020.0
            },
            {
              "x": 145.0,
              "y": 1020.0
            },
            {
              "x": 146.0,
              "y": 1019.0
            },
            {
              "x": 148.0,
              "y": 1019.0
            },
            {
              "x": 152.0,
              "y": 1016.0
            },
            {
              "x": 152.0,
              "y": 1014.0
            },
            {
              "x": 154.0,
              "y": 1010.0
            },
            {
              "x": 154.0,
              "y": 996.0
            },
            {
              "x": 155.0,
              "y": 995.0
            },
            {
              "x": 155.0,
              "y": 978.0
            },
            {
              "x": 156.0,
              "y": 977.0
            },
            {
              "x": 156.0,
              "y": 966.0
            },
            {
              "x": 157.0,
              "y": 965.0
            },
            {
              "x": 157.0,
              "y": 956.0
            },
            {
              "x": 156.0,
              "y": 955.0
            },
            {
              "x": 156.0,
              "y": 953.0
            },
            {
              "x": 154.0,
              "y": 949.0
            },
            {
              "x": 150.0,
              "y": 945.0
            },
            {
              "x": 142.0,
              "y": 941.0
            }
          ]
        ]
      },
      "properties": [],
      "slot_names": [
        "0"
      ]
    },
    {
      "bounding_box": {
        "h": 65.0,
        "w": 76.0,
        "x": 1.0,
        "y": 1023.0
      },
      "id": "4ca26dbd-3d0d-4599-9b76-4981a7d395c2",
      "name": "Ditalini",
      "polygon": {
        "paths": [
          [
            {
              "x": 64.0,
              "y": 1025.0
            },
            {
              "x": 62.0,
              "y": 1025.0
            },
            {
              "x": 59.0,
              "y": 1023.0
            },
            {
              "x": 55.0,
              "y": 1023.0
            },
            {
              "x": 52.0,
              "y": 1025.0
            },
            {
              "x": 50.0,
              "y": 1025.0
            },
            {
              "x": 42.0,
              "y": 1029.0
            },
            {
              "x": 40.0,
              "y": 1031.0
            },
            {
              "x": 38.0,
              "y": 1031.0
            },
            {
              "x": 33.0,
              "y": 1034.0
            },
            {
              "x": 31.0,
              "y": 1034.0
            },
            {
              "x": 25.0,
              "y": 1039.0
            },
            {
              "x": 1.0,
              "y": 1051.0
            },
            {
              "x": 1.0,
              "y": 1071.0
            },
            {
              "x": 3.0,
              "y": 1073.0
            },
            {
              "x": 5.0,
              "y": 1078.0
            },
            {
              "x": 14.0,
              "y": 1086.0
            },
            {
              "x": 18.0,
              "y": 1087.0
            },
            {
              "x": 19.0,
              "y": 1088.0
            },
            {
              "x": 25.0,
              "y": 1088.0
            },
            {
              "x": 43.0,
              "y": 1079.0
            },
            {
              "x": 45.0,
              "y": 1077.0
            },
            {
              "x": 55.0,
              "y": 1072.0
            },
            {
              "x": 57.0,
              "y": 1070.0
            },
            {
              "x": 62.0,
              "y": 1068.0
            },
            {
              "x": 64.0,
              "y": 1066.0
            },
            {
              "x": 69.0,
              "y": 1065.0
            },
            {
              "x": 75.0,
              "y": 1062.0
            },
            {
              "x": 77.0,
              "y": 1060.0
            },
            {
              "x": 77.0,
              "y": 1048.0
            },
            {
              "x": 76.0,
              "y": 1047.0
            },
            {
              "x": 76.0,
              "y": 1045.0
            },
            {
              "x": 74.0,
              "y": 1042.0
            },
            {
              "x": 74.0,
              "y": 1040.0
            },
            {
              "x": 72.0,
              "y": 1036.0
            },
            {
              "x": 66.0,
              "y": 1029.0
            },
            {
              "x": 65.0,
              "y": 1026.0
            }
          ]
        ]
      },
      "properties": [],
      "slot_names": [
        "0"
      ]
    },
    {
      "bounding_box": {
        "h": 45.0,
        "w": 49.0,
        "x": 334.0,
        "y": 659.0
      },
      "id": "9500c41b-e5aa-4674-96e7-130d27ab07e4",
      "name": "Ditalini",
      "polygon": {
        "paths": [
          [
            {
              "x": 375.0,
              "y": 659.0
            },
            {
              "x": 363.0,
              "y": 659.0
            },
            {
              "x": 362.0,
              "y": 660.0
            },
            {
              "x": 354.0,
              "y": 660.0
            },
            {
              "x": 353.0,
              "y": 661.0
            },
            {
              "x": 344.0,
              "y": 661.0
            },
            {
              "x": 343.0,
              "y": 662.0
            },
            {
              "x": 339.0,
              "y": 662.0
            },
            {
              "x": 338.0,
              "y": 663.0
            },
            {
              "x": 336.0,
              "y": 663.0
            },
            {
              "x": 334.0,
              "y": 665.0
            },
            {
              "x": 334.0,
              "y": 688.0
            },
            {
              "x": 335.0,
              "y": 689.0
            },
            {
              "x": 336.0,
              "y": 696.0
            },
            {
              "x": 339.0,
              "y": 702.0
            },
            {
              "x": 341.0,
              "y": 704.0
            },
            {
              "x": 347.0,
              "y": 704.0
            },
            {
              "x": 348.0,
              "y": 703.0
            },
            {
              "x": 359.0,
              "y": 703.0
            },
            {
              "x": 360.0,
              "y": 702.0
            },
            {
              "x": 365.0,
              "y": 702.0
            },
            {
              "x": 366.0,
              "y": 701.0
            },
            {
              "x": 369.0,
              "y": 701.0
            },
            {
              "x": 370.0,
              "y": 700.0
            },
            {
              "x": 377.0,
              "y": 700.0
            },
            {
              "x": 383.0,
              "y": 697.0
            },
            {
              "x": 383.0,
              "y": 680.0
            },
            {
              "x": 381.0,
              "y": 676.0
            },
            {
              "x": 381.0,
              "y": 672.0
            },
            {
              "x": 379.0,
              "y": 668.0
            },
            {
              "x": 378.0,
              "y": 662.0
            }
          ]
        ]
      },
      "properties": [],
      "slot_names": [
        "0"
      ]
    },
    {
      "bounding_box": {
        "h": 40.0,
        "w": 47.0,
        "x": 332.0,
        "y": 548.0
      },
      "id": "401865b4-51a8-477c-b326-74d821a438ac",
      "name": "Ditalini",
      "polygon": {
        "paths": [
          [
            {
              "x": 340.0,
              "y": 551.0
            },
            {
              "x": 336.0,
              "y": 555.0
            },
            {
              "x": 334.0,
              "y": 559.0
            },
            {
              "x": 332.0,
              "y": 567.0
            },
            {
              "x": 333.0,
              "y": 568.0
            },
            {
              "x": 334.0,
              "y": 573.0
            },
            {
              "x": 336.0,
              "y": 577.0
            },
            {
              "x": 339.0,
              "y": 580.0
            },
            {
              "x": 339.0,
              "y": 581.0
            },
            {
              "x": 341.0,
              "y": 582.0
            },
            {
              "x": 345.0,
              "y": 586.0
            },
            {
              "x": 349.0,
              "y": 587.0
            },
            {
              "x": 350.0,
              "y": 588.0
            },
            {
              "x": 366.0,
              "y": 588.0
            },
            {
              "x": 372.0,
              "y": 585.0
            },
            {
              "x": 375.0,
              "y": 582.0
            },
            {
              "x": 375.0,
              "y": 581.0
            },
            {
              "x": 378.0,
              "y": 577.0
            },
            {
              "x": 378.0,
              "y": 573.0
            },
            {
              "x": 379.0,
              "y": 572.0
            },
            {
              "x": 378.0,
              "y": 561.0
            },
            {
              "x": 374.0,
              "y": 556.0
            },
            {
              "x": 374.0,
              "y": 555.0
            },
            {
              "x": 373.0,
              "y": 555.0
            },
            {
              "x": 367.0,
              "y": 550.0
            },
            {
              "x": 365.0,
              "y": 550.0
            },
            {
              "x": 362.0,
              "y": 548.0
            },
            {
              "x": 346.0,
              "y": 548.0
            },
            {
              "x": 341.0,
              "y": 551.0
            }
          ]
        ]
      },
      "properties": [],
      "slot_names": [
        "0"
      ]
    },
    {
      "bounding_box": {
        "h": 42.0,
        "w": 60.0,
        "x": 458.0,
        "y": 529.0
      },
      "id": "e1202397-2c4a-44c9-b061-5b896e831ec6",
      "name": "Ditalini",
      "polygon": {
        "paths": [
          [
            {
              "x": 470.0,
              "y": 531.0
            },
            {
              "x": 470.0,
              "y": 533.0
            },
            {
              "x": 469.0,
              "y": 534.0
            },
            {
              "x": 469.0,
              "y": 536.0
            },
            {
              "x": 467.0,
              "y": 540.0
            },
            {
              "x": 466.0,
              "y": 547.0
            },
            {
              "x": 464.0,
              "y": 550.0
            },
            {
              "x": 464.0,
              "y": 553.0
            },
            {
              "x": 458.0,
              "y": 565.0
            },
            {
              "x": 459.0,
              "y": 567.0
            },
            {
              "x": 463.0,
              "y": 568.0
            },
            {
              "x": 464.0,
              "y": 569.0
            },
            {
              "x": 467.0,
              "y": 569.0
            },
            {
              "x": 468.0,
              "y": 570.0
            },
            {
              "x": 476.0,
              "y": 570.0
            },
            {
              "x": 477.0,
              "y": 571.0
            },
            {
              "x": 505.0,
              "y": 571.0
            },
            {
              "x": 506.0,
              "y": 570.0
            },
            {
              "x": 515.0,
              "y": 570.0
            },
            {
              "x": 517.0,
              "y": 569.0
            },
            {
              "x": 517.0,
              "y": 566.0
            },
            {
              "x": 518.0,
              "y": 565.0
            },
            {
              "x": 518.0,
              "y": 560.0
            },
            {
              "x": 517.0,
              "y": 559.0
            },
            {
              "x": 517.0,
              "y": 548.0
            },
            {
              "x": 516.0,
              "y": 547.0
            },
            {
              "x": 516.0,
              "y": 542.0
            },
            {
              "x": 515.0,
              "y": 541.0
            },
            {
              "x": 515.0,
              "y": 538.0
            },
            {
              "x": 514.0,
              "y": 537.0
            },
            {
              "x": 514.0,
              "y": 533.0
            },
            {
              "x": 511.0,
              "y": 529.0
            },
            {
              "x": 510.0,
              "y": 530.0
            },
            {
              "x": 483.0,
              "y": 530.0
            },
            {
              "x": 482.0,
              "y": 529.0
            },
            {
              "x": 472.0,
              "y": 529.0
            }
          ]
        ]
      },
      "properties": [],
      "slot_names": [
        "0"
      ]
    },
    {
      "bounding_box": {
        "h": 47.0,
        "w": 51.0,
        "x": 544.0,
        "y": 587.0
      },
      "id": "445fba62-a281-4a88-9de7-d7fa079ee43b",
      "name": "Ditalini",
      "polygon": {
        "paths": [
          [
            {
              "x": 590.0,
              "y": 587.0
            },
            {
              "x": 585.0,
              "y": 587.0
            },
            {
              "x": 584.0,
              "y": 588.0
            },
            {
              "x": 580.0,
              "y": 588.0
            },
            {
              "x": 579.0,
              "y": 589.0
            },
            {
              "x": 564.0,
              "y": 589.0
            },
            {
              "x": 563.0,
              "y": 590.0
            },
            {
              "x": 555.0,
              "y": 590.0
            },
            {
              "x": 554.0,
              "y": 591.0
            },
            {
              "x": 546.0,
              "y": 592.0
            },
            {
              "x": 544.0,
              "y": 594.0
            },
            {
              "x": 544.0,
              "y": 600.0
            },
            {
              "x": 545.0,
              "y": 601.0
            },
            {
              "x": 545.0,
              "y": 610.0
            },
            {
              "x": 546.0,
              "y": 611.0
            },
            {
              "x": 546.0,
              "y": 616.0
            },
            {
              "x": 547.0,
              "y": 617.0
            },
            {
              "x": 547.0,
              "y": 623.0
            },
            {
              "x": 549.0,
              "y": 626.0
            },
            {
              "x": 549.0,
              "y": 631.0
            },
            {
              "x": 550.0,
              "y": 633.0
            },
            {
              "x": 551.0,
              "y": 634.0
            },
            {
              "x": 554.0,
              "y": 634.0
            },
            {
              "x": 555.0,
              "y": 633.0
            },
            {
              "x": 570.0,
              "y": 633.0
            },
            {
              "x": 571.0,
              "y": 632.0
            },
            {
              "x": 586.0,
              "y": 631.0
            },
            {
              "x": 587.0,
              "y": 630.0
            },
            {
              "x": 591.0,
              "y": 630.0
            },
            {
              "x": 592.0,
              "y": 629.0
            },
            {
              "x": 594.0,
              "y": 629.0
            },
            {
              "x": 595.0,
              "y": 623.0
            },
            {
              "x": 594.0,
              "y": 622.0
            },
            {
              "x": 594.0,
              "y": 613.0
            },
            {
              "x": 593.0,
              "y": 612.0
            },
            {
              "x": 593.0,
              "y": 601.0
            },
            {
              "x": 592.0,
              "y": 600.0
            },
            {
              "x": 592.0,
              "y": 591.0
            },
            {
              "x": 591.0,
              "y": 590.0
            },
            {
              "x": 591.0,
              "y": 588.0
            }
          ]
        ]
      },
      "properties": [],
      "slot_names": [
        "0"
      ]
    },
    {
      "bounding_box": {
        "h": 54.0,
        "w": 55.0,
        "x": 524.0,
        "y": 649.0
      },
      "id": "daf53798-2f2c-4252-8d2d-7d6fcbbf6e39",
      "name": "Ditalini",
      "polygon": {
        "paths": [
          [
            {
              "x": 531.0,
              "y": 649.0
            },
            {
              "x": 529.0,
              "y": 652.0
            },
            {
              "x": 529.0,
              "y": 657.0
            },
            {
              "x": 528.0,
              "y": 658.0
            },
            {
              "x": 527.0,
              "y": 668.0
            },
            {
              "x": 526.0,
              "y": 669.0
            },
            {
              "x": 526.0,
              "y": 675.0
            },
            {
              "x": 525.0,
              "y": 676.0
            },
            {
              "x": 525.0,
              "y": 679.0
            },
            {
              "x": 524.0,
              "y": 680.0
            },
            {
              "x": 524.0,
              "y": 689.0
            },
            {
              "x": 526.0,
              "y": 690.0
            },
            {
              "x": 529.0,
              "y": 690.0
            },
            {
              "x": 533.0,
              "y": 692.0
            },
            {
              "x": 535.0,
              "y": 692.0
            },
            {
              "x": 538.0,
              "y": 694.0
            },
            {
              "x": 540.0,
              "y": 694.0
            },
            {
              "x": 547.0,
              "y": 698.0
            },
            {
              "x": 549.0,
              "y": 698.0
            },
            {
              "x": 551.0,
              "y": 700.0
            },
            {
              "x": 553.0,
              "y": 700.0
            },
            {
              "x": 557.0,
              "y": 703.0
            },
            {
              "x": 561.0,
              "y": 703.0
            },
            {
              "x": 562.0,
              "y": 702.0
            },
            {
              "x": 563.0,
              "y": 699.0
            },
            {
              "x": 567.0,
              "y": 694.0
            },
            {
              "x": 569.0,
              "y": 690.0
            },
            {
              "x": 569.0,
              "y": 688.0
            },
            {
              "x": 571.0,
              "y": 686.0
            },
            {
              "x": 577.0,
              "y": 674.0
            },
            {
              "x": 577.0,
              "y": 672.0
            },
            {
              "x": 579.0,
              "y": 668.0
            },
            {
              "x": 574.0,
              "y": 664.0
            },
            {
              "x": 558.0,
              "y": 656.0
            },
            {
              "x": 556.0,
              "y": 656.0
            },
            {
              "x": 550.0,
              "y": 653.0
            },
            {
              "x": 545.0,
              "y": 652.0
            },
            {
              "x": 542.0,
              "y": 650.0
            },
            {
              "x": 538.0,
              "y": 650.0
            },
            {
              "x": 537.0,
              "y": 649.0
            }
          ]
        ]
      },
      "properties": [],
      "slot_names": [
        "0"
      ]
    },
    {
      "bounding_box": {
        "h": 41.0,
        "w": 44.0,
        "x": 476.0,
        "y": 645.0
      },
      "id": "6b30c807-7d12-47fa-a2c1-8b8f0fbb5b16",
      "name": "Ditalini",
      "polygon": {
        "paths": [
          [
            {
              "x": 483.0,
              "y": 648.0
            },
            {
              "x": 478.0,
              "y": 654.0
            },
            {
              "x": 477.0,
              "y": 658.0
            },
            {
              "x": 476.0,
              "y": 659.0
            },
            {
              "x": 476.0,
              "y": 667.0
            },
            {
              "x": 477.0,
              "y": 668.0
            },
            {
              "x": 477.0,
              "y": 670.0
            },
            {
              "x": 479.0,
              "y": 674.0
            },
            {
              "x": 483.0,
              "y": 679.0
            },
            {
              "x": 484.0,
              "y": 679.0
            },
            {
              "x": 487.0,
              "y": 682.0
            },
            {
              "x": 493.0,
              "y": 685.0
            },
            {
              "x": 495.0,
              "y": 685.0
            },
            {
              "x": 496.0,
              "y": 686.0
            },
            {
              "x": 507.0,
              "y": 686.0
            },
            {
              "x": 513.0,
              "y": 683.0
            },
            {
              "x": 515.0,
              "y": 681.0
            },
            {
              "x": 515.0,
              "y": 680.0
            },
            {
              "x": 518.0,
              "y": 677.0
            },
            {
              "x": 519.0,
              "y": 673.0
            },
            {
              "x": 520.0,
              "y": 672.0
            },
            {
              "x": 520.0,
              "y": 660.0
            },
            {
              "x": 519.0,
              "y": 659.0
            },
            {
              "x": 518.0,
              "y": 655.0
            },
            {
              "x": 512.0,
              "y": 649.0
            },
            {
              "x": 511.0,
              "y": 649.0
            },
            {
              "x": 507.0,
              "y": 646.0
            },
            {
              "x": 505.0,
              "y": 646.0
            },
            {
              "x": 504.0,
              "y": 645.0
            },
            {
              "x": 490.0,
              "y": 645.0
            },
            {
              "x": 484.0,
              "y": 648.0
            }
          ]
        ]
      },
      "properties": [],
      "slot_names": [
        "0"
      ]
    },
    {
      "bounding_box": {
        "h": 40.0,
        "w": 46.0,
        "x": 412.0,
        "y": 629.0
      },
      "id": "359333f2-fbf6-486a-81ae-cc5ee1873520",
      "name": "Ditalini",
      "polygon": {
        "paths": [
          [
            {
              "x": 416.0,
              "y": 633.0
            },
            {
              "x": 412.0,
              "y": 641.0
            },
            {
              "x": 412.0,
              "y": 650.0
            },
            {
              "x": 413.0,
              "y": 651.0
            },
            {
              "x": 413.0,
              "y": 654.0
            },
            {
              "x": 415.0,
              "y": 658.0
            },
            {
              "x": 421.0,
              "y": 664.0
            },
            {
              "x": 431.0,
              "y": 669.0
            },
            {
              "x": 447.0,
              "y": 669.0
            },
            {
              "x": 451.0,
              "y": 666.0
            },
            {
              "x": 452.0,
              "y": 666.0
            },
            {
              "x": 454.0,
              "y": 664.0
            },
            {
              "x": 458.0,
              "y": 656.0
            },
            {
              "x": 458.0,
              "y": 647.0
            },
            {
              "x": 457.0,
              "y": 646.0
            },
            {
              "x": 457.0,
              "y": 643.0
            },
            {
              "x": 454.0,
              "y": 639.0
            },
            {
              "x": 454.0,
              "y": 638.0
            },
            {
              "x": 448.0,
              "y": 633.0
            },
            {
              "x": 442.0,
              "y": 630.0
            },
            {
              "x": 439.0,
              "y": 630.0
            },
            {
              "x": 438.0,
              "y": 629.0
            },
            {
              "x": 422.0,
              "y": 629.0
            },
            {
              "x": 418.0,
              "y": 631.0
            }
          ]
        ]
      },
      "properties": [],
      "slot_names": [
        "0"
      ]
    },
    {
      "bounding_box": {
        "h": 54.0,
        "w": 51.0,
        "x": 360.0,
        "y": 600.0
      },
      "id": "1979d7d7-2acc-4c11-9690-c0fcebcc265d",
      "name": "Ditalini",
      "polygon": {
        "paths": [
          [
            {
              "x": 376.0,
              "y": 600.0
            },
            {
              "x": 373.0,
              "y": 603.0
            },
            {
              "x": 368.0,
              "y": 614.0
            },
            {
              "x": 366.0,
              "y": 616.0
            },
            {
              "x": 361.0,
              "y": 626.0
            },
            {
              "x": 360.0,
              "y": 630.0
            },
            {
              "x": 370.0,
              "y": 641.0
            },
            {
              "x": 371.0,
              "y": 641.0
            },
            {
              "x": 377.0,
              "y": 647.0
            },
            {
              "x": 378.0,
              "y": 647.0
            },
            {
              "x": 381.0,
              "y": 650.0
            },
            {
              "x": 382.0,
              "y": 650.0
            },
            {
              "x": 387.0,
              "y": 654.0
            },
            {
              "x": 391.0,
              "y": 654.0
            },
            {
              "x": 394.0,
              "y": 651.0
            },
            {
              "x": 394.0,
              "y": 650.0
            },
            {
              "x": 397.0,
              "y": 647.0
            },
            {
              "x": 397.0,
              "y": 646.0
            },
            {
              "x": 401.0,
              "y": 641.0
            },
            {
              "x": 408.0,
              "y": 627.0
            },
            {
              "x": 408.0,
              "y": 625.0
            },
            {
              "x": 411.0,
              "y": 620.0
            },
            {
              "x": 411.0,
              "y": 616.0
            },
            {
              "x": 409.0,
              "y": 614.0
            },
            {
              "x": 405.0,
              "y": 612.0
            },
            {
              "x": 403.0,
              "y": 612.0
            },
            {
              "x": 396.0,
              "y": 608.0
            },
            {
              "x": 394.0,
              "y": 608.0
            },
            {
              "x": 389.0,
              "y": 605.0
            },
            {
              "x": 387.0,
              "y": 605.0
            },
            {
              "x": 379.0,
              "y": 600.0
            }
          ]
        ]
      },
      "properties": [],
      "slot_names": [
        "0"
      ]
    },
    {
      "bounding_box": {
        "h": 47.0,
        "w": 50.0,
        "x": 384.0,
        "y": 533.0
      },
      "id": "2776d5c6-26bb-41b8-addc-987e01aeac9d",
      "name": "Ditalini",
      "polygon": {
        "paths": [
          [
            {
              "x": 397.0,
              "y": 533.0
            },
            {
              "x": 394.0,
              "y": 537.0
            },
            {
              "x": 392.0,
              "y": 541.0
            },
            {
              "x": 392.0,
              "y": 543.0
            },
            {
              "x": 390.0,
              "y": 545.0
            },
            {
              "x": 390.0,
              "y": 548.0
            },
            {
              "x": 384.0,
              "y": 560.0
            },
            {
              "x": 384.0,
              "y": 565.0
            },
            {
              "x": 386.0,
              "y": 567.0
            },
            {
              "x": 394.0,
              "y": 571.0
            },
            {
              "x": 397.0,
              "y": 571.0
            },
            {
              "x": 400.0,
              "y": 573.0
            },
            {
              "x": 402.0,
              "y": 573.0
            },
            {
              "x": 405.0,
              "y": 575.0
            },
            {
              "x": 413.0,
              "y": 577.0
            },
            {
              "x": 419.0,
              "y": 580.0
            },
            {
              "x": 421.0,
              "y": 580.0
            },
            {
              "x": 425.0,
              "y": 575.0
            },
            {
              "x": 425.0,
              "y": 573.0
            },
            {
              "x": 428.0,
              "y": 568.0
            },
            {
              "x": 428.0,
              "y": 565.0
            },
            {
              "x": 431.0,
              "y": 561.0
            },
            {
              "x": 431.0,
              "y": 558.0
            },
            {
              "x": 434.0,
              "y": 552.0
            },
            {
              "x": 434.0,
              "y": 546.0
            },
            {
              "x": 433.0,
              "y": 545.0
            },
            {
              "x": 425.0,
              "y": 543.0
            },
            {
              "x": 420.0,
              "y": 540.0
            },
            {
              "x": 418.0,
              "y": 540.0
            },
            {
              "x": 417.0,
              "y": 539.0
            },
            {
              "x": 412.0,
              "y": 538.0
            },
            {
              "x": 409.0,
              "y": 536.0
            },
            {
              "x": 406.0,
              "y": 536.0
            },
            {
              "x": 403.0,
              "y": 534.0
            },
            {
              "x": 400.0,
              "y": 534.0
            },
            {
              "x": 399.0,
              "y": 533.0
            }
          ]
        ]
      },
      "properties": [],
      "slot_names": [
        "0"
      ]
    }
  ]
}