{
  "version": "2.0",
  "schema_ref": "https://darwin-public.s3.eu-west-1.amazonaws.com/darwin_json/2.0/schema.json",
  "item": {
    "name": "ditalini.4qem76q1.ingestion-5fd995d986-fwdsf.jpg",
    "path": "/",
    "source_info": {
      "item_id": "018ea5b6-3853-68c7-9b5f-a8165c18422b",
      "dataset": {
        "name": "Pasta",
        "slug": "pasta",
        "dataset_management_url": "https://darwin.v7labs.com/datasets/735230/dataset-management"
      },
      "team": {
        "name": "Salvino",
        "slug": "salvino"
      },
      "workview_url": "https://darwin.v7labs.com/workview?dataset=735230&item=018ea5b6-3853-68c7-9b5f-a8165c18422b"
    },
    "slots": [
      {
        "type": "image",
        "slot_name": "0",
        "width": 512,
        "height": 512,
        "thumbnail_url": "https://darwin.v7labs.com/api/v2/teams/salvino/files/372d6e91-861c-4beb-a689-f5e907ea2c82/thumbnail",
        "source_files": [
          {
            "file_name": "ditalini.4qem76q1.ingestion-5fd995d986-fwdsf.jpg",
            "url": "https://darwin.v7labs.com/api/v2/teams/salvino/uploads/0fadb44f-68d1-44ae-a255-60b2b7929d0b"
          }
        ]
      }
    ]
  },
  "annotations": [
    {
      "bounding_box": {
        "h": 71.0,
        "w": 73.0,
        "x": 265.0,
        "y": 55.0
      },
      "id": "887aedeb-d4c1-462e-8d3a-0cfcf8701e7b",
      "name": "Ditalini",
      "polygon": {
        "paths": [
          [
            {
              "x": 288.0,
              "y": 55.0
            },
            {
              "x": 296.0,
              "y": 55.0
            },
            {
              "x": 297.0,
              "y": 55.0
            },
            {
              "x": 305.0,
              "y": 60.0
            },
            {
              "x": 306.0,
              "y": 60.0
            },
            {
              "x": 327.0,
              "y": 78.0
            },
            {
              "x": 328.0,
              "y": 78.0
            },
            {
              "x": 337.0,
              "y": 88.0
            },
            {
              "x": 338.0,
              "y": 89.0
            },
            {
              "x": 338.0,
              "y": 99.0
            },
            {
              "x": 338.0,
              "y": 100.0
            },
            {
              "x": 333.0,
              "y": 109.0
            },
            {
              "x": 333.0,
              "y": 110.0
            },
            {
              "x": 324.0,
              "y": 119.0
            },
            {
              "x": 323.0,
              "y": 120.0
            },
            {
              "x": 317.0,
              "y": 123.0
            },
            {
              "x": 316.0,
              "y": 124.0
            },
            {
              "x": 309.0,
              "y": 125.0
            },
            {
              "x": 308.0,
              "y": 126.0
            },
            {
              "x": 302.0,
              "y": 124.0
            },
            {
              "x": 301.0,
              "y": 124.0
            },
            {
              "x": 275.0,
              "y": 101.0
            },
            {
              "x": 274.0,
              "y": 101.0
            },
            {
              "x": 268.0,
              "y": 95.0
            },
            {
              "x": 267.0,
              "y": 94.0
            },
            {
              "x": 266.0,
              "y": 91.0
            },
            {
              "x": 265.0,
              "y": 90.0
            },
            {
              "x": 265.0,
              "y": 81.0
            },
            {
              "x": 265.0,
              "y": 80.0
            },
            {
              "x": 270.0,
              "y": 70.0
            },
            {
              "x": 270.0,
              "y": 69.0
            },
            {
              "x": 279.0,
              "y": 60.0
            },
            {
              "x": 280.0,
              "y": 59.0
            },
            {
              "x": 288.0,
              "y": 55.0
            }
          ]
        ]
      },
      "properties": [],
      "slot_names": [
        "0"
      ]
    }
  ]
}