{
  "version": "2.0",
  "schema_ref": "https://darwin-public.s3.eu-west-1.amazonaws.com/darwin_json/2.0/schema.json",
  "item": {
    "name": "ditalini.4qem59ac.ingestion-5fd995d986-l5rgx.jpg",
    "path": "/",
    "source_info": {
      "item_id": "018ea5b6-3850-b1d6-ffcd-9850afa9f954",
      "dataset": {
        "name": "Pasta",
        "slug": "pasta",
        "dataset_management_url": "https://darwin.v7labs.com/datasets/735230/dataset-management"
      },
      "team": {
        "name": "Salvino",
        "slug": "salvino"
      },
      "workview_url": "https://darwin.v7labs.com/workview?dataset=735230&item=018ea5b6-3850-b1d6-ffcd-9850afa9f954"
    },
    "slots": [
      {
        "type": "image",
        "slot_name": "0",
        "width": 512,
        "height": 512,
        "thumbnail_url": "https://darwin.v7labs.com/api/v2/teams/salvino/files/6c554cb0-bbe0-46be-8680-26c9570c7b87/thumbnail",
        "source_files": [
          {
            "file_name": "ditalini.4qem59ac.ingestion-5fd995d986-l5rgx.jpg",
            "url": "https://darwin.v7labs.com/api/v2/teams/salvino/uploads/e27e359b-828c-4dae-8fff-0f723e2fe136"
          }
        ]
      }
    ]
  },
  "annotations": [
    {
      "bounding_box": {
        "h": 102.0,
        "w": 78.0,
        "x": 233.0,
        "y": 153.0
      },
      "id": "2bf6668c-1a06-4bc8-828e-bba2e6b2348c",
      "name": "Ditalini",
      "polygon": {
        "paths": [
          [
            {
              "x": 253.0,
              "y": 155.0
            },
            {
              "x": 245.0,
              "y": 159.0
            },
            {
              "x": 241.0,
              "y": 163.0
            },
            {
              "x": 235.0,
              "y": 175.0
            },
            {
              "x": 235.0,
              "y": 178.0
            },
            {
              "x": 234.0,
              "y": 179.0
            },
            {
              "x": 234.0,
              "y": 186.0
            },
            {
              "x": 233.0,
              "y": 187.0
            },
            {
              "x": 233.0,
              "y": 189.0
            },
            {
              "x": 234.0,
              "y": 190.0
            },
            {
              "x": 234.0,
              "y": 195.0
            },
            {
              "x": 233.0,
              "y": 196.0
            },
            {
              "x": 233.0,
              "y": 199.0
            },
            {
              "x": 234.0,
              "y": 200.0
            },
            {
              "x": 234.0,
              "y": 215.0
            },
            {
              "x": 235.0,
              "y": 216.0
            },
            {
              "x": 235.0,
              "y": 222.0
            },
            {
              "x": 236.0,
              "y": 223.0
            },
            {
              "x": 237.0,
              "y": 230.0
            },
            {
              "x": 241.0,
              "y": 238.0
            },
            {
              "x": 244.0,
              "y": 241.0
            },
            {
              "x": 244.0,
              "y": 242.0
            },
            {
              "x": 245.0,
              "y": 242.0
            },
            {
              "x": 250.0,
              "y": 247.0
            },
            {
              "x": 256.0,
              "y": 250.0
            },
            {
              "x": 258.0,
              "y": 252.0
            },
            {
              "x": 260.0,
              "y": 252.0
            },
            {
              "x": 264.0,
              "y": 254.0
            },
            {
              "x": 270.0,
              "y": 254.0
            },
            {
              "x": 271.0,
              "y": 255.0
            },
            {
              "x": 278.0,
              "y": 255.0
            },
            {
              "x": 279.0,
              "y": 254.0
            },
            {
              "x": 284.0,
              "y": 254.0
            },
            {
              "x": 285.0,
              "y": 253.0
            },
            {
              "x": 290.0,
              "y": 253.0
            },
            {
              "x": 291.0,
              "y": 252.0
            },
            {
              "x": 293.0,
              "y": 252.0
            },
            {
              "x": 297.0,
              "y": 250.0
            },
            {
              "x": 303.0,
              "y": 243.0
            },
            {
              "x": 304.0,
              "y": 239.0
            },
            {
              "x": 305.0,
              "y": 238.0
            },
            {
              "x": 305.0,
              "y": 236.0
            },
            {
              "x": 306.0,
              "y": 235.0
            },
            {
              "x": 306.0,
              "y": 232.0
            },
            {
              "x": 307.0,
              "y": 231.0
            },
            {
              "x": 307.0,
              "y": 224.0
            },
            {
              "x": 308.0,
              "y": 223.0
            },
            {
              "x": 308.0,
              "y": 214.0
            },
            {
              "x": 309.0,
              "y": 213.0
            },
            {
              "x": 309.0,
              "y": 207.0
            },
            {
              "x": 310.0,
              "y": 206.0
            },
            {
              "x": 310.0,
              "y": 201.0
            },
            {
              "x": 311.0,
              "y": 200.0
            },
            {
              "x": 311.0,
              "y": 185.0
            },
            {
              "x": 310.0,
              "y": 184.0
            },
            {
              "x": 310.0,
              "y": 180.0
            },
            {
              "x": 309.0,
              "y": 179.0
            },
            {
              "x": 309.0,
              "y": 177.0
            },
            {
              "x": 307.0,
              "y": 173.0
            },
            {
              "x": 304.0,
              "y": 170.0
            },
            {
              "x": 304.0,
              "y": 169.0
            },
            {
              "x": 297.0,
              "y": 162.0
            },
            {
              "x": 291.0,
              "y": 159.0
            },
            {
              "x": 289.0,
              "y": 157.0
            },
            {
              "x": 287.0,
              "y": 157.0
            },
            {
              "x": 286.0,
              "y": 156.0
            },
            {
              "x": 284.0,
              "y": 156.0
            },
            {
              "x": 280.0,
              "y": 154.0
            },
            {
              "x": 274.0,
              "y": 154.0
            },
            {
              "x": 273.0,
              "y": 153.0
            },
            {
              "x": 262.0,
              "y": 153.0
            },
            {
              "x": 261.0,
              "y": 154.0
            },
            {
              "x": 257.0,
              "y": 154.0
            },
            {
              "x": 256.0,
              "y": 155.0
            }
          ]
        ]
      },
      "properties": [],
      "slot_names": [
        "0"
      ]
    }
  ]
}