{
  "version": "2.0",
  "schema_ref": "https://darwin-public.s3.eu-west-1.amazonaws.com/darwin_json/2.0/schema.json",
  "item": {
    "name": "ditalini.4qem54su.ingestion-5fd995d986-l5rgx.jpg",
    "path": "/",
    "source_info": {
      "item_id": "018ea5b6-3850-0dff-08ea-60ed6c8d9384",
      "dataset": {
        "name": "Pasta",
        "slug": "pasta",
        "dataset_management_url": "https://darwin.v7labs.com/datasets/735230/dataset-management"
      },
      "team": {
        "name": "Salvino",
        "slug": "salvino"
      },
      "workview_url": "https://darwin.v7labs.com/workview?dataset=735230&item=018ea5b6-3850-0dff-08ea-60ed6c8d9384"
    },
    "slots": [
      {
        "type": "image",
        "slot_name": "0",
        "width": 512,
        "height": 512,
        "thumbnail_url": "https://darwin.v7labs.com/api/v2/teams/salvino/files/bcb4a019-a2c9-4dc9-9417-414c8589d141/thumbnail",
        "source_files": [
          {
            "file_name": "ditalini.4qem54su.ingestion-5fd995d986-l5rgx.jpg",
            "url": "https://darwin.v7labs.com/api/v2/teams/salvino/uploads/ed7d520d-3d81-4fd5-a445-fa3244433817"
          }
        ]
      }
    ]
  },
  "annotations": [
    {
      "bounding_box": {
        "h": 104.0,
        "w": 82.0,
        "x": 138.0,
        "y": 212.0
      },
      "id": "eed2e9d9-8e3f-4046-87c3-071edf90c3df",
      "name": "Ditalini",
      "polygon": {
        "paths": [
          [
            {
              "x": 161.0,
              "y": 214.0
            },
            {
              "x": 152.0,
              "y": 219.0
            },
            {
              "x": 146.0,
              "y": 225.0
            },
            {
              "x": 146.0,
              "y": 226.0
            },
            {
              "x": 142.0,
              "y": 230.0
            },
            {
              "x": 140.0,
              "y": 234.0
            },
            {
              "x": 140.0,
              "y": 236.0
            },
            {
              "x": 139.0,
              "y": 237.0
            },
            {
              "x": 139.0,
              "y": 241.0
            },
            {
              "x": 138.0,
              "y": 242.0
            },
            {
              "x": 138.0,
              "y": 255.0
            },
            {
              "x": 139.0,
              "y": 256.0
            },
            {
              "x": 139.0,
              "y": 261.0
            },
            {
              "x": 141.0,
              "y": 265.0
            },
            {
              "x": 142.0,
              "y": 272.0
            },
            {
              "x": 144.0,
              "y": 275.0
            },
            {
              "x": 144.0,
              "y": 278.0
            },
            {
              "x": 145.0,
              "y": 279.0
            },
            {
              "x": 146.0,
              "y": 284.0
            },
            {
              "x": 151.0,
              "y": 294.0
            },
            {
              "x": 153.0,
              "y": 296.0
            },
            {
              "x": 154.0,
              "y": 299.0
            },
            {
              "x": 163.0,
              "y": 308.0
            },
            {
              "x": 164.0,
              "y": 308.0
            },
            {
              "x": 166.0,
              "y": 310.0
            },
            {
              "x": 174.0,
              "y": 314.0
            },
            {
              "x": 176.0,
              "y": 314.0
            },
            {
              "x": 177.0,
              "y": 315.0
            },
            {
              "x": 182.0,
              "y": 315.0
            },
            {
              "x": 183.0,
              "y": 316.0
            },
            {
              "x": 198.0,
              "y": 316.0
            },
            {
              "x": 199.0,
              "y": 315.0
            },
            {
              "x": 202.0,
              "y": 315.0
            },
            {
              "x": 208.0,
              "y": 312.0
            },
            {
              "x": 216.0,
              "y": 305.0
            },
            {
              "x": 218.0,
              "y": 301.0
            },
            {
              "x": 218.0,
              "y": 299.0
            },
            {
              "x": 219.0,
              "y": 298.0
            },
            {
              "x": 219.0,
              "y": 293.0
            },
            {
              "x": 220.0,
              "y": 292.0
            },
            {
              "x": 220.0,
              "y": 283.0
            },
            {
              "x": 219.0,
              "y": 282.0
            },
            {
              "x": 219.0,
              "y": 269.0
            },
            {
              "x": 218.0,
              "y": 268.0
            },
            {
              "x": 217.0,
              "y": 248.0
            },
            {
              "x": 216.0,
              "y": 247.0
            },
            {
              "x": 216.0,
              "y": 244.0
            },
            {
              "x": 215.0,
              "y": 243.0
            },
            {
              "x": 215.0,
              "y": 239.0
            },
            {
              "x": 214.0,
              "y": 238.0
            },
            {
              "x": 214.0,
              "y": 236.0
            },
            {
              "x": 212.0,
              "y": 232.0
            },
            {
              "x": 210.0,
              "y": 230.0
            },
            {
              "x": 210.0,
              "y": 229.0
            },
            {
              "x": 197.0,
              "y": 217.0
            },
            {
              "x": 193.0,
              "y": 216.0
            },
            {
              "x": 190.0,
              "y": 214.0
            },
            {
              "x": 182.0,
              "y": 213.0
            },
            {
              "x": 181.0,
              "y": 212.0
            },
            {
              "x": 169.0,
              "y": 212.0
            },
            {
              "x": 168.0,
              "y": 213.0
            },
            {
              "x": 165.0,
              "y": 213.0
            },
            {
              "x": 164.0,
              "y": 214.0
            }
          ]
        ]
      },
      "properties": [],
      "slot_names": [
        "0"
      ]
    }
  ]
}