{
  "version": "2.0",
  "schema_ref": "https://darwin-public.s3.eu-west-1.amazonaws.com/darwin_json/2.0/schema.json",
  "item": {
    "name": "ditalini.4qem6iqr.ingestion-5fd995d986-fwdsf.jpg",
    "path": "/",
    "source_info": {
      "item_id": "018ea5b6-3852-9352-8d3f-28defbb7e82a",
      "dataset": {
        "name": "Pasta",
        "slug": "pasta",
        "dataset_management_url": "https://darwin.v7labs.com/datasets/735230/dataset-management"
      },
      "team": {
        "name": "Salvino",
        "slug": "salvino"
      },
      "workview_url": "https://darwin.v7labs.com/workview?dataset=735230&item=018ea5b6-3852-9352-8d3f-28defbb7e82a"
    },
    "slots": [
      {
        "type": "image",
        "slot_name": "0",
        "width": 512,
        "height": 512,
        "thumbnail_url": "https://darwin.v7labs.com/api/v2/teams/salvino/files/86fcb5f2-cf22-46e6-a9c2-cceace79e86d/thumbnail",
        "source_files": [
          {
            "file_name": "ditalini.4qem6iqr.ingestion-5fd995d986-fwdsf.jpg",
            "url": "https://darwin.v7labs.com/api/v2/teams/salvino/uploads/c079e6c8-2985-447b-abfc-a4651861b615"
          }
        ]
      }
    ]
  },
  "annotations": [
    {
      "bounding_box": {
        "h": 80.0,
        "w": 61.0,
        "x": 270.0,
        "y": 168.0
      },
      "id": "87625ed7-51c5-4fa6-a508-5ff0196b3554",
      "name": "Ditalini",
      "polygon": {
        "paths": [
          [
            {
              "x": 281.0,
              "y": 171.0
            },
            {
              "x": 279.0,
              "y": 173.0
            },
            {
              "x": 276.0,
              "y": 174.0
            },
            {
              "x": 272.0,
              "y": 178.0
            },
            {
              "x": 271.0,
              "y": 182.0
            },
            {
              "x": 270.0,
              "y": 183.0
            },
            {
              "x": 270.0,
              "y": 198.0
            },
            {
              "x": 271.0,
              "y": 199.0
            },
            {
              "x": 271.0,
              "y": 208.0
            },
            {
              "x": 272.0,
              "y": 209.0
            },
            {
              "x": 272.0,
              "y": 216.0
            },
            {
              "x": 273.0,
              "y": 217.0
            },
            {
              "x": 274.0,
              "y": 233.0
            },
            {
              "x": 275.0,
              "y": 234.0
            },
            {
              "x": 275.0,
              "y": 238.0
            },
            {
              "x": 276.0,
              "y": 240.0
            },
            {
              "x": 280.0,
              "y": 244.0
            },
            {
              "x": 284.0,
              "y": 246.0
            },
            {
              "x": 286.0,
              "y": 246.0
            },
            {
              "x": 287.0,
              "y": 247.0
            },
            {
              "x": 291.0,
              "y": 247.0
            },
            {
              "x": 292.0,
              "y": 248.0
            },
            {
              "x": 306.0,
              "y": 248.0
            },
            {
              "x": 307.0,
              "y": 247.0
            },
            {
              "x": 311.0,
              "y": 247.0
            },
            {
              "x": 312.0,
              "y": 246.0
            },
            {
              "x": 315.0,
              "y": 246.0
            },
            {
              "x": 318.0,
              "y": 244.0
            },
            {
              "x": 321.0,
              "y": 244.0
            },
            {
              "x": 328.0,
              "y": 239.0
            },
            {
              "x": 329.0,
              "y": 239.0
            },
            {
              "x": 331.0,
              "y": 237.0
            },
            {
              "x": 331.0,
              "y": 221.0
            },
            {
              "x": 330.0,
              "y": 220.0
            },
            {
              "x": 330.0,
              "y": 216.0
            },
            {
              "x": 329.0,
              "y": 215.0
            },
            {
              "x": 329.0,
              "y": 212.0
            },
            {
              "x": 328.0,
              "y": 211.0
            },
            {
              "x": 328.0,
              "y": 205.0
            },
            {
              "x": 327.0,
              "y": 204.0
            },
            {
              "x": 327.0,
              "y": 194.0
            },
            {
              "x": 326.0,
              "y": 193.0
            },
            {
              "x": 326.0,
              "y": 187.0
            },
            {
              "x": 325.0,
              "y": 186.0
            },
            {
              "x": 325.0,
              "y": 182.0
            },
            {
              "x": 324.0,
              "y": 181.0
            },
            {
              "x": 324.0,
              "y": 178.0
            },
            {
              "x": 323.0,
              "y": 176.0
            },
            {
              "x": 318.0,
              "y": 171.0
            },
            {
              "x": 314.0,
              "y": 169.0
            },
            {
              "x": 312.0,
              "y": 169.0
            },
            {
              "x": 311.0,
              "y": 168.0
            },
            {
              "x": 290.0,
              "y": 168.0
            },
            {
              "x": 289.0,
              "y": 169.0
            },
            {
              "x": 283.0,
              "y": 170.0
            },
            {
              "x": 282.0,
              "y": 171.0
            }
          ]
        ]
      },
      "properties": [],
      "slot_names": [
        "0"
      ]
    }
  ]
}