{
  "version": "2.0",
  "schema_ref": "https://darwin-public.s3.eu-west-1.amazonaws.com/darwin_json/2.0/schema.json",
  "item": {
    "name": "ditalini.4qem8is7.ingestion-5fd995d986-fwdsf.jpg",
    "path": "/",
    "source_info": {
      "item_id": "018ea5b6-3853-75d1-75f1-5364008ce9c1",
      "dataset": {
        "name": "Pasta",
        "slug": "pasta",
        "dataset_management_url": "https://darwin.v7labs.com/datasets/735230/dataset-management"
      },
      "team": {
        "name": "Salvino",
        "slug": "salvino"
      },
      "workview_url": "https://darwin.v7labs.com/workview?dataset=735230&item=018ea5b6-3853-75d1-75f1-5364008ce9c1"
    },
    "slots": [
      {
        "type": "image",
        "slot_name": "0",
        "width": 512,
        "height": 512,
        "thumbnail_url": "https://darwin.v7labs.com/api/v2/teams/salvino/files/8b502ccf-059d-4728-95b1-c65f51243184/thumbnail",
        "source_files": [
          {
            "file_name": "ditalini.4qem8is7.ingestion-5fd995d986-fwdsf.jpg",
            "url": "https://darwin.v7labs.com/api/v2/teams/salvino/uploads/1588a33d-abd4-486c-a39b-6170625234ef"
          }
        ]
      }
    ]
  },
  "annotations": []
}