{
  "version": "2.0",
  "schema_ref": "https://darwin-public.s3.eu-west-1.amazonaws.com/darwin_json/2.0/schema.json",
  "item": {
    "name": "ditalini.4qem8av3.ingestion-5fd995d986-9zbdz.jpg",
    "path": "/",
    "source_info": {
      "item_id": "018ea5b6-3853-9ade-8995-9d845e4c6183",
      "dataset": {
        "name": "Pasta",
        "slug": "pasta",
        "dataset_management_url": "https://darwin.v7labs.com/datasets/735230/dataset-management"
      },
      "team": {
        "name": "Salvino",
        "slug": "salvino"
      },
      "workview_url": "https://darwin.v7labs.com/workview?dataset=735230&item=018ea5b6-3853-9ade-8995-9d845e4c6183"
    },
    "slots": [
      {
        "type": "image",
        "slot_name": "0",
        "width": 512,
        "height": 512,
        "thumbnail_url": "https://darwin.v7labs.com/api/v2/teams/salvino/files/d95f5788-097f-44cd-9f2a-d94ee3cbacfb/thumbnail",
        "source_files": [
          {
            "file_name": "ditalini.4qem8av3.ingestion-5fd995d986-9zbdz.jpg",
            "url": "https://darwin.v7labs.com/api/v2/teams/salvino/uploads/f1343153-b220-4531-b708-449215aef01f"
          }
        ]
      }
    ]
  },
  "annotations": [
    {
      "bounding_box": {
        "h": 160.0,
        "w": 88.0,
        "x": 162.0,
        "y": 204.0
      },
      "id": "698e8d40-a6bd-46e5-b2d2-95dcb7d626ab",
      "name": "Ditalini",
      "polygon": {
        "paths": [
          [
            {
              "x": 205.0,
              "y": 204.0
            },
            {
              "x": 223.0,
              "y": 205.0
            },
            {
              "x": 224.0,
              "y": 205.0
            },
            {
              "x": 230.0,
              "y": 207.0
            },
            {
              "x": 231.0,
              "y": 207.0
            },
            {
              "x": 244.0,
              "y": 215.0
            },
            {
              "x": 245.0,
              "y": 215.0
            },
            {
              "x": 249.0,
              "y": 221.0
            },
            {
              "x": 250.0,
              "y": 222.0
            },
            {
              "x": 250.0,
              "y": 242.0
            },
            {
              "x": 250.0,
              "y": 243.0
            },
            {
              "x": 249.0,
              "y": 253.0
            },
            {
              "x": 248.0,
              "y": 254.0
            },
            {
              "x": 246.0,
              "y": 289.0
            },
            {
              "x": 246.0,
              "y": 290.0
            },
            {
              "x": 243.0,
              "y": 297.0
            },
            {
              "x": 243.0,
              "y": 298.0
            },
            {
              "x": 236.0,
              "y": 302.0
            },
            {
              "x": 235.0,
              "y": 303.0
            },
            {
              "x": 234.0,
              "y": 327.0
            },
            {
              "x": 234.0,
              "y": 328.0
            },
            {
              "x": 232.0,
              "y": 335.0
            },
            {
              "x": 232.0,
              "y": 336.0
            },
            {
              "x": 228.0,
              "y": 343.0
            },
            {
              "x": 228.0,
              "y": 344.0
            },
            {
              "x": 215.0,
              "y": 356.0
            },
            {
              "x": 214.0,
              "y": 357.0
            },
            {
              "x": 209.0,
              "y": 359.0
            },
            {
              "x": 208.0,
              "y": 360.0
            },
            {
              "x": 195.0,
              "y": 363.0
            },
            {
              "x": 194.0,
              "y": 364.0
            },
            {
              "x": 183.0,
              "y": 363.0
            },
            {
              "x": 182.0,
              "y": 363.0
            },
            {
              "x": 172.0,
              "y": 358.0
            },
            {
              "x": 171.0,
              "y": 358.0
            },
            {
              "x": 167.0,
              "y": 354.0
            },
            {
              "x": 166.0,
              "y": 353.0
            },
            {
              "x": 163.0,
              "y": 345.0
            },
            {
              "x": 162.0,
              "y": 344.0
            },
            {
              "x": 162.0,
              "y": 322.0
            },
            {
              "x": 162.0,
              "y": 321.0
            },
            {
              "x": 166.0,
              "y": 286.0
            },
            {
              "x": 166.0,
              "y": 285.0
            },
            {
              "x": 170.0,
              "y": 263.0
            },
            {
              "x": 170.0,
              "y": 262.0
            },
            {
              "x": 176.0,
              "y": 250.0
            },
            {
              "x": 177.0,
              "y": 249.0
            },
            {
              "x": 179.0,
              "y": 228.0
            },
            {
              "x": 179.0,
              "y": 227.0
            },
            {
              "x": 182.0,
              "y": 217.0
            },
            {
              "x": 182.0,
              "y": 216.0
            },
            {
              "x": 187.0,
              "y": 210.0
            },
            {
              "x": 188.0,
              "y": 209.0
            },
            {
              "x": 197.0,
              "y": 206.0
            },
            {
              "x": 198.0,
              "y": 205.0
            },
            {
              "x": 205.0,
              "y": 204.0
            }
          ]
        ]
      },
      "properties": [],
      "slot_names": [
        "0"
      ]
    }
  ]
}