{
  "version": "2.0",
  "schema_ref": "https://darwin-public.s3.eu-west-1.amazonaws.com/darwin_json/2.0/schema.json",
  "item": {
    "name": "ditalini-2.jpg",
    "path": "/",
    "source_info": {
      "item_id": "018ea861-3fb8-1f16-882b-dc937329f2eb",
      "dataset": {
        "name": "Pasta",
        "slug": "pasta",
        "dataset_management_url": "https://darwin.v7labs.com/datasets/735230/dataset-management"
      },
      "team": {
        "name": "Salvino",
        "slug": "salvino"
      },
      "workview_url": "https://darwin.v7labs.com/workview?dataset=735230&item=018ea861-3fb8-1f16-882b-dc937329f2eb"
    },
    "slots": [
      {
        "type": "image",
        "slot_name": "0",
        "width": 1314,
        "height": 1599,
        "thumbnail_url": "https://darwin.v7labs.com/api/v2/teams/salvino/files/75486895-e074-4df3-9cf7-d5b2a36a2e45/thumbnail",
        "source_files": [
          {
            "file_name": "ditalini-2.jpg",
            "url": "https://darwin.v7labs.com/api/v2/teams/salvino/uploads/67cf99ab-2a35-4ee8-98cb-c54cb19fe82a"
          }
        ]
      }
    ]
  },
  "annotations": [
    {
      "bounding_box": {
        "h": 113.0,
        "w": 93.0,
        "x": 396.0,
        "y": 150.0
      },
      "id": "240aebd1-668f-4181-ae91-47980a9658f0",
      "name": "Ditalini",
      "polygon": {
        "paths": [
          [
            {
              "x": 405.0,
              "y": 156.0
            },
            {
              "x": 401.0,
              "y": 160.0
            },
            {
              "x": 401.0,
              "y": 162.0
            },
            {
              "x": 400.0,
              "y": 163.0
            },
            {
              "x": 400.0,
              "y": 177.0
            },
            {
              "x": 399.0,
              "y": 178.0
            },
            {
              "x": 399.0,
              "y": 187.0
            },
            {
              "x": 398.0,
              "y": 188.0
            },
            {
              "x": 398.0,
              "y": 201.0
            },
            {
              "x": 397.0,
              "y": 202.0
            },
            {
              "x": 397.0,
              "y": 218.0
            },
            {
              "x": 396.0,
              "y": 219.0
            },
            {
              "x": 396.0,
              "y": 247.0
            },
            {
              "x": 397.0,
              "y": 248.0
            },
            {
              "x": 398.0,
              "y": 252.0
            },
            {
              "x": 407.0,
              "y": 258.0
            },
            {
              "x": 409.0,
              "y": 258.0
            },
            {
              "x": 410.0,
              "y": 259.0
            },
            {
              "x": 412.0,
              "y": 259.0
            },
            {
              "x": 416.0,
              "y": 261.0
            },
            {
              "x": 428.0,
              "y": 262.0
            },
            {
              "x": 429.0,
              "y": 263.0
            },
            {
              "x": 450.0,
              "y": 263.0
            },
            {
              "x": 451.0,
              "y": 262.0
            },
            {
              "x": 460.0,
              "y": 262.0
            },
            {
              "x": 461.0,
              "y": 261.0
            },
            {
              "x": 466.0,
              "y": 261.0
            },
            {
              "x": 479.0,
              "y": 255.0
            },
            {
              "x": 481.0,
              "y": 253.0
            },
            {
              "x": 482.0,
              "y": 249.0
            },
            {
              "x": 483.0,
              "y": 248.0
            },
            {
              "x": 483.0,
              "y": 241.0
            },
            {
              "x": 484.0,
              "y": 240.0
            },
            {
              "x": 484.0,
              "y": 221.0
            },
            {
              "x": 485.0,
              "y": 220.0
            },
            {
              "x": 485.0,
              "y": 204.0
            },
            {
              "x": 486.0,
              "y": 203.0
            },
            {
              "x": 486.0,
              "y": 197.0
            },
            {
              "x": 487.0,
              "y": 196.0
            },
            {
              "x": 487.0,
              "y": 183.0
            },
            {
              "x": 488.0,
              "y": 182.0
            },
            {
              "x": 488.0,
              "y": 167.0
            },
            {
              "x": 489.0,
              "y": 166.0
            },
            {
              "x": 489.0,
              "y": 164.0
            },
            {
              "x": 485.0,
              "y": 159.0
            },
            {
              "x": 479.0,
              "y": 156.0
            },
            {
              "x": 477.0,
              "y": 156.0
            },
            {
              "x": 473.0,
              "y": 154.0
            },
            {
              "x": 470.0,
              "y": 154.0
            },
            {
              "x": 469.0,
              "y": 153.0
            },
            {
              "x": 464.0,
              "y": 153.0
            },
            {
              "x": 463.0,
              "y": 152.0
            },
            {
              "x": 459.0,
              "y": 152.0
            },
            {
              "x": 458.0,
              "y": 151.0
            },
            {
              "x": 451.0,
              "y": 151.0
            },
            {
              "x": 450.0,
              "y": 150.0
            },
            {
              "x": 423.0,
              "y": 150.0
            },
            {
              "x": 422.0,
              "y": 151.0
            },
            {
              "x": 418.0,
              "y": 151.0
            },
            {
              "x": 414.0,
              "y": 153.0
            },
            {
              "x": 411.0,
              "y": 153.0
            },
            {
              "x": 406.0,
              "y": 156.0
            }
          ]
        ]
      },
      "properties": [],
      "slot_names": [
        "0"
      ]
    },
    {
      "bounding_box": {
        "h": 116.0,
        "w": 90.0,
        "x": 535.0,
        "y": 153.0
      },
      "id": "bccdd5b6-e19c-4191-b61e-ad98faa05dab",
      "name": "Ditalini",
      "polygon": {
        "paths": [
          [
            {
              "x": 571.0,
              "y": 153.0
            },
            {
              "x": 567.0,
              "y": 155.0
            },
            {
              "x": 564.0,
              "y": 155.0
            },
            {
              "x": 551.0,
              "y": 162.0
            },
            {
              "x": 542.0,
              "y": 174.0
            },
            {
              "x": 539.0,
              "y": 180.0
            },
            {
              "x": 539.0,
              "y": 183.0
            },
            {
              "x": 538.0,
              "y": 184.0
            },
            {
              "x": 538.0,
              "y": 187.0
            },
            {
              "x": 537.0,
              "y": 188.0
            },
            {
              "x": 537.0,
              "y": 201.0
            },
            {
              "x": 536.0,
              "y": 202.0
            },
            {
              "x": 536.0,
              "y": 210.0
            },
            {
              "x": 535.0,
              "y": 211.0
            },
            {
              "x": 535.0,
              "y": 234.0
            },
            {
              "x": 537.0,
              "y": 238.0
            },
            {
              "x": 537.0,
              "y": 241.0
            },
            {
              "x": 540.0,
              "y": 247.0
            },
            {
              "x": 542.0,
              "y": 249.0
            },
            {
              "x": 544.0,
              "y": 253.0
            },
            {
              "x": 559.0,
              "y": 267.0
            },
            {
              "x": 561.0,
              "y": 267.0
            },
            {
              "x": 562.0,
              "y": 268.0
            },
            {
              "x": 567.0,
              "y": 268.0
            },
            {
              "x": 568.0,
              "y": 269.0
            },
            {
              "x": 589.0,
              "y": 269.0
            },
            {
              "x": 590.0,
              "y": 268.0
            },
            {
              "x": 594.0,
              "y": 268.0
            },
            {
              "x": 595.0,
              "y": 267.0
            },
            {
              "x": 597.0,
              "y": 267.0
            },
            {
              "x": 603.0,
              "y": 264.0
            },
            {
              "x": 605.0,
              "y": 262.0
            },
            {
              "x": 609.0,
              "y": 260.0
            },
            {
              "x": 618.0,
              "y": 251.0
            },
            {
              "x": 619.0,
              "y": 248.0
            },
            {
              "x": 622.0,
              "y": 244.0
            },
            {
              "x": 622.0,
              "y": 242.0
            },
            {
              "x": 624.0,
              "y": 239.0
            },
            {
              "x": 624.0,
              "y": 235.0
            },
            {
              "x": 625.0,
              "y": 234.0
            },
            {
              "x": 625.0,
              "y": 195.0
            },
            {
              "x": 624.0,
              "y": 194.0
            },
            {
              "x": 624.0,
              "y": 186.0
            },
            {
              "x": 623.0,
              "y": 185.0
            },
            {
              "x": 623.0,
              "y": 182.0
            },
            {
              "x": 621.0,
              "y": 179.0
            },
            {
              "x": 621.0,
              "y": 177.0
            },
            {
              "x": 617.0,
              "y": 170.0
            },
            {
              "x": 608.0,
              "y": 161.0
            },
            {
              "x": 607.0,
              "y": 161.0
            },
            {
              "x": 602.0,
              "y": 157.0
            },
            {
              "x": 600.0,
              "y": 157.0
            },
            {
              "x": 597.0,
              "y": 155.0
            },
            {
              "x": 591.0,
              "y": 154.0
            },
            {
              "x": 590.0,
              "y": 153.0
            }
          ]
        ]
      },
      "properties": [],
      "slot_names": [
        "0"
      ]
    },
    {
      "bounding_box": {
        "h": 67.0,
        "w": 93.0,
        "x": 519.0,
        "y": 671.0
      },
      "id": "c1a85e22-8f58-497c-b0ba-1dd3db0f93c8",
      "name": "Ditalini",
      "polygon": {
        "paths": [
          [
            {
              "x": 602.0,
              "y": 675.0
            },
            {
              "x": 599.0,
              "y": 672.0
            },
            {
              "x": 596.0,
              "y": 672.0
            },
            {
              "x": 595.0,
              "y": 671.0
            },
            {
              "x": 593.0,
              "y": 672.0
            },
            {
              "x": 589.0,
              "y": 672.0
            },
            {
              "x": 588.0,
              "y": 673.0
            },
            {
              "x": 582.0,
              "y": 673.0
            },
            {
              "x": 581.0,
              "y": 674.0
            },
            {
              "x": 573.0,
              "y": 675.0
            },
            {
              "x": 572.0,
              "y": 676.0
            },
            {
              "x": 559.0,
              "y": 677.0
            },
            {
              "x": 558.0,
              "y": 678.0
            },
            {
              "x": 554.0,
              "y": 678.0
            },
            {
              "x": 553.0,
              "y": 679.0
            },
            {
              "x": 550.0,
              "y": 679.0
            },
            {
              "x": 549.0,
              "y": 680.0
            },
            {
              "x": 537.0,
              "y": 681.0
            },
            {
              "x": 536.0,
              "y": 682.0
            },
            {
              "x": 533.0,
              "y": 682.0
            },
            {
              "x": 532.0,
              "y": 683.0
            },
            {
              "x": 527.0,
              "y": 683.0
            },
            {
              "x": 526.0,
              "y": 684.0
            },
            {
              "x": 523.0,
              "y": 684.0
            },
            {
              "x": 519.0,
              "y": 689.0
            },
            {
              "x": 519.0,
              "y": 709.0
            },
            {
              "x": 520.0,
              "y": 710.0
            },
            {
              "x": 520.0,
              "y": 715.0
            },
            {
              "x": 521.0,
              "y": 716.0
            },
            {
              "x": 521.0,
              "y": 720.0
            },
            {
              "x": 522.0,
              "y": 721.0
            },
            {
              "x": 522.0,
              "y": 724.0
            },
            {
              "x": 523.0,
              "y": 725.0
            },
            {
              "x": 524.0,
              "y": 730.0
            },
            {
              "x": 526.0,
              "y": 734.0
            },
            {
              "x": 530.0,
              "y": 738.0
            },
            {
              "x": 542.0,
              "y": 738.0
            },
            {
              "x": 543.0,
              "y": 737.0
            },
            {
              "x": 546.0,
              "y": 737.0
            },
            {
              "x": 547.0,
              "y": 736.0
            },
            {
              "x": 550.0,
              "y": 736.0
            },
            {
              "x": 551.0,
              "y": 735.0
            },
            {
              "x": 563.0,
              "y": 734.0
            },
            {
              "x": 564.0,
              "y": 733.0
            },
            {
              "x": 567.0,
              "y": 733.0
            },
            {
              "x": 568.0,
              "y": 732.0
            },
            {
              "x": 578.0,
              "y": 731.0
            },
            {
              "x": 579.0,
              "y": 730.0
            },
            {
              "x": 587.0,
              "y": 729.0
            },
            {
              "x": 588.0,
              "y": 728.0
            },
            {
              "x": 593.0,
              "y": 728.0
            },
            {
              "x": 594.0,
              "y": 727.0
            },
            {
              "x": 599.0,
              "y": 727.0
            },
            {
              "x": 600.0,
              "y": 726.0
            },
            {
              "x": 606.0,
              "y": 726.0
            },
            {
              "x": 610.0,
              "y": 723.0
            },
            {
              "x": 611.0,
              "y": 721.0
            },
            {
              "x": 611.0,
              "y": 718.0
            },
            {
              "x": 612.0,
              "y": 717.0
            },
            {
              "x": 612.0,
              "y": 702.0
            },
            {
              "x": 611.0,
              "y": 701.0
            },
            {
              "x": 611.0,
              "y": 697.0
            },
            {
              "x": 610.0,
              "y": 696.0
            },
            {
              "x": 610.0,
              "y": 692.0
            },
            {
              "x": 609.0,
              "y": 691.0
            },
            {
              "x": 608.0,
              "y": 686.0
            },
            {
              "x": 605.0,
              "y": 682.0
            },
            {
              "x": 604.0,
              "y": 678.0
            },
            {
              "x": 602.0,
              "y": 676.0
            }
          ]
        ]
      },
      "properties": [],
      "slot_names": [
        "0"
      ]
    },
    {
      "bounding_box": {
        "h": 113.0,
        "w": 107.0,
        "x": 82.0,
        "y": 1121.0
      },
      "id": "1b21ee38-c8c7-4aeb-846f-fee3bd43f68f",
      "name": "Ditalini",
      "polygon": {
        "paths": [
          [
            {
              "x": 126.0,
              "y": 1121.0
            },
            {
              "x": 123.0,
              "y": 1123.0
            },
            {
              "x": 121.0,
              "y": 1123.0
            },
            {
              "x": 117.0,
              "y": 1127.0
            },
            {
              "x": 116.0,
              "y": 1127.0
            },
            {
              "x": 113.0,
              "y": 1133.0
            },
            {
              "x": 111.0,
              "y": 1135.0
            },
            {
              "x": 110.0,
              "y": 1138.0
            },
            {
              "x": 107.0,
              "y": 1141.0
            },
            {
              "x": 106.0,
              "y": 1145.0
            },
            {
              "x": 104.0,
              "y": 1147.0
            },
            {
              "x": 101.0,
              "y": 1153.0
            },
            {
              "x": 101.0,
              "y": 1155.0
            },
            {
              "x": 96.0,
              "y": 1162.0
            },
            {
              "x": 96.0,
              "y": 1164.0
            },
            {
              "x": 88.0,
              "y": 1179.0
            },
            {
              "x": 88.0,
              "y": 1181.0
            },
            {
              "x": 83.0,
              "y": 1189.0
            },
            {
              "x": 83.0,
              "y": 1194.0
            },
            {
              "x": 82.0,
              "y": 1195.0
            },
            {
              "x": 83.0,
              "y": 1197.0
            },
            {
              "x": 83.0,
              "y": 1201.0
            },
            {
              "x": 84.0,
              "y": 1202.0
            },
            {
              "x": 85.0,
              "y": 1206.0
            },
            {
              "x": 87.0,
              "y": 1208.0
            },
            {
              "x": 88.0,
              "y": 1211.0
            },
            {
              "x": 91.0,
              "y": 1214.0
            },
            {
              "x": 91.0,
              "y": 1215.0
            },
            {
              "x": 98.0,
              "y": 1222.0
            },
            {
              "x": 99.0,
              "y": 1222.0
            },
            {
              "x": 104.0,
              "y": 1226.0
            },
            {
              "x": 107.0,
              "y": 1227.0
            },
            {
              "x": 109.0,
              "y": 1229.0
            },
            {
              "x": 115.0,
              "y": 1232.0
            },
            {
              "x": 118.0,
              "y": 1232.0
            },
            {
              "x": 122.0,
              "y": 1234.0
            },
            {
              "x": 138.0,
              "y": 1234.0
            },
            {
              "x": 139.0,
              "y": 1233.0
            },
            {
              "x": 144.0,
              "y": 1232.0
            },
            {
              "x": 146.0,
              "y": 1230.0
            },
            {
              "x": 150.0,
              "y": 1228.0
            },
            {
              "x": 156.0,
              "y": 1222.0
            },
            {
              "x": 158.0,
              "y": 1218.0
            },
            {
              "x": 166.0,
              "y": 1209.0
            },
            {
              "x": 166.0,
              "y": 1208.0
            },
            {
              "x": 170.0,
              "y": 1203.0
            },
            {
              "x": 171.0,
              "y": 1200
            },
            {
              "x": 178.0,
              "y": 1191.0
            },
            {
              "x": 181.0,
              "y": 1184.0
            },
            {
              "x": 186.0,
              "y": 1177.0
            },
            {
              "x": 186.0,
              "y": 1175.0
            },
            {
              "x": 188.0,
              "y": 1173.0
            },
            {
              "x": 188.0,
              "y": 1171.0
            },
            {
              "x": 189.0,
              "y": 1170.0
            },
            {
              "x": 189.0,
              "y": 1159.0
            },
            {
              "x": 188.0,
              "y": 1158.0
            },
            {
              "x": 188.0,
              "y": 1156.0
            },
            {
              "x": 184.0,
              "y": 1149.0
            },
            {
              "x": 180.0,
              "y": 1145.0
            },
            {
              "x": 180.0,
              "y": 1144.0
            },
            {
              "x": 176.0,
              "y": 1140.0
            },
            {
              "x": 176.0,
              "y": 1139.0
            },
            {
              "x": 174.0,
              "y": 1137.0
            },
            {
              "x": 173.0,
              "y": 1137.0
            },
            {
              "x": 165.0,
              "y": 1131.0
            },
            {
              "x": 162.0,
              "y": 1130.0
            },
            {
              "x": 160.0,
              "y": 1128.0
            },
            {
              "x": 152.0,
              "y": 1124.0
            },
            {
              "x": 150.0,
              "y": 1124.0
            },
            {
              "x": 146.0,
              "y": 1122.0
            },
            {
              "x": 143.0,
              "y": 1122.0
            },
            {
              "x": 142.0,
              "y": 1121.0
            }
          ]
        ]
      },
      "properties": [],
      "slot_names": [
        "0"
      ]
    },
    {
      "bounding_box": {
        "h": 104.0,
        "w": 102.0,
        "x": 159.0,
        "y": 1198.0
      },
      "id": "be0f79f2-366d-463d-b5ab-67acb95ff8b9",
      "name": "Ditalini",
      "polygon": {
        "paths": [
          [
            {
              "x": 242.0,
              "y": 1203.0
            },
            {
              "x": 240.0,
              "y": 1203.0
            },
            {
              "x": 235.0,
              "y": 1200
            },
            {
              "x": 229.0,
              "y": 1199.0
            },
            {
              "x": 228.0,
              "y": 1198.0
            },
            {
              "x": 214.0,
              "y": 1198.0
            },
            {
              "x": 213.0,
              "y": 1199.0
            },
            {
              "x": 210.0,
              "y": 1199.0
            },
            {
              "x": 204.0,
              "y": 1202.0
            },
            {
              "x": 202.0,
              "y": 1202.0
            },
            {
              "x": 197.0,
              "y": 1206.0
            },
            {
              "x": 194.0,
              "y": 1207.0
            },
            {
              "x": 185.0,
              "y": 1215.0
            },
            {
              "x": 178.0,
              "y": 1219.0
            },
            {
              "x": 170.0,
              "y": 1226.0
            },
            {
              "x": 170.0,
              "y": 1227.0
            },
            {
              "x": 166.0,
              "y": 1232.0
            },
            {
              "x": 163.0,
              "y": 1238.0
            },
            {
              "x": 163.0,
              "y": 1240.0
            },
            {
              "x": 161.0,
              "y": 1243.0
            },
            {
              "x": 161.0,
              "y": 1245.0
            },
            {
              "x": 160.0,
              "y": 1246.0
            },
            {
              "x": 160.0,
              "y": 1251.0
            },
            {
              "x": 159.0,
              "y": 1252.0
            },
            {
              "x": 159.0,
              "y": 1263.0
            },
            {
              "x": 160.0,
              "y": 1264.0
            },
            {
              "x": 160.0,
              "y": 1269.0
            },
            {
              "x": 162.0,
              "y": 1271.0
            },
            {
              "x": 162.0,
              "y": 1273.0
            },
            {
              "x": 166.0,
              "y": 1281.0
            },
            {
              "x": 172.0,
              "y": 1288.0
            },
            {
              "x": 172.0,
              "y": 1289.0
            },
            {
              "x": 180.0,
              "y": 1296.0
            },
            {
              "x": 186.0,
              "y": 1299.0
            },
            {
              "x": 188.0,
              "y": 1299.0
            },
            {
              "x": 189.0,
              "y": 1300
            },
            {
              "x": 191.0,
              "y": 1300
            },
            {
              "x": 195.0,
              "y": 1302.0
            },
            {
              "x": 209.0,
              "y": 1302.0
            },
            {
              "x": 210.0,
              "y": 1301.0
            },
            {
              "x": 214.0,
              "y": 1301.0
            },
            {
              "x": 215.0,
              "y": 1300
            },
            {
              "x": 220.0,
              "y": 1299.0
            },
            {
              "x": 223.0,
              "y": 1297.0
            },
            {
              "x": 225.0,
              "y": 1297.0
            },
            {
              "x": 227.0,
              "y": 1295.0
            },
            {
              "x": 233.0,
              "y": 1292.0
            },
            {
              "x": 239.0,
              "y": 1286.0
            },
            {
              "x": 240.0,
              "y": 1283.0
            },
            {
              "x": 245.0,
              "y": 1277.0
            },
            {
              "x": 246.0,
              "y": 1274.0
            },
            {
              "x": 248.0,
              "y": 1272.0
            },
            {
              "x": 251.0,
              "y": 1266.0
            },
            {
              "x": 251.0,
              "y": 1264.0
            },
            {
              "x": 253.0,
              "y": 1262.0
            },
            {
              "x": 253.0,
              "y": 1260.0
            },
            {
              "x": 261.0,
              "y": 1246.0
            },
            {
              "x": 261.0,
              "y": 1236.0
            },
            {
              "x": 260.0,
              "y": 1235.0
            },
            {
              "x": 260.0,
              "y": 1231.0
            },
            {
              "x": 259.0,
              "y": 1230.0
            },
            {
              "x": 259.0,
              "y": 1227.0
            },
            {
              "x": 257.0,
              "y": 1224.0
            },
            {
              "x": 256.0,
              "y": 1219.0
            },
            {
              "x": 253.0,
              "y": 1213.0
            },
            {
              "x": 249.0,
              "y": 1209.0
            },
            {
              "x": 249.0,
              "y": 1208.0
            },
            {
              "x": 245.0,
              "y": 1206.0
            }
          ]
        ]
      },
      "properties": [],
      "slot_names": [
        "0"
      ]
    },
    {
      "bounding_box": {
        "h": 66.0,
        "w": 75.0,
        "x": 414.0,
        "y": 1215.0
      },
      "id": "078a9568-36b5-42ae-83d1-ba169129ca34",
      "name": "Ditalini",
      "polygon": {
        "paths": [
          [
            {
              "x": 475.0,
              "y": 1215.0
            },
            {
              "x": 469.0,
              "y": 1215.0
            },
            {
              "x": 468.0,
              "y": 1216.0
            },
            {
              "x": 463.0,
              "y": 1217.0
            },
            {
              "x": 449.0,
              "y": 1224.0
            },
            {
              "x": 447.0,
              "y": 1224.0
            },
            {
              "x": 444.0,
              "y": 1226.0
            },
            {
              "x": 442.0,
              "y": 1226.0
            },
            {
              "x": 436.0,
              "y": 1229.0
            },
            {
              "x": 431.0,
              "y": 1230.0
            },
            {
              "x": 426.0,
              "y": 1233.0
            },
            {
              "x": 423.0,
              "y": 1233.0
            },
            {
              "x": 420.0,
              "y": 1235.0
            },
            {
              "x": 418.0,
              "y": 1235.0
            },
            {
              "x": 415.0,
              "y": 1238.0
            },
            {
              "x": 414.0,
              "y": 1240.0
            },
            {
              "x": 414.0,
              "y": 1248.0
            },
            {
              "x": 415.0,
              "y": 1249.0
            },
            {
              "x": 416.0,
              "y": 1263.0
            },
            {
              "x": 423.0,
              "y": 1277.0
            },
            {
              "x": 427.0,
              "y": 1281.0
            },
            {
              "x": 436.0,
              "y": 1281.0
            },
            {
              "x": 437.0,
              "y": 1280.0
            },
            {
              "x": 445.0,
              "y": 1278.0
            },
            {
              "x": 457.0,
              "y": 1272.0
            },
            {
              "x": 462.0,
              "y": 1271.0
            },
            {
              "x": 467.0,
              "y": 1268.0
            },
            {
              "x": 469.0,
              "y": 1268.0
            },
            {
              "x": 481.0,
              "y": 1262.0
            },
            {
              "x": 488.0,
              "y": 1257.0
            },
            {
              "x": 488.0,
              "y": 1255.0
            },
            {
              "x": 489.0,
              "y": 1254.0
            },
            {
              "x": 489.0,
              "y": 1246.0
            },
            {
              "x": 488.0,
              "y": 1245.0
            },
            {
              "x": 487.0,
              "y": 1236.0
            },
            {
              "x": 486.0,
              "y": 1235.0
            },
            {
              "x": 486.0,
              "y": 1233.0
            },
            {
              "x": 483.0,
              "y": 1227.0
            },
            {
              "x": 481.0,
              "y": 1225.0
            },
            {
              "x": 477.0,
              "y": 1217.0
            }
          ]
        ]
      },
      "properties": [],
      "slot_names": [
        "0"
      ]
    },
    {
      "bounding_box": {
        "h": 61.0,
        "w": 68.0,
        "x": 1040.0,
        "y": 1501.0
      },
      "id": "76f7d084-ea5a-4de9-9af3-c99a2e4e9f68",
      "name": "Ditalini",
      "polygon": {
        "paths": [
          [
            {
              "x": 1052.0,
              "y": 1506.0
            },
            {
              "x": 1046.0,
              "y": 1512.0
            },
            {
              "x": 1044.0,
              "y": 1517.0
            },
            {
              "x": 1042.0,
              "y": 1519.0
            },
            {
              "x": 1040.0,
              "y": 1523.0
            },
            {
              "x": 1040.0,
              "y": 1535.0
            },
            {
              "x": 1041.0,
              "y": 1536.0
            },
            {
              "x": 1041.0,
              "y": 1538.0
            },
            {
              "x": 1048.0,
              "y": 1544.0
            },
            {
              "x": 1051.0,
              "y": 1545.0
            },
            {
              "x": 1056.0,
              "y": 1549.0
            },
            {
              "x": 1068.0,
              "y": 1555.0
            },
            {
              "x": 1071.0,
              "y": 1558.0
            },
            {
              "x": 1079.0,
              "y": 1562.0
            },
            {
              "x": 1086.0,
              "y": 1562.0
            },
            {
              "x": 1087.0,
              "y": 1561.0
            },
            {
              "x": 1091.0,
              "y": 1560.0
            },
            {
              "x": 1.1e3,
              "y": 1552.0
            },
            {
              "x": 1104.0,
              "y": 1545.0
            },
            {
              "x": 1107.0,
              "y": 1542.0
            },
            {
              "x": 1107.0,
              "y": 1540.0
            },
            {
              "x": 1108.0,
              "y": 1539.0
            },
            {
              "x": 1108.0,
              "y": 1535.0
            },
            {
              "x": 1107.0,
              "y": 1534.0
            },
            {
              "x": 1107.0,
              "y": 1524.0
            },
            {
              "x": 1106.0,
              "y": 1523.0
            },
            {
              "x": 1106.0,
              "y": 1520.0
            },
            {
              "x": 1093.0,
              "y": 1513.0
            },
            {
              "x": 1091.0,
              "y": 1513.0
            },
            {
              "x": 1089.0,
              "y": 1511.0
            },
            {
              "x": 1084.0,
              "y": 1509.0
            },
            {
              "x": 1082.0,
              "y": 1507.0
            },
            {
              "x": 1078.0,
              "y": 1505.0
            },
            {
              "x": 1076.0,
              "y": 1505.0
            },
            {
              "x": 1074.0,
              "y": 1503.0
            },
            {
              "x": 1072.0,
              "y": 1503.0
            },
            {
              "x": 1068.0,
              "y": 1501.0
            },
            {
              "x": 1061.0,
              "y": 1501.0
            },
            {
              "x": 1053.0,
              "y": 1506.0
            }
          ]
        ]
      },
      "properties": [],
      "slot_names": [
        "0"
      ]
    },
    {
      "bounding_box": {
        "h": 52.0,
        "w": 63.0,
        "x": 1227.0,
        "y": 1511.0
      },
      "id": "fa610a40-6f83-4c46-8816-363cf3dedc00",
      "name": "Ditalini",
      "polygon": {
        "paths": [
          [
            {
              "x": 1274.0,
              "y": 1511.0
            },
            {
              "x": 1270.0,
              "y": 1511.0
            },
            {
              "x": 1269.0,
              "y": 1512.0
            },
            {
              "x": 1261.0,
              "y": 1514.0
            },
            {
              "x": 1258.0,
              "y": 1516.0
            },
            {
              "x": 1253.0,
              "y": 1517.0
            },
            {
              "x": 1250.0,
              "y": 1519.0
            },
            {
              "x": 1248.0,
              "y": 1519.0
            },
            {
              "x": 1247.0,
              "y": 1520.0
            },
            {
              "x": 1245.0,
              "y": 1520.0
            },
            {
              "x": 1244.0,
              "y": 1521.0
            },
            {
              "x": 1242.0,
              "y": 1521.0
            },
            {
              "x": 1238.0,
              "y": 1523.0
            },
            {
              "x": 1235.0,
              "y": 1523.0
            },
            {
              "x": 1234.0,
              "y": 1524.0
            },
            {
              "x": 1232.0,
              "y": 1524.0
            },
            {
              "x": 1228.0,
              "y": 1526.0
            },
            {
              "x": 1227.0,
              "y": 1528.0
            },
            {
              "x": 1227.0,
              "y": 1543.0
            },
            {
              "x": 1229.0,
              "y": 1546.0
            },
            {
              "x": 1229.0,
              "y": 1549.0
            },
            {
              "x": 1233.0,
              "y": 1556.0
            },
            {
              "x": 1233.0,
              "y": 1558.0
            },
            {
              "x": 1235.0,
              "y": 1562.0
            },
            {
              "x": 1236.0,
              "y": 1563.0
            },
            {
              "x": 1269.0,
              "y": 1563.0
            },
            {
              "x": 1270.0,
              "y": 1562.0
            },
            {
              "x": 1278.0,
              "y": 1560.0
            },
            {
              "x": 1282.0,
              "y": 1558.0
            },
            {
              "x": 1284.0,
              "y": 1556.0
            },
            {
              "x": 1287.0,
              "y": 1555.0
            },
            {
              "x": 1289.0,
              "y": 1553.0
            },
            {
              "x": 1289.0,
              "y": 1549.0
            },
            {
              "x": 1290.0,
              "y": 1548.0
            },
            {
              "x": 1289.0,
              "y": 1547.0
            },
            {
              "x": 1289.0,
              "y": 1534.0
            },
            {
              "x": 1288.0,
              "y": 1533.0
            },
            {
              "x": 1288.0,
              "y": 1530.0
            },
            {
              "x": 1285.0,
              "y": 1525.0
            },
            {
              "x": 1284.0,
              "y": 1521.0
            }
          ]
        ]
      },
      "properties": [],
      "slot_names": [
        "0"
      ]
    },
    {
      "bounding_box": {
        "h": 86.0,
        "w": 94.0,
        "x": 404.0,
        "y": 667.0
      },
      "id": "c566655e-b947-4c27-a4c2-bcc4aafd0af3",
      "name": "Ditalini",
      "polygon": {
        "paths": [
          [
            {
              "x": 430.0,
              "y": 667.0
            },
            {
              "x": 427.0,
              "y": 671.0
            },
            {
              "x": 422.0,
              "y": 682.0
            },
            {
              "x": 420.0,
              "y": 684.0
            },
            {
              "x": 415.0,
              "y": 695.0
            },
            {
              "x": 409.0,
              "y": 703.0
            },
            {
              "x": 404.0,
              "y": 713.0
            },
            {
              "x": 407.0,
              "y": 717.0
            },
            {
              "x": 415.0,
              "y": 721.0
            },
            {
              "x": 420.0,
              "y": 725.0
            },
            {
              "x": 422.0,
              "y": 725.0
            },
            {
              "x": 429.0,
              "y": 730.0
            },
            {
              "x": 438.0,
              "y": 734.0
            },
            {
              "x": 440.0,
              "y": 736.0
            },
            {
              "x": 443.0,
              "y": 737.0
            },
            {
              "x": 448.0,
              "y": 741.0
            },
            {
              "x": 453.0,
              "y": 743.0
            },
            {
              "x": 459.0,
              "y": 748.0
            },
            {
              "x": 462.0,
              "y": 749.0
            },
            {
              "x": 464.0,
              "y": 751.0
            },
            {
              "x": 468.0,
              "y": 753.0
            },
            {
              "x": 471.0,
              "y": 753.0
            },
            {
              "x": 476.0,
              "y": 748.0
            },
            {
              "x": 479.0,
              "y": 741.0
            },
            {
              "x": 484.0,
              "y": 734.0
            },
            {
              "x": 485.0,
              "y": 730.0
            },
            {
              "x": 487.0,
              "y": 728.0
            },
            {
              "x": 497.0,
              "y": 708.0
            },
            {
              "x": 498.0,
              "y": 704.0
            },
            {
              "x": 494.0,
              "y": 702.0
            },
            {
              "x": 492.0,
              "y": 700.0
            },
            {
              "x": 479.0,
              "y": 694.0
            },
            {
              "x": 477.0,
              "y": 692.0
            },
            {
              "x": 465.0,
              "y": 686.0
            },
            {
              "x": 460.0,
              "y": 682.0
            },
            {
              "x": 455.0,
              "y": 680.0
            },
            {
              "x": 448.0,
              "y": 675.0
            },
            {
              "x": 432.0,
              "y": 667.0
            }
          ]
        ]
      },
      "properties": [],
      "slot_names": [
        "0"
      ]
    },
    {
      "bounding_box": {
        "h": 92.0,
        "w": 98.0,
        "x": 690.0,
        "y": 155.0
      },
      "id": "217c0c39-6f1e-4057-a087-eb56b55209b6",
      "name": "Ditalini",
      "polygon": {
        "paths": [
          [
            {
              "x": 721.0,
              "y": 156.0
            },
            {
              "x": 717.0,
              "y": 158.0
            },
            {
              "x": 715.0,
              "y": 160.0
            },
            {
              "x": 712.0,
              "y": 161.0
            },
            {
              "x": 710.0,
              "y": 163.0
            },
            {
              "x": 709.0,
              "y": 163.0
            },
            {
              "x": 702.0,
              "y": 170.0
            },
            {
              "x": 702.0,
              "y": 171.0
            },
            {
              "x": 698.0,
              "y": 176.0
            },
            {
              "x": 694.0,
              "y": 184.0
            },
            {
              "x": 694.0,
              "y": 186.0
            },
            {
              "x": 692.0,
              "y": 189.0
            },
            {
              "x": 692.0,
              "y": 192.0
            },
            {
              "x": 691.0,
              "y": 193.0
            },
            {
              "x": 691.0,
              "y": 196.0
            },
            {
              "x": 690.0,
              "y": 197.0
            },
            {
              "x": 690.0,
              "y": 209.0
            },
            {
              "x": 691.0,
              "y": 210.0
            },
            {
              "x": 691.0,
              "y": 213.0
            },
            {
              "x": 693.0,
              "y": 215.0
            },
            {
              "x": 694.0,
              "y": 218.0
            },
            {
              "x": 699.0,
              "y": 222.0
            },
            {
              "x": 706.0,
              "y": 225.0
            },
            {
              "x": 708.0,
              "y": 227.0
            },
            {
              "x": 713.0,
              "y": 229.0
            },
            {
              "x": 715.0,
              "y": 231.0
            },
            {
              "x": 720.0,
              "y": 233.0
            },
            {
              "x": 722.0,
              "y": 235.0
            },
            {
              "x": 724.0,
              "y": 235.0
            },
            {
              "x": 731.0,
              "y": 240.0
            },
            {
              "x": 735.0,
              "y": 241.0
            },
            {
              "x": 737.0,
              "y": 243.0
            },
            {
              "x": 741.0,
              "y": 245.0
            },
            {
              "x": 746.0,
              "y": 246.0
            },
            {
              "x": 747.0,
              "y": 247.0
            },
            {
              "x": 758.0,
              "y": 247.0
            },
            {
              "x": 759.0,
              "y": 246.0
            },
            {
              "x": 761.0,
              "y": 246.0
            },
            {
              "x": 765.0,
              "y": 244.0
            },
            {
              "x": 768.0,
              "y": 241.0
            },
            {
              "x": 769.0,
              "y": 241.0
            },
            {
              "x": 775.0,
              "y": 235.0
            },
            {
              "x": 775.0,
              "y": 234.0
            },
            {
              "x": 778.0,
              "y": 231.0
            },
            {
              "x": 779.0,
              "y": 228.0
            },
            {
              "x": 781.0,
              "y": 226.0
            },
            {
              "x": 784.0,
              "y": 220.0
            },
            {
              "x": 784.0,
              "y": 218.0
            },
            {
              "x": 785.0,
              "y": 217.0
            },
            {
              "x": 785.0,
              "y": 215.0
            },
            {
              "x": 787.0,
              "y": 211.0
            },
            {
              "x": 787.0,
              "y": 208.0
            },
            {
              "x": 788.0,
              "y": 207.0
            },
            {
              "x": 788.0,
              "y": 196.0
            },
            {
              "x": 787.0,
              "y": 195.0
            },
            {
              "x": 787.0,
              "y": 193.0
            },
            {
              "x": 785.0,
              "y": 189.0
            },
            {
              "x": 782.0,
              "y": 186.0
            },
            {
              "x": 781.0,
              "y": 186.0
            },
            {
              "x": 778.0,
              "y": 183.0
            },
            {
              "x": 777.0,
              "y": 183.0
            },
            {
              "x": 769.0,
              "y": 177.0
            },
            {
              "x": 763.0,
              "y": 174.0
            },
            {
              "x": 760.0,
              "y": 171.0
            },
            {
              "x": 755.0,
              "y": 169.0
            },
            {
              "x": 752.0,
              "y": 166.0
            },
            {
              "x": 751.0,
              "y": 166.0
            },
            {
              "x": 746.0,
              "y": 162.0
            },
            {
              "x": 732.0,
              "y": 155.0
            },
            {
              "x": 724.0,
              "y": 155.0
            },
            {
              "x": 723.0,
              "y": 156.0
            }
          ]
        ]
      },
      "properties": [],
      "slot_names": [
        "0"
      ]
    },
    {
      "bounding_box": {
        "h": 87.0,
        "w": 75.0,
        "x": 801.0,
        "y": 160.0
      },
      "id": "f4401bc1-e149-40bf-8eec-c28f0b650b68",
      "name": "Ditalini",
      "polygon": {
        "paths": [
          [
            {
              "x": 803.0,
              "y": 167.0
            },
            {
              "x": 801.0,
              "y": 169.0
            },
            {
              "x": 801.0,
              "y": 235.0
            },
            {
              "x": 803.0,
              "y": 239.0
            },
            {
              "x": 810.0,
              "y": 243.0
            },
            {
              "x": 816.0,
              "y": 244.0
            },
            {
              "x": 817.0,
              "y": 245.0
            },
            {
              "x": 820.0,
              "y": 245.0
            },
            {
              "x": 821.0,
              "y": 246.0
            },
            {
              "x": 826.0,
              "y": 246.0
            },
            {
              "x": 827.0,
              "y": 247.0
            },
            {
              "x": 850.0,
              "y": 247.0
            },
            {
              "x": 851.0,
              "y": 246.0
            },
            {
              "x": 858.0,
              "y": 246.0
            },
            {
              "x": 859.0,
              "y": 245.0
            },
            {
              "x": 865.0,
              "y": 244.0
            },
            {
              "x": 871.0,
              "y": 241.0
            },
            {
              "x": 874.0,
              "y": 238.0
            },
            {
              "x": 875.0,
              "y": 236.0
            },
            {
              "x": 875.0,
              "y": 233.0
            },
            {
              "x": 876.0,
              "y": 232.0
            },
            {
              "x": 876.0,
              "y": 172.0
            },
            {
              "x": 875.0,
              "y": 171.0
            },
            {
              "x": 875.0,
              "y": 169.0
            },
            {
              "x": 871.0,
              "y": 165.0
            },
            {
              "x": 867.0,
              "y": 163.0
            },
            {
              "x": 865.0,
              "y": 163.0
            },
            {
              "x": 864.0,
              "y": 162.0
            },
            {
              "x": 861.0,
              "y": 162.0
            },
            {
              "x": 860.0,
              "y": 161.0
            },
            {
              "x": 853.0,
              "y": 161.0
            },
            {
              "x": 852.0,
              "y": 160.0
            },
            {
              "x": 825.0,
              "y": 160.0
            },
            {
              "x": 824.0,
              "y": 161.0
            },
            {
              "x": 818.0,
              "y": 161.0
            },
            {
              "x": 817.0,
              "y": 162.0
            },
            {
              "x": 814.0,
              "y": 162.0
            },
            {
              "x": 813.0,
              "y": 163.0
            },
            {
              "x": 808.0,
              "y": 164.0
            },
            {
              "x": 804.0,
              "y": 167.0
            }
          ]
        ]
      },
      "properties": [],
      "slot_names": [
        "0"
      ]
    },
    {
      "bounding_box": {
        "h": 76.0,
        "w": 89.0,
        "x": 694.0,
        "y": 262.0
      },
      "id": "1d53ad74-c7cc-4126-b635-0ced2cc8fd28",
      "name": "Ditalini",
      "polygon": {
        "paths": [
          [
            {
              "x": 768.0,
              "y": 268.0
            },
            {
              "x": 765.0,
              "y": 267.0
            },
            {
              "x": 763.0,
              "y": 265.0
            },
            {
              "x": 761.0,
              "y": 265.0
            },
            {
              "x": 757.0,
              "y": 263.0
            },
            {
              "x": 754.0,
              "y": 263.0
            },
            {
              "x": 753.0,
              "y": 262.0
            },
            {
              "x": 747.0,
              "y": 262.0
            },
            {
              "x": 746.0,
              "y": 263.0
            },
            {
              "x": 742.0,
              "y": 263.0
            },
            {
              "x": 741.0,
              "y": 264.0
            },
            {
              "x": 738.0,
              "y": 264.0
            },
            {
              "x": 734.0,
              "y": 266.0
            },
            {
              "x": 731.0,
              "y": 266.0
            },
            {
              "x": 728.0,
              "y": 268.0
            },
            {
              "x": 726.0,
              "y": 268.0
            },
            {
              "x": 725.0,
              "y": 269.0
            },
            {
              "x": 717.0,
              "y": 271.0
            },
            {
              "x": 714.0,
              "y": 273.0
            },
            {
              "x": 712.0,
              "y": 273.0
            },
            {
              "x": 706.0,
              "y": 276.0
            },
            {
              "x": 698.0,
              "y": 285.0
            },
            {
              "x": 696.0,
              "y": 289.0
            },
            {
              "x": 696.0,
              "y": 291.0
            },
            {
              "x": 695.0,
              "y": 292.0
            },
            {
              "x": 695.0,
              "y": 298.0
            },
            {
              "x": 694.0,
              "y": 299.0
            },
            {
              "x": 694.0,
              "y": 301.0
            },
            {
              "x": 695.0,
              "y": 302.0
            },
            {
              "x": 695.0,
              "y": 309.0
            },
            {
              "x": 696.0,
              "y": 310.0
            },
            {
              "x": 696.0,
              "y": 313.0
            },
            {
              "x": 697.0,
              "y": 314.0
            },
            {
              "x": 698.0,
              "y": 318.0
            },
            {
              "x": 700.0,
              "y": 320.0
            },
            {
              "x": 701.0,
              "y": 324.0
            },
            {
              "x": 710.0,
              "y": 333.0
            },
            {
              "x": 721.0,
              "y": 338.0
            },
            {
              "x": 738.0,
              "y": 338.0
            },
            {
              "x": 739.0,
              "y": 337.0
            },
            {
              "x": 743.0,
              "y": 337.0
            },
            {
              "x": 744.0,
              "y": 336.0
            },
            {
              "x": 747.0,
              "y": 336.0
            },
            {
              "x": 748.0,
              "y": 335.0
            },
            {
              "x": 752.0,
              "y": 335.0
            },
            {
              "x": 753.0,
              "y": 334.0
            },
            {
              "x": 760.0,
              "y": 333.0
            },
            {
              "x": 761.0,
              "y": 332.0
            },
            {
              "x": 763.0,
              "y": 332.0
            },
            {
              "x": 769.0,
              "y": 329.0
            },
            {
              "x": 771.0,
              "y": 327.0
            },
            {
              "x": 772.0,
              "y": 327.0
            },
            {
              "x": 772.0,
              "y": 326.0
            },
            {
              "x": 780.0,
              "y": 317.0
            },
            {
              "x": 780.0,
              "y": 315.0
            },
            {
              "x": 782.0,
              "y": 311.0
            },
            {
              "x": 782.0,
              "y": 306.0
            },
            {
              "x": 783.0,
              "y": 305.0
            },
            {
              "x": 783.0,
              "y": 296.0
            },
            {
              "x": 782.0,
              "y": 295.0
            },
            {
              "x": 782.0,
              "y": 290.0
            },
            {
              "x": 781.0,
              "y": 289.0
            },
            {
              "x": 780.0,
              "y": 284.0
            },
            {
              "x": 777.0,
              "y": 280.0
            },
            {
              "x": 775.0,
              "y": 275.0
            }
          ]
        ]
      },
      "properties": [],
      "slot_names": [
        "0"
      ]
    },
    {
      "bounding_box": {
        "h": 71.0,
        "w": 75.0,
        "x": 800.0,
        "y": 267.0
      },
      "id": "351de83d-da1f-4d1b-a546-d222a5666b2d",
      "name": "Ditalini",
      "polygon": {
        "paths": [
          [
            {
              "x": 800.0,
              "y": 268.0
            },
            {
              "x": 800.0,
              "y": 336.0
            },
            {
              "x": 801.0,
              "y": 338.0
            },
            {
              "x": 873.0,
              "y": 338.0
            },
            {
              "x": 875.0,
              "y": 337.0
            },
            {
              "x": 875.0,
              "y": 270.0
            },
            {
              "x": 872.0,
              "y": 267.0
            },
            {
              "x": 801.0,
              "y": 267.0
            }
          ]
        ]
      },
      "properties": [],
      "slot_names": [
        "0"
      ]
    },
    {
      "bounding_box": {
        "h": 40.0,
        "w": 36.0,
        "x": 218.0,
        "y": 796.0
      },
      "id": "3a3931aa-11db-41b2-9b59-f533167be928",
      "name": "Ditalini",
      "polygon": {
        "paths": [
          [
            {
              "x": 221.0,
              "y": 800.0
            },
            {
              "x": 219.0,
              "y": 802.0
            },
            {
              "x": 219.0,
              "y": 815.0
            },
            {
              "x": 218.0,
              "y": 816.0
            },
            {
              "x": 218.0,
              "y": 825.0
            },
            {
              "x": 219.0,
              "y": 826.0
            },
            {
              "x": 219.0,
              "y": 830.0
            },
            {
              "x": 221.0,
              "y": 833.0
            },
            {
              "x": 225.0,
              "y": 835.0
            },
            {
              "x": 230.0,
              "y": 835.0
            },
            {
              "x": 231.0,
              "y": 836.0
            },
            {
              "x": 243.0,
              "y": 836.0
            },
            {
              "x": 244.0,
              "y": 835.0
            },
            {
              "x": 248.0,
              "y": 834.0
            },
            {
              "x": 252.0,
              "y": 830.0
            },
            {
              "x": 252.0,
              "y": 828.0
            },
            {
              "x": 253.0,
              "y": 827.0
            },
            {
              "x": 253.0,
              "y": 809.0
            },
            {
              "x": 254.0,
              "y": 807.0
            },
            {
              "x": 253.0,
              "y": 806.0
            },
            {
              "x": 253.0,
              "y": 803.0
            },
            {
              "x": 251.0,
              "y": 800.0
            },
            {
              "x": 250.0,
              "y": 800.0
            },
            {
              "x": 248.0,
              "y": 798.0
            },
            {
              "x": 246.0,
              "y": 798.0
            },
            {
              "x": 242.0,
              "y": 796.0
            },
            {
              "x": 232.0,
              "y": 796.0
            },
            {
              "x": 231.0,
              "y": 797.0
            },
            {
              "x": 227.0,
              "y": 797.0
            },
            {
              "x": 222.0,
              "y": 800.0
            }
          ]
        ]
      },
      "properties": [],
      "slot_names": [
        "0"
      ]
    }
  ]
}