{
  "version": "2.0",
  "schema_ref": "https://darwin-public.s3.eu-west-1.amazonaws.com/darwin_json/2.0/schema.json",
  "item": {
    "name": "ditalini.4qem7d4j.ingestion-5fd995d986-l5rgx.jpg",
    "path": "/",
    "source_info": {
      "item_id": "018ea5b6-3845-c92f-c1d0-f5950b9c5c90",
      "dataset": {
        "name": "Pasta",
        "slug": "pasta",
        "dataset_management_url": "https://darwin.v7labs.com/datasets/735230/dataset-management"
      },
      "team": {
        "name": "Salvino",
        "slug": "salvino"
      },
      "workview_url": "https://darwin.v7labs.com/workview?dataset=735230&item=018ea5b6-3845-c92f-c1d0-f5950b9c5c90"
    },
    "slots": [
      {
        "type": "image",
        "slot_name": "0",
        "width": 512,
        "height": 512,
        "thumbnail_url": "https://darwin.v7labs.com/api/v2/teams/salvino/files/9a5b1767-b259-4ec4-a957-12eab7aca112/thumbnail",
        "source_files": [
          {
            "file_name": "ditalini.4qem7d4j.ingestion-5fd995d986-l5rgx.jpg",
            "url": "https://darwin.v7labs.com/api/v2/teams/salvino/uploads/620a7f7e-bafd-4d77-89e2-9d903ac290b5"
          }
        ]
      }
    ]
  },
  "annotations": [
    {
      "bounding_box": {
        "h": 85.0,
        "w": 72.0,
        "x": 252.0,
        "y": 219.0
      },
      "id": "b07638b2-b60a-46f9-96ce-716702c5aa2c",
      "name": "Ditalini",
      "polygon": {
        "paths": [
          [
            {
              "x": 297.0,
              "y": 220.0
            },
            {
              "x": 292.0,
              "y": 220.0
            },
            {
              "x": 291.0,
              "y": 219.0
            },
            {
              "x": 283.0,
              "y": 219.0
            },
            {
              "x": 282.0,
              "y": 220.0
            },
            {
              "x": 276.0,
              "y": 220.0
            },
            {
              "x": 260.0,
              "y": 228.0
            },
            {
              "x": 255.0,
              "y": 233.0
            },
            {
              "x": 255.0,
              "y": 234.0
            },
            {
              "x": 252.0,
              "y": 238.0
            },
            {
              "x": 252.0,
              "y": 251.0
            },
            {
              "x": 253.0,
              "y": 252.0
            },
            {
              "x": 254.0,
              "y": 257.0
            },
            {
              "x": 256.0,
              "y": 260.0
            },
            {
              "x": 256.0,
              "y": 262.0
            },
            {
              "x": 257.0,
              "y": 263.0
            },
            {
              "x": 257.0,
              "y": 265.0
            },
            {
              "x": 258.0,
              "y": 266.0
            },
            {
              "x": 260.0,
              "y": 274.0
            },
            {
              "x": 262.0,
              "y": 277.0
            },
            {
              "x": 262.0,
              "y": 279.0
            },
            {
              "x": 263.0,
              "y": 280.0
            },
            {
              "x": 263.0,
              "y": 282.0
            },
            {
              "x": 264.0,
              "y": 283.0
            },
            {
              "x": 264.0,
              "y": 285.0
            },
            {
              "x": 265.0,
              "y": 286.0
            },
            {
              "x": 265.0,
              "y": 288.0
            },
            {
              "x": 266.0,
              "y": 289.0
            },
            {
              "x": 266.0,
              "y": 291.0
            },
            {
              "x": 267.0,
              "y": 292.0
            },
            {
              "x": 267.0,
              "y": 294.0
            },
            {
              "x": 269.0,
              "y": 297.0
            },
            {
              "x": 270.0,
              "y": 301.0
            },
            {
              "x": 273.0,
              "y": 303.0
            },
            {
              "x": 277.0,
              "y": 303.0
            },
            {
              "x": 278.0,
              "y": 304.0
            },
            {
              "x": 286.0,
              "y": 304.0
            },
            {
              "x": 287.0,
              "y": 303.0
            },
            {
              "x": 293.0,
              "y": 303.0
            },
            {
              "x": 297.0,
              "y": 301.0
            },
            {
              "x": 300.0,
              "y": 301.0
            },
            {
              "x": 317.0,
              "y": 293.0
            },
            {
              "x": 322.0,
              "y": 288.0
            },
            {
              "x": 324.0,
              "y": 284.0
            },
            {
              "x": 324.0,
              "y": 278.0
            },
            {
              "x": 323.0,
              "y": 277.0
            },
            {
              "x": 323.0,
              "y": 274.0
            },
            {
              "x": 322.0,
              "y": 273.0
            },
            {
              "x": 322.0,
              "y": 271.0
            },
            {
              "x": 321.0,
              "y": 270.0
            },
            {
              "x": 319.0,
              "y": 262.0
            },
            {
              "x": 315.0,
              "y": 254.0
            },
            {
              "x": 315.0,
              "y": 252.0
            },
            {
              "x": 314.0,
              "y": 251.0
            },
            {
              "x": 314.0,
              "y": 249.0
            },
            {
              "x": 313.0,
              "y": 248.0
            },
            {
              "x": 311.0,
              "y": 240.0
            },
            {
              "x": 309.0,
              "y": 237.0
            },
            {
              "x": 309.0,
              "y": 235.0
            },
            {
              "x": 304.0,
              "y": 226.0
            },
            {
              "x": 299.0,
              "y": 221.0
            },
            {
              "x": 298.0,
              "y": 221.0
            }
          ]
        ]
      },
      "properties": [],
      "slot_names": [
        "0"
      ]
    }
  ]
}