{
  "version": "2.0",
  "schema_ref": "https://darwin-public.s3.eu-west-1.amazonaws.com/darwin_json/2.0/schema.json",
  "item": {
    "name": "ditalini.4qem7t4b.ingestion-5fd995d986-fwdsf.jpg",
    "path": "/",
    "source_info": {
      "item_id": "018ea5b6-3853-17c2-f1c6-f4febe74ecdf",
      "dataset": {
        "name": "Pasta",
        "slug": "pasta",
        "dataset_management_url": "https://darwin.v7labs.com/datasets/735230/dataset-management"
      },
      "team": {
        "name": "Salvino",
        "slug": "salvino"
      },
      "workview_url": "https://darwin.v7labs.com/workview?dataset=735230&item=018ea5b6-3853-17c2-f1c6-f4febe74ecdf"
    },
    "slots": [
      {
        "type": "image",
        "slot_name": "0",
        "width": 512,
        "height": 512,
        "thumbnail_url": "https://darwin.v7labs.com/api/v2/teams/salvino/files/256f86f8-f029-4d5d-a87c-6177bba2ea68/thumbnail",
        "source_files": [
          {
            "file_name": "ditalini.4qem7t4b.ingestion-5fd995d986-fwdsf.jpg",
            "url": "https://darwin.v7labs.com/api/v2/teams/salvino/uploads/d747d916-e8cd-4d7d-8799-54c419f7611d"
          }
        ]
      }
    ]
  },
  "annotations": [
    {
      "bounding_box": {
        "h": 92.0,
        "w": 104.0,
        "x": 221.0,
        "y": 138.0
      },
      "id": "33a87bc5-903c-4467-a4dc-bf5b72c64da8",
      "name": "Ditalini",
      "polygon": {
        "paths": [
          [
            {
              "x": 242.0,
              "y": 141.0
            },
            {
              "x": 234.0,
              "y": 149.0
            },
            {
              "x": 234.0,
              "y": 150.0
            },
            {
              "x": 230.0,
              "y": 155.0
            },
            {
              "x": 229.0,
              "y": 158.0
            },
            {
              "x": 227.0,
              "y": 160.0
            },
            {
              "x": 226.0,
              "y": 164.0
            },
            {
              "x": 224.0,
              "y": 167.0
            },
            {
              "x": 223.0,
              "y": 174.0
            },
            {
              "x": 221.0,
              "y": 178.0
            },
            {
              "x": 221.0,
              "y": 194.0
            },
            {
              "x": 223.0,
              "y": 198.0
            },
            {
              "x": 229.0,
              "y": 203.0
            },
            {
              "x": 234.0,
              "y": 205.0
            },
            {
              "x": 236.0,
              "y": 207.0
            },
            {
              "x": 242.0,
              "y": 210.0
            },
            {
              "x": 244.0,
              "y": 210.0
            },
            {
              "x": 251.0,
              "y": 214.0
            },
            {
              "x": 256.0,
              "y": 215.0
            },
            {
              "x": 261.0,
              "y": 218.0
            },
            {
              "x": 263.0,
              "y": 218.0
            },
            {
              "x": 270.0,
              "y": 222.0
            },
            {
              "x": 272.0,
              "y": 222.0
            },
            {
              "x": 275.0,
              "y": 224.0
            },
            {
              "x": 277.0,
              "y": 224.0
            },
            {
              "x": 289.0,
              "y": 230.0
            },
            {
              "x": 298.0,
              "y": 230.0
            },
            {
              "x": 305.0,
              "y": 224.0
            },
            {
              "x": 305.0,
              "y": 223.0
            },
            {
              "x": 309.0,
              "y": 218.0
            },
            {
              "x": 316.0,
              "y": 204.0
            },
            {
              "x": 317.0,
              "y": 199.0
            },
            {
              "x": 319.0,
              "y": 196.0
            },
            {
              "x": 320.0,
              "y": 191.0
            },
            {
              "x": 322.0,
              "y": 188.0
            },
            {
              "x": 323.0,
              "y": 180.0
            },
            {
              "x": 324.0,
              "y": 179.0
            },
            {
              "x": 324.0,
              "y": 173.0
            },
            {
              "x": 325.0,
              "y": 172.0
            },
            {
              "x": 324.0,
              "y": 168.0
            },
            {
              "x": 320.0,
              "y": 164.0
            },
            {
              "x": 314.0,
              "y": 161.0
            },
            {
              "x": 312.0,
              "y": 161.0
            },
            {
              "x": 307.0,
              "y": 158.0
            },
            {
              "x": 305.0,
              "y": 158.0
            },
            {
              "x": 302.0,
              "y": 156.0
            },
            {
              "x": 300.0,
              "y": 156.0
            },
            {
              "x": 295.0,
              "y": 153.0
            },
            {
              "x": 290.0,
              "y": 152.0
            },
            {
              "x": 285.0,
              "y": 149.0
            },
            {
              "x": 283.0,
              "y": 149.0
            },
            {
              "x": 278.0,
              "y": 146.0
            },
            {
              "x": 276.0,
              "y": 146.0
            },
            {
              "x": 266.0,
              "y": 141.0
            },
            {
              "x": 260.0,
              "y": 140.0
            },
            {
              "x": 256.0,
              "y": 138.0
            },
            {
              "x": 250.0,
              "y": 138.0
            },
            {
              "x": 249.0,
              "y": 139.0
            },
            {
              "x": 246.0,
              "y": 139.0
            },
            {
              "x": 243.0,
              "y": 141.0
            }
          ]
        ]
      },
      "properties": [],
      "slot_names": [
        "0"
      ]
    }
  ]
}