{
  "version": "2.0",
  "schema_ref": "https://darwin-public.s3.eu-west-1.amazonaws.com/darwin_json/2.0/schema.json",
  "item": {
    "name": "ditalini.4qem6rud.ingestion-5fd995d986-fwdsf.jpg",
    "path": "/",
    "source_info": {
      "item_id": "018ea5b6-3845-30b7-ec73-7100f35d3077",
      "dataset": {
        "name": "Pasta",
        "slug": "pasta",
        "dataset_management_url": "https://darwin.v7labs.com/datasets/735230/dataset-management"
      },
      "team": {
        "name": "Salvino",
        "slug": "salvino"
      },
      "workview_url": "https://darwin.v7labs.com/workview?dataset=735230&item=018ea5b6-3845-30b7-ec73-7100f35d3077"
    },
    "slots": [
      {
        "type": "image",
        "slot_name": "0",
        "width": 512,
        "height": 512,
        "thumbnail_url": "https://darwin.v7labs.com/api/v2/teams/salvino/files/b8ec2659-a736-4ab3-8317-19e3c53cb7c6/thumbnail",
        "source_files": [
          {
            "file_name": "ditalini.4qem6rud.ingestion-5fd995d986-fwdsf.jpg",
            "url": "https://darwin.v7labs.com/api/v2/teams/salvino/uploads/bba37056-47d7-42ca-8ea2-db31dd6e063a"
          }
        ]
      }
    ]
  },
  "annotations": [
    {
      "bounding_box": {
        "h": 101.0,
        "w": 100.0,
        "x": 222.0,
        "y": 223.0
      },
      "id": "fb17b51e-4530-4d9f-ab8e-27e828a46d78",
      "name": "Ditalini",
      "polygon": {
        "paths": [
          [
            {
              "x": 260.0,
              "y": 223.0
            },
            {
              "x": 259.0,
              "y": 224.0
            },
            {
              "x": 256.0,
              "y": 224.0
            },
            {
              "x": 251.0,
              "y": 227.0
            },
            {
              "x": 247.0,
              "y": 228.0
            },
            {
              "x": 243.0,
              "y": 232.0
            },
            {
              "x": 239.0,
              "y": 234.0
            },
            {
              "x": 228.0,
              "y": 245.0
            },
            {
              "x": 228.0,
              "y": 246.0
            },
            {
              "x": 225.0,
              "y": 249.0
            },
            {
              "x": 223.0,
              "y": 253.0
            },
            {
              "x": 223.0,
              "y": 255.0
            },
            {
              "x": 222.0,
              "y": 256.0
            },
            {
              "x": 222.0,
              "y": 264.0
            },
            {
              "x": 225.0,
              "y": 270.0
            },
            {
              "x": 227.0,
              "y": 272.0
            },
            {
              "x": 228.0,
              "y": 275.0
            },
            {
              "x": 235.0,
              "y": 283.0
            },
            {
              "x": 235.0,
              "y": 284.0
            },
            {
              "x": 240.0,
              "y": 289.0
            },
            {
              "x": 242.0,
              "y": 293.0
            },
            {
              "x": 247.0,
              "y": 298.0
            },
            {
              "x": 247.0,
              "y": 299.0
            },
            {
              "x": 250.0,
              "y": 302.0
            },
            {
              "x": 250.0,
              "y": 303.0
            },
            {
              "x": 253.0,
              "y": 306.0
            },
            {
              "x": 255.0,
              "y": 310.0
            },
            {
              "x": 259.0,
              "y": 314.0
            },
            {
              "x": 259.0,
              "y": 315.0
            },
            {
              "x": 262.0,
              "y": 318.0
            },
            {
              "x": 262.0,
              "y": 319.0
            },
            {
              "x": 267.0,
              "y": 324.0
            },
            {
              "x": 273.0,
              "y": 324.0
            },
            {
              "x": 274.0,
              "y": 323.0
            },
            {
              "x": 277.0,
              "y": 323.0
            },
            {
              "x": 295.0,
              "y": 313.0
            },
            {
              "x": 298.0,
              "y": 310.0
            },
            {
              "x": 299.0,
              "y": 310.0
            },
            {
              "x": 302.0,
              "y": 307.0
            },
            {
              "x": 303.0,
              "y": 307.0
            },
            {
              "x": 318.0,
              "y": 292.0
            },
            {
              "x": 322.0,
              "y": 284.0
            },
            {
              "x": 320.0,
              "y": 279.0
            },
            {
              "x": 318.0,
              "y": 277.0
            },
            {
              "x": 316.0,
              "y": 273.0
            },
            {
              "x": 312.0,
              "y": 269.0
            },
            {
              "x": 312.0,
              "y": 268.0
            },
            {
              "x": 309.0,
              "y": 265.0
            },
            {
              "x": 309.0,
              "y": 264.0
            },
            {
              "x": 297.0,
              "y": 250.0
            },
            {
              "x": 297.0,
              "y": 249.0
            },
            {
              "x": 294.0,
              "y": 246.0
            },
            {
              "x": 294.0,
              "y": 245.0
            },
            {
              "x": 288.0,
              "y": 238.0
            },
            {
              "x": 288.0,
              "y": 237.0
            },
            {
              "x": 277.0,
              "y": 226.0
            },
            {
              "x": 276.0,
              "y": 226.0
            },
            {
              "x": 272.0,
              "y": 223.0
            }
          ]
        ]
      },
      "properties": [],
      "slot_names": [
        "0"
      ]
    }
  ]
}