{
  "version": "2.0",
  "schema_ref": "https://darwin-public.s3.eu-west-1.amazonaws.com/darwin_json/2.0/schema.json",
  "item": {
    "name": "ditalini.4qem80cg.ingestion-5fd995d986-9zbdz.jpg",
    "path": "/",
    "source_info": {
      "item_id": "018ea5b6-3853-e558-7cb6-a2ca7c02d147",
      "dataset": {
        "name": "Pasta",
        "slug": "pasta",
        "dataset_management_url": "https://darwin.v7labs.com/datasets/735230/dataset-management"
      },
      "team": {
        "name": "Salvino",
        "slug": "salvino"
      },
      "workview_url": "https://darwin.v7labs.com/workview?dataset=735230&item=018ea5b6-3853-e558-7cb6-a2ca7c02d147"
    },
    "slots": [
      {
        "type": "image",
        "slot_name": "0",
        "width": 512,
        "height": 512,
        "thumbnail_url": "https://darwin.v7labs.com/api/v2/teams/salvino/files/dec32d5c-fa3b-427d-b71f-71c3fa596fc8/thumbnail",
        "source_files": [
          {
            "file_name": "ditalini.4qem80cg.ingestion-5fd995d986-9zbdz.jpg",
            "url": "https://darwin.v7labs.com/api/v2/teams/salvino/uploads/3c7b63c0-797e-47a1-ab9d-719f9119a1db"
          }
        ]
      }
    ]
  },
  "annotations": [
    {
      "bounding_box": {
        "h": 102.0,
        "w": 90.0,
        "x": 128.0,
        "y": 313.0
      },
      "id": "6519be82-5940-49b1-8ca1-f3a2d967d518",
      "name": "Ditalini",
      "polygon": {
        "paths": [
          [
            {
              "x": 167.0,
              "y": 313.0
            },
            {
              "x": 183.0,
              "y": 313.0
            },
            {
              "x": 184.0,
              "y": 313.0
            },
            {
              "x": 191.0,
              "y": 319.0
            },
            {
              "x": 192.0,
              "y": 320.0
            },
            {
              "x": 215.0,
              "y": 374.0
            },
            {
              "x": 216.0,
              "y": 375.0
            },
            {
              "x": 218.0,
              "y": 383.0
            },
            {
              "x": 218.0,
              "y": 384.0
            },
            {
              "x": 208.0,
              "y": 395.0
            },
            {
              "x": 207.0,
              "y": 396.0
            },
            {
              "x": 203.0,
              "y": 398.0
            },
            {
              "x": 202.0,
              "y": 399.0
            },
            {
              "x": 183.0,
              "y": 408.0
            },
            {
              "x": 182.0,
              "y": 409.0
            },
            {
              "x": 160.0,
              "y": 415.0
            },
            {
              "x": 159.0,
              "y": 415.0
            },
            {
              "x": 157.0,
              "y": 414.0
            },
            {
              "x": 156.0,
              "y": 414.0
            },
            {
              "x": 153.0,
              "y": 410.0
            },
            {
              "x": 152.0,
              "y": 409.0
            },
            {
              "x": 140.0,
              "y": 380.0
            },
            {
              "x": 139.0,
              "y": 379.0
            },
            {
              "x": 130.0,
              "y": 352.0
            },
            {
              "x": 129.0,
              "y": 351.0
            },
            {
              "x": 128.0,
              "y": 338.0
            },
            {
              "x": 128.0,
              "y": 337.0
            },
            {
              "x": 131.0,
              "y": 333.0
            },
            {
              "x": 131.0,
              "y": 332.0
            },
            {
              "x": 141.0,
              "y": 324.0
            },
            {
              "x": 142.0,
              "y": 323.0
            },
            {
              "x": 167.0,
              "y": 313.0
            }
          ]
        ]
      },
      "properties": [],
      "slot_names": [
        "0"
      ]
    }
  ]
}