{
  "version": "2.0",
  "schema_ref": "https://darwin-public.s3.eu-west-1.amazonaws.com/darwin_json/2.0/schema.json",
  "item": {
    "name": "fusilli.4qegutt0.ingestion-5fd995d986-l5rgx.jpg",
    "path": "/",
    "source_info": {
      "item_id": "018ea5b6-384e-a21f-c4c1-ac13d5d7b383",
      "dataset": {
        "name": "Pasta",
        "slug": "pasta",
        "dataset_management_url": "https://darwin.v7labs.com/datasets/735230/dataset-management"
      },
      "team": {
        "name": "Salvino",
        "slug": "salvino"
      },
      "workview_url": "https://darwin.v7labs.com/workview?dataset=735230&item=018ea5b6-384e-a21f-c4c1-ac13d5d7b383"
    },
    "slots": [
      {
        "type": "image",
        "slot_name": "0",
        "width": 512,
        "height": 512,
        "thumbnail_url": "https://darwin.v7labs.com/api/v2/teams/salvino/files/fe86d6db-208a-4694-829f-068fc8c66229/thumbnail",
        "source_files": [
          {
            "file_name": "fusilli.4qegutt0.ingestion-5fd995d986-l5rgx.jpg",
            "url": "https://darwin.v7labs.com/api/v2/teams/salvino/uploads/71fb2caa-4fb4-4f16-bd76-be5cabe2e16a"
          }
        ]
      }
    ]
  },
  "annotations": [
    {
      "bounding_box": {
        "h": 83.0,
        "w": 186.0,
        "x": 64.0,
        "y": 129.0
      },
      "id": "e7f74759-5b54-4511-944b-96f60ef9134a",
      "name": "Fusilli",
      "polygon": {
        "paths": [
          [
            {
              "x": 250.0,
              "y": 162.0
            },
            {
              "x": 246.0,
              "y": 158.0
            },
            {
              "x": 241.0,
              "y": 156.0
            },
            {
              "x": 237.0,
              "y": 153.0
            },
            {
              "x": 235.0,
              "y": 149.0
            },
            {
              "x": 235.0,
              "y": 143.0
            },
            {
              "x": 232.0,
              "y": 137.0
            },
            {
              "x": 232.0,
              "y": 135.0
            },
            {
              "x": 230.0,
              "y": 133.0
            },
            {
              "x": 230.0,
              "y": 132.0
            },
            {
              "x": 226.0,
              "y": 129.0
            },
            {
              "x": 222.0,
              "y": 129.0
            },
            {
              "x": 219.0,
              "y": 135.0
            },
            {
              "x": 213.0,
              "y": 135.0
            },
            {
              "x": 211.0,
              "y": 139.0
            },
            {
              "x": 211.0,
              "y": 141.0
            },
            {
              "x": 210.0,
              "y": 142.0
            },
            {
              "x": 210.0,
              "y": 148.0
            },
            {
              "x": 209.0,
              "y": 149.0
            },
            {
              "x": 208.0,
              "y": 149.0
            },
            {
              "x": 202.0,
              "y": 143.0
            },
            {
              "x": 202.0,
              "y": 142.0
            },
            {
              "x": 200.0,
              "y": 141.0
            },
            {
              "x": 196.0,
              "y": 141.0
            },
            {
              "x": 194.0,
              "y": 142.0
            },
            {
              "x": 194.0,
              "y": 144.0
            },
            {
              "x": 192.0,
              "y": 147.0
            },
            {
              "x": 192.0,
              "y": 151.0
            },
            {
              "x": 191.0,
              "y": 152.0
            },
            {
              "x": 191.0,
              "y": 154.0
            },
            {
              "x": 189.0,
              "y": 156.0
            },
            {
              "x": 182.0,
              "y": 149.0
            },
            {
              "x": 177.0,
              "y": 149.0
            },
            {
              "x": 175.0,
              "y": 151.0
            },
            {
              "x": 173.0,
              "y": 156.0
            },
            {
              "x": 171.0,
              "y": 158.0
            },
            {
              "x": 169.0,
              "y": 158.0
            },
            {
              "x": 168.0,
              "y": 157.0
            },
            {
              "x": 163.0,
              "y": 157.0
            },
            {
              "x": 156.0,
              "y": 165.0
            },
            {
              "x": 155.0,
              "y": 165.0
            },
            {
              "x": 151.0,
              "y": 161.0
            },
            {
              "x": 149.0,
              "y": 161.0
            },
            {
              "x": 148.0,
              "y": 160.0
            },
            {
              "x": 144.0,
              "y": 160.0
            },
            {
              "x": 140.0,
              "y": 163.0
            },
            {
              "x": 139.0,
              "y": 163.0
            },
            {
              "x": 136.0,
              "y": 166.0
            },
            {
              "x": 133.0,
              "y": 166.0
            },
            {
              "x": 130.0,
              "y": 163.0
            },
            {
              "x": 128.0,
              "y": 163.0
            },
            {
              "x": 127.0,
              "y": 162.0
            },
            {
              "x": 122.0,
              "y": 162.0
            },
            {
              "x": 116.0,
              "y": 166.0
            },
            {
              "x": 113.0,
              "y": 166.0
            },
            {
              "x": 112.0,
              "y": 165.0
            },
            {
              "x": 104.0,
              "y": 165.0
            },
            {
              "x": 96.0,
              "y": 170.0
            },
            {
              "x": 92.0,
              "y": 168.0
            },
            {
              "x": 89.0,
              "y": 168.0
            },
            {
              "x": 88.0,
              "y": 167.0
            },
            {
              "x": 85.0,
              "y": 167.0
            },
            {
              "x": 84.0,
              "y": 166.0
            },
            {
              "x": 77.0,
              "y": 166.0
            },
            {
              "x": 73.0,
              "y": 168.0
            },
            {
              "x": 70.0,
              "y": 168.0
            },
            {
              "x": 66.0,
              "y": 170.0
            },
            {
              "x": 64.0,
              "y": 172.0
            },
            {
              "x": 64.0,
              "y": 174.0
            },
            {
              "x": 71.0,
              "y": 181.0
            },
            {
              "x": 71.0,
              "y": 183.0
            },
            {
              "x": 64.0,
              "y": 189.0
            },
            {
              "x": 64.0,
              "y": 194.0
            },
            {
              "x": 68.0,
              "y": 195.0
            },
            {
              "x": 69.0,
              "y": 196.0
            },
            {
              "x": 74.0,
              "y": 196.0
            },
            {
              "x": 77.0,
              "y": 200.0
            },
            {
              "x": 80.0,
              "y": 201.0
            },
            {
              "x": 86.0,
              "y": 206.0
            },
            {
              "x": 88.0,
              "y": 206.0
            },
            {
              "x": 92.0,
              "y": 208.0
            },
            {
              "x": 94.0,
              "y": 210.0
            },
            {
              "x": 96.0,
              "y": 210.0
            },
            {
              "x": 97.0,
              "y": 211.0
            },
            {
              "x": 102.0,
              "y": 211.0
            },
            {
              "x": 104.0,
              "y": 210.0
            },
            {
              "x": 106.0,
              "y": 206.0
            },
            {
              "x": 108.0,
              "y": 205.0
            },
            {
              "x": 110.0,
              "y": 207.0
            },
            {
              "x": 110.0,
              "y": 208.0
            },
            {
              "x": 111.0,
              "y": 208.0
            },
            {
              "x": 112.0,
              "y": 210.0
            },
            {
              "x": 113.0,
              "y": 210.0
            },
            {
              "x": 115.0,
              "y": 212.0
            },
            {
              "x": 122.0,
              "y": 212.0
            },
            {
              "x": 126.0,
              "y": 208.0
            },
            {
              "x": 127.0,
              "y": 205.0
            },
            {
              "x": 129.0,
              "y": 203.0
            },
            {
              "x": 131.0,
              "y": 203.0
            },
            {
              "x": 132.0,
              "y": 205.0
            },
            {
              "x": 139.0,
              "y": 209.0
            },
            {
              "x": 144.0,
              "y": 209.0
            },
            {
              "x": 151.0,
              "y": 204.0
            },
            {
              "x": 154.0,
              "y": 205.0
            },
            {
              "x": 158.0,
              "y": 208.0
            },
            {
              "x": 164.0,
              "y": 208.0
            },
            {
              "x": 168.0,
              "y": 206.0
            },
            {
              "x": 174.0,
              "y": 199.0
            },
            {
              "x": 178.0,
              "y": 199.0
            },
            {
              "x": 182.0,
              "y": 201.0
            },
            {
              "x": 190.0,
              "y": 199.0
            },
            {
              "x": 195.0,
              "y": 194.0
            },
            {
              "x": 196.0,
              "y": 190.0
            },
            {
              "x": 197.0,
              "y": 189.0
            },
            {
              "x": 206.0,
              "y": 189.0
            },
            {
              "x": 207.0,
              "y": 188.0
            },
            {
              "x": 211.0,
              "y": 187.0
            },
            {
              "x": 213.0,
              "y": 185.0
            },
            {
              "x": 220.0,
              "y": 185.0
            },
            {
              "x": 221.0,
              "y": 184.0
            },
            {
              "x": 223.0,
              "y": 184.0
            },
            {
              "x": 227.0,
              "y": 182.0
            },
            {
              "x": 232.0,
              "y": 177.0
            },
            {
              "x": 233.0,
              "y": 175.0
            },
            {
              "x": 237.0,
              "y": 175.0
            },
            {
              "x": 238.0,
              "y": 174.0
            },
            {
              "x": 244.0,
              "y": 173.0
            },
            {
              "x": 248.0,
              "y": 169.0
            },
            {
              "x": 250.0,
              "y": 165.0
            }
          ]
        ]
      },
      "properties": [],
      "slot_names": [
        "0"
      ]
    },
    {
      "bounding_box": {
        "h": 84.0,
        "w": 142.0,
        "x": 369.0,
        "y": 137.0
      },
      "id": "f2e22357-840d-44e1-ab90-2dc7941a4c69",
      "name": "Fusilli",
      "polygon": {
        "paths": [
          [
            {
              "x": 377.0,
              "y": 139.0
            },
            {
              "x": 377.0,
              "y": 145.0
            },
            {
              "x": 379.0,
              "y": 149.0
            },
            {
              "x": 379.0,
              "y": 152.0
            },
            {
              "x": 375.0,
              "y": 158.0
            },
            {
              "x": 375.0,
              "y": 161.0
            },
            {
              "x": 376.0,
              "y": 163.0
            },
            {
              "x": 373.0,
              "y": 165.0
            },
            {
              "x": 371.0,
              "y": 165.0
            },
            {
              "x": 369.0,
              "y": 167.0
            },
            {
              "x": 369.0,
              "y": 171.0
            },
            {
              "x": 373.0,
              "y": 173.0
            },
            {
              "x": 376.0,
              "y": 173.0
            },
            {
              "x": 377.0,
              "y": 174.0
            },
            {
              "x": 382.0,
              "y": 175.0
            },
            {
              "x": 387.0,
              "y": 178.0
            },
            {
              "x": 389.0,
              "y": 178.0
            },
            {
              "x": 395.0,
              "y": 181.0
            },
            {
              "x": 404.0,
              "y": 181.0
            },
            {
              "x": 405.0,
              "y": 180.0
            },
            {
              "x": 407.0,
              "y": 180.0
            },
            {
              "x": 412.0,
              "y": 185.0
            },
            {
              "x": 414.0,
              "y": 185.0
            },
            {
              "x": 415.0,
              "y": 186.0
            },
            {
              "x": 420.0,
              "y": 186.0
            },
            {
              "x": 421.0,
              "y": 185.0
            },
            {
              "x": 424.0,
              "y": 185.0
            },
            {
              "x": 427.0,
              "y": 188.0
            },
            {
              "x": 431.0,
              "y": 190.0
            },
            {
              "x": 442.0,
              "y": 190.0
            },
            {
              "x": 445.0,
              "y": 193.0
            },
            {
              "x": 449.0,
              "y": 195.0
            },
            {
              "x": 451.0,
              "y": 195.0
            },
            {
              "x": 452.0,
              "y": 196.0
            },
            {
              "x": 459.0,
              "y": 196.0
            },
            {
              "x": 464.0,
              "y": 201.0
            },
            {
              "x": 466.0,
              "y": 202.0
            },
            {
              "x": 469.0,
              "y": 202.0
            },
            {
              "x": 470.0,
              "y": 203.0
            },
            {
              "x": 476.0,
              "y": 203.0
            },
            {
              "x": 477.0,
              "y": 205.0
            },
            {
              "x": 482.0,
              "y": 210.0
            },
            {
              "x": 484.0,
              "y": 210.0
            },
            {
              "x": 485.0,
              "y": 211.0
            },
            {
              "x": 493.0,
              "y": 211.0
            },
            {
              "x": 499.0,
              "y": 218.0
            },
            {
              "x": 503.0,
              "y": 219.0
            },
            {
              "x": 504.0,
              "y": 220.0
            },
            {
              "x": 509.0,
              "y": 220.0
            },
            {
              "x": 510.0,
              "y": 221.0
            },
            {
              "x": 511.0,
              "y": 220.0
            },
            {
              "x": 511.0,
              "y": 173.0
            },
            {
              "x": 504.0,
              "y": 174.0
            },
            {
              "x": 498.0,
              "y": 177.0
            },
            {
              "x": 496.0,
              "y": 175.0
            },
            {
              "x": 497.0,
              "y": 174.0
            },
            {
              "x": 497.0,
              "y": 167.0
            },
            {
              "x": 494.0,
              "y": 164.0
            },
            {
              "x": 489.0,
              "y": 164.0
            },
            {
              "x": 488.0,
              "y": 165.0
            },
            {
              "x": 485.0,
              "y": 165.0
            },
            {
              "x": 483.0,
              "y": 167.0
            },
            {
              "x": 479.0,
              "y": 169.0
            },
            {
              "x": 477.0,
              "y": 167.0
            },
            {
              "x": 477.0,
              "y": 159.0
            },
            {
              "x": 475.0,
              "y": 156.0
            },
            {
              "x": 469.0,
              "y": 156.0
            },
            {
              "x": 468.0,
              "y": 157.0
            },
            {
              "x": 466.0,
              "y": 157.0
            },
            {
              "x": 463.0,
              "y": 160.0
            },
            {
              "x": 459.0,
              "y": 162.0
            },
            {
              "x": 457.0,
              "y": 159.0
            },
            {
              "x": 457.0,
              "y": 152.0
            },
            {
              "x": 456.0,
              "y": 150.0
            },
            {
              "x": 451.0,
              "y": 150.0
            },
            {
              "x": 450.0,
              "y": 151.0
            },
            {
              "x": 447.0,
              "y": 151.0
            },
            {
              "x": 441.0,
              "y": 156.0
            },
            {
              "x": 439.0,
              "y": 156.0
            },
            {
              "x": 437.0,
              "y": 154.0
            },
            {
              "x": 437.0,
              "y": 146.0
            },
            {
              "x": 435.0,
              "y": 144.0
            },
            {
              "x": 430.0,
              "y": 144.0
            },
            {
              "x": 429.0,
              "y": 145.0
            },
            {
              "x": 425.0,
              "y": 146.0
            },
            {
              "x": 422.0,
              "y": 149.0
            },
            {
              "x": 420.0,
              "y": 149.0
            },
            {
              "x": 419.0,
              "y": 148.0
            },
            {
              "x": 419.0,
              "y": 144.0
            },
            {
              "x": 416.0,
              "y": 140.0
            },
            {
              "x": 413.0,
              "y": 140.0
            },
            {
              "x": 405.0,
              "y": 144.0
            },
            {
              "x": 403.0,
              "y": 144.0
            },
            {
              "x": 398.0,
              "y": 140.0
            },
            {
              "x": 394.0,
              "y": 138.0
            },
            {
              "x": 391.0,
              "y": 138.0
            },
            {
              "x": 390.0,
              "y": 137.0
            },
            {
              "x": 381.0,
              "y": 137.0
            },
            {
              "x": 380.0,
              "y": 138.0
            },
            {
              "x": 378.0,
              "y": 138.0
            }
          ]
        ]
      },
      "properties": [],
      "slot_names": [
        "0"
      ]
    },
    {
      "bounding_box": {
        "h": 172.0,
        "w": 77.0,
        "x": 288.0,
        "y": 230.0
      },
      "id": "f86a6d7e-7121-41d6-b0f4-a996b91f32cb",
      "name": "Fusilli",
      "polygon": {
        "paths": [
          [
            {
              "x": 306.0,
              "y": 230.0
            },
            {
              "x": 304.0,
              "y": 231.0
            },
            {
              "x": 303.0,
              "y": 233.0
            },
            {
              "x": 303.0,
              "y": 235.0
            },
            {
              "x": 304.0,
              "y": 236.0
            },
            {
              "x": 302.0,
              "y": 238.0
            },
            {
              "x": 297.0,
              "y": 235.0
            },
            {
              "x": 294.0,
              "y": 235.0
            },
            {
              "x": 292.0,
              "y": 237.0
            },
            {
              "x": 292.0,
              "y": 243.0
            },
            {
              "x": 291.0,
              "y": 244.0
            },
            {
              "x": 291.0,
              "y": 247.0
            },
            {
              "x": 290.0,
              "y": 248.0
            },
            {
              "x": 290.0,
              "y": 250.0
            },
            {
              "x": 288.0,
              "y": 254.0
            },
            {
              "x": 288.0,
              "y": 258.0
            },
            {
              "x": 292.0,
              "y": 263.0
            },
            {
              "x": 294.0,
              "y": 263.0
            },
            {
              "x": 295.0,
              "y": 264.0
            },
            {
              "x": 295.0,
              "y": 267.0
            },
            {
              "x": 293.0,
              "y": 268.0
            },
            {
              "x": 289.0,
              "y": 272.0
            },
            {
              "x": 288.0,
              "y": 276.0
            },
            {
              "x": 291.0,
              "y": 280.0
            },
            {
              "x": 293.0,
              "y": 280.0
            },
            {
              "x": 295.0,
              "y": 282.0
            },
            {
              "x": 297.0,
              "y": 282.0
            },
            {
              "x": 298.0,
              "y": 283.0
            },
            {
              "x": 293.0,
              "y": 288.0
            },
            {
              "x": 292.0,
              "y": 288.0
            },
            {
              "x": 292.0,
              "y": 289.0
            },
            {
              "x": 290.0,
              "y": 291.0
            },
            {
              "x": 290.0,
              "y": 297.0
            },
            {
              "x": 291.0,
              "y": 297.0
            },
            {
              "x": 292.0,
              "y": 299.0
            },
            {
              "x": 300.0,
              "y": 301.0
            },
            {
              "x": 302.0,
              "y": 303.0
            },
            {
              "x": 302.0,
              "y": 304.0
            },
            {
              "x": 300.0,
              "y": 306.0
            },
            {
              "x": 299.0,
              "y": 306.0
            },
            {
              "x": 299.0,
              "y": 307.0
            },
            {
              "x": 295.0,
              "y": 311.0
            },
            {
              "x": 295.0,
              "y": 315.0
            },
            {
              "x": 294.0,
              "y": 316.0
            },
            {
              "x": 296.0,
              "y": 320.0
            },
            {
              "x": 297.0,
              "y": 320.0
            },
            {
              "x": 299.0,
              "y": 322.0
            },
            {
              "x": 304.0,
              "y": 323.0
            },
            {
              "x": 306.0,
              "y": 325.0
            },
            {
              "x": 302.0,
              "y": 330.0
            },
            {
              "x": 300.0,
              "y": 334.0
            },
            {
              "x": 300.0,
              "y": 337.0
            },
            {
              "x": 299.0,
              "y": 338.0
            },
            {
              "x": 300.0,
              "y": 339.0
            },
            {
              "x": 300.0,
              "y": 341.0
            },
            {
              "x": 303.0,
              "y": 344.0
            },
            {
              "x": 305.0,
              "y": 344.0
            },
            {
              "x": 309.0,
              "y": 347.0
            },
            {
              "x": 304.0,
              "y": 355.0
            },
            {
              "x": 304.0,
              "y": 361.0
            },
            {
              "x": 305.0,
              "y": 363.0
            },
            {
              "x": 309.0,
              "y": 367.0
            },
            {
              "x": 311.0,
              "y": 367.0
            },
            {
              "x": 313.0,
              "y": 369.0
            },
            {
              "x": 312.0,
              "y": 373.0
            },
            {
              "x": 310.0,
              "y": 375.0
            },
            {
              "x": 309.0,
              "y": 381.0
            },
            {
              "x": 312.0,
              "y": 387.0
            },
            {
              "x": 313.0,
              "y": 387.0
            },
            {
              "x": 318.0,
              "y": 392.0
            },
            {
              "x": 318.0,
              "y": 394.0
            },
            {
              "x": 317.0,
              "y": 395.0
            },
            {
              "x": 317.0,
              "y": 400.0
            },
            {
              "x": 319.0,
              "y": 402.0
            },
            {
              "x": 324.0,
              "y": 401.0
            },
            {
              "x": 324.0,
              "y": 400.0
            },
            {
              "x": 329.0,
              "y": 396.0
            },
            {
              "x": 336.0,
              "y": 396.0
            },
            {
              "x": 337.0,
              "y": 397.0
            },
            {
              "x": 348.0,
              "y": 397.0
            },
            {
              "x": 351.0,
              "y": 395.0
            },
            {
              "x": 357.0,
              "y": 394.0
            },
            {
              "x": 362.0,
              "y": 390.0
            },
            {
              "x": 362.0,
              "y": 389.0
            },
            {
              "x": 364.0,
              "y": 387.0
            },
            {
              "x": 365.0,
              "y": 382.0
            },
            {
              "x": 362.0,
              "y": 376.0
            },
            {
              "x": 356.0,
              "y": 370.0
            },
            {
              "x": 358.0,
              "y": 367.0
            },
            {
              "x": 358.0,
              "y": 358.0
            },
            {
              "x": 357.0,
              "y": 356.0
            },
            {
              "x": 353.0,
              "y": 352.0
            },
            {
              "x": 351.0,
              "y": 351.0
            },
            {
              "x": 351.0,
              "y": 346.0
            },
            {
              "x": 353.0,
              "y": 343.0
            },
            {
              "x": 353.0,
              "y": 336.0
            },
            {
              "x": 351.0,
              "y": 334.0
            },
            {
              "x": 351.0,
              "y": 332.0
            },
            {
              "x": 347.0,
              "y": 328.0
            },
            {
              "x": 348.0,
              "y": 316.0
            },
            {
              "x": 347.0,
              "y": 315.0
            },
            {
              "x": 347.0,
              "y": 313.0
            },
            {
              "x": 342.0,
              "y": 307.0
            },
            {
              "x": 342.0,
              "y": 299.0
            },
            {
              "x": 341.0,
              "y": 298.0
            },
            {
              "x": 341.0,
              "y": 295.0
            },
            {
              "x": 337.0,
              "y": 290.0
            },
            {
              "x": 337.0,
              "y": 288.0
            },
            {
              "x": 338.0,
              "y": 287.0
            },
            {
              "x": 338.0,
              "y": 276.0
            },
            {
              "x": 334.0,
              "y": 272.0
            },
            {
              "x": 334.0,
              "y": 269.0
            },
            {
              "x": 336.0,
              "y": 266.0
            },
            {
              "x": 336.0,
              "y": 262.0
            },
            {
              "x": 334.0,
              "y": 259.0
            },
            {
              "x": 333.0,
              "y": 255.0
            },
            {
              "x": 328.0,
              "y": 248.0
            },
            {
              "x": 328.0,
              "y": 245.0
            },
            {
              "x": 329.0,
              "y": 244.0
            },
            {
              "x": 328.0,
              "y": 233.0
            },
            {
              "x": 327.0,
              "y": 231.0
            },
            {
              "x": 325.0,
              "y": 230.0
            },
            {
              "x": 320.0,
              "y": 231.0
            },
            {
              "x": 318.0,
              "y": 233.0
            },
            {
              "x": 316.0,
              "y": 233.0
            },
            {
              "x": 312.0,
              "y": 230.0
            }
          ]
        ]
      },
      "properties": [],
      "slot_names": [
        "0"
      ]
    }
  ]
}