{
  "version": "2.0",
  "schema_ref": "https://darwin-public.s3.eu-west-1.amazonaws.com/darwin_json/2.0/schema.json",
  "item": {
    "name": "fusilli.4qegue4q.ingestion-5fd995d986-9zbdz.jpg",
    "path": "/",
    "source_info": {
      "item_id": "018ea5b6-384e-3f8d-2172-f9ba15e2dc0d",
      "dataset": {
        "name": "Pasta",
        "slug": "pasta",
        "dataset_management_url": "https://darwin.v7labs.com/datasets/735230/dataset-management"
      },
      "team": {
        "name": "Salvino",
        "slug": "salvino"
      },
      "workview_url": "https://darwin.v7labs.com/workview?dataset=735230&item=018ea5b6-384e-3f8d-2172-f9ba15e2dc0d"
    },
    "slots": [
      {
        "type": "image",
        "slot_name": "0",
        "width": 512,
        "height": 512,
        "thumbnail_url": "https://darwin.v7labs.com/api/v2/teams/salvino/files/d6dc3dff-527f-4497-918e-5d5d92fbb851/thumbnail",
        "source_files": [
          {
            "file_name": "fusilli.4qegue4q.ingestion-5fd995d986-9zbdz.jpg",
            "url": "https://darwin.v7labs.com/api/v2/teams/salvino/uploads/4b613c74-21c6-4cb7-b1a4-c3d5ba901abc"
          }
        ]
      }
    ]
  },
  "annotations": [
    {
      "bounding_box": {
        "h": 85.0,
        "w": 214.0,
        "x": 187.0,
        "y": 109.0
      },
      "id": "f36d1c78-ef8e-4ddf-a595-edeaa88c07ad",
      "name": "Fusilli",
      "polygon": {
        "paths": [
          [
            {
              "x": 401.0,
              "y": 128.0
            },
            {
              "x": 396.0,
              "y": 124.0
            },
            {
              "x": 396.0,
              "y": 119.0
            },
            {
              "x": 392.0,
              "y": 111.0
            },
            {
              "x": 388.0,
              "y": 109.0
            },
            {
              "x": 381.0,
              "y": 109.0
            },
            {
              "x": 377.0,
              "y": 111.0
            },
            {
              "x": 371.0,
              "y": 118.0
            },
            {
              "x": 370.0,
              "y": 118.0
            },
            {
              "x": 365.0,
              "y": 112.0
            },
            {
              "x": 361.0,
              "y": 110.0
            },
            {
              "x": 357.0,
              "y": 110.0
            },
            {
              "x": 355.0,
              "y": 112.0
            },
            {
              "x": 354.0,
              "y": 112.0
            },
            {
              "x": 347.0,
              "y": 119.0
            },
            {
              "x": 346.0,
              "y": 121.0
            },
            {
              "x": 344.0,
              "y": 121.0
            },
            {
              "x": 343.0,
              "y": 119.0
            },
            {
              "x": 338.0,
              "y": 114.0
            },
            {
              "x": 338.0,
              "y": 113.0
            },
            {
              "x": 336.0,
              "y": 112.0
            },
            {
              "x": 330.0,
              "y": 112.0
            },
            {
              "x": 328.0,
              "y": 113.0
            },
            {
              "x": 321.0,
              "y": 120.0
            },
            {
              "x": 321.0,
              "y": 122.0
            },
            {
              "x": 319.0,
              "y": 124.0
            },
            {
              "x": 318.0,
              "y": 124.0
            },
            {
              "x": 310.0,
              "y": 116.0
            },
            {
              "x": 304.0,
              "y": 115.0
            },
            {
              "x": 297.0,
              "y": 121.0
            },
            {
              "x": 293.0,
              "y": 128.0
            },
            {
              "x": 291.0,
              "y": 128.0
            },
            {
              "x": 284.0,
              "y": 121.0
            },
            {
              "x": 282.0,
              "y": 120.0
            },
            {
              "x": 279.0,
              "y": 120.0
            },
            {
              "x": 277.0,
              "y": 121.0
            },
            {
              "x": 272.0,
              "y": 126.0
            },
            {
              "x": 272.0,
              "y": 127.0
            },
            {
              "x": 269.0,
              "y": 130.0
            },
            {
              "x": 269.0,
              "y": 132.0
            },
            {
              "x": 267.0,
              "y": 134.0
            },
            {
              "x": 266.0,
              "y": 134.0
            },
            {
              "x": 260.0,
              "y": 128.0
            },
            {
              "x": 256.0,
              "y": 126.0
            },
            {
              "x": 252.0,
              "y": 126.0
            },
            {
              "x": 250.0,
              "y": 127.0
            },
            {
              "x": 246.0,
              "y": 131.0
            },
            {
              "x": 246.0,
              "y": 132.0
            },
            {
              "x": 242.0,
              "y": 137.0
            },
            {
              "x": 239.0,
              "y": 137.0
            },
            {
              "x": 235.0,
              "y": 134.0
            },
            {
              "x": 230.0,
              "y": 134.0
            },
            {
              "x": 226.0,
              "y": 137.0
            },
            {
              "x": 225.0,
              "y": 137.0
            },
            {
              "x": 219.0,
              "y": 145.0
            },
            {
              "x": 213.0,
              "y": 145.0
            },
            {
              "x": 212.0,
              "y": 144.0
            },
            {
              "x": 210.0,
              "y": 144.0
            },
            {
              "x": 209.0,
              "y": 145.0
            },
            {
              "x": 204.0,
              "y": 145.0
            },
            {
              "x": 203.0,
              "y": 146.0
            },
            {
              "x": 200.0,
              "y": 146.0
            },
            {
              "x": 191.0,
              "y": 151.0
            },
            {
              "x": 187.0,
              "y": 155.0
            },
            {
              "x": 188.0,
              "y": 159.0
            },
            {
              "x": 192.0,
              "y": 163.0
            },
            {
              "x": 194.0,
              "y": 163.0
            },
            {
              "x": 195.0,
              "y": 165.0
            },
            {
              "x": 197.0,
              "y": 166.0
            },
            {
              "x": 197.0,
              "y": 168.0
            },
            {
              "x": 195.0,
              "y": 170.0
            },
            {
              "x": 195.0,
              "y": 180.0
            },
            {
              "x": 197.0,
              "y": 182.0
            },
            {
              "x": 199.0,
              "y": 182.0
            },
            {
              "x": 202.0,
              "y": 184.0
            },
            {
              "x": 202.0,
              "y": 185.0
            },
            {
              "x": 200.0,
              "y": 187.0
            },
            {
              "x": 200.0,
              "y": 192.0
            },
            {
              "x": 202.0,
              "y": 194.0
            },
            {
              "x": 209.0,
              "y": 194.0
            },
            {
              "x": 210.0,
              "y": 193.0
            },
            {
              "x": 222.0,
              "y": 192.0
            },
            {
              "x": 223.0,
              "y": 191.0
            },
            {
              "x": 235.0,
              "y": 191.0
            },
            {
              "x": 236.0,
              "y": 190.0
            },
            {
              "x": 239.0,
              "y": 190.0
            },
            {
              "x": 246.0,
              "y": 182.0
            },
            {
              "x": 258.0,
              "y": 185.0
            },
            {
              "x": 264.0,
              "y": 182.0
            },
            {
              "x": 266.0,
              "y": 180.0
            },
            {
              "x": 266.0,
              "y": 179.0
            },
            {
              "x": 269.0,
              "y": 177.0
            },
            {
              "x": 270.0,
              "y": 178.0
            },
            {
              "x": 273.0,
              "y": 178.0
            },
            {
              "x": 274.0,
              "y": 179.0
            },
            {
              "x": 282.0,
              "y": 179.0
            },
            {
              "x": 284.0,
              "y": 178.0
            },
            {
              "x": 290.0,
              "y": 172.0
            },
            {
              "x": 295.0,
              "y": 172.0
            },
            {
              "x": 296.0,
              "y": 173.0
            },
            {
              "x": 307.0,
              "y": 173.0
            },
            {
              "x": 309.0,
              "y": 172.0
            },
            {
              "x": 314.0,
              "y": 167.0
            },
            {
              "x": 318.0,
              "y": 168.0
            },
            {
              "x": 324.0,
              "y": 171.0
            },
            {
              "x": 327.0,
              "y": 171.0
            },
            {
              "x": 328.0,
              "y": 170.0
            },
            {
              "x": 332.0,
              "y": 169.0
            },
            {
              "x": 337.0,
              "y": 165.0
            },
            {
              "x": 340.0,
              "y": 165.0
            },
            {
              "x": 342.0,
              "y": 167.0
            },
            {
              "x": 346.0,
              "y": 169.0
            },
            {
              "x": 353.0,
              "y": 169.0
            },
            {
              "x": 354.0,
              "y": 168.0
            },
            {
              "x": 356.0,
              "y": 168.0
            },
            {
              "x": 361.0,
              "y": 163.0
            },
            {
              "x": 364.0,
              "y": 163.0
            },
            {
              "x": 367.0,
              "y": 166.0
            },
            {
              "x": 369.0,
              "y": 167.0
            },
            {
              "x": 372.0,
              "y": 167.0
            },
            {
              "x": 373.0,
              "y": 168.0
            },
            {
              "x": 378.0,
              "y": 168.0
            },
            {
              "x": 379.0,
              "y": 167.0
            },
            {
              "x": 381.0,
              "y": 167.0
            },
            {
              "x": 388.0,
              "y": 162.0
            },
            {
              "x": 390.0,
              "y": 163.0
            },
            {
              "x": 397.0,
              "y": 163.0
            },
            {
              "x": 400.0,
              "y": 160.0
            },
            {
              "x": 400.0,
              "y": 157.0
            },
            {
              "x": 399.0,
              "y": 155.0
            },
            {
              "x": 398.0,
              "y": 155.0
            },
            {
              "x": 395.0,
              "y": 152.0
            },
            {
              "x": 395.0,
              "y": 150.0
            },
            {
              "x": 396.0,
              "y": 149.0
            },
            {
              "x": 396.0,
              "y": 147.0
            },
            {
              "x": 398.0,
              "y": 145.0
            },
            {
              "x": 398.0,
              "y": 142.0
            },
            {
              "x": 399.0,
              "y": 141.0
            },
            {
              "x": 400.0,
              "y": 135.0
            },
            {
              "x": 401.0,
              "y": 134.0
            }
          ]
        ]
      },
      "properties": [],
      "slot_names": [
        "0"
      ]
    },
    {
      "bounding_box": {
        "h": 154.0,
        "w": 208.0,
        "x": 224.0,
        "y": 257.0
      },
      "id": "e2f9785c-e571-440a-aa99-ed85d1cde80c",
      "name": "Fusilli",
      "polygon": {
        "paths": [
          [
            {
              "x": 225.0,
              "y": 266.0
            },
            {
              "x": 224.0,
              "y": 268.0
            },
            {
              "x": 224.0,
              "y": 271.0
            },
            {
              "x": 227.0,
              "y": 274.0
            },
            {
              "x": 233.0,
              "y": 275.0
            },
            {
              "x": 236.0,
              "y": 277.0
            },
            {
              "x": 233.0,
              "y": 283.0
            },
            {
              "x": 224.0,
              "y": 293.0
            },
            {
              "x": 224.0,
              "y": 298.0
            },
            {
              "x": 225.0,
              "y": 300.0
            },
            {
              "x": 231.0,
              "y": 306.0
            },
            {
              "x": 232.0,
              "y": 306.0
            },
            {
              "x": 235.0,
              "y": 309.0
            },
            {
              "x": 246.0,
              "y": 314.0
            },
            {
              "x": 250.0,
              "y": 314.0
            },
            {
              "x": 251.0,
              "y": 313.0
            },
            {
              "x": 254.0,
              "y": 313.0
            },
            {
              "x": 255.0,
              "y": 312.0
            },
            {
              "x": 259.0,
              "y": 320.0
            },
            {
              "x": 261.0,
              "y": 322.0
            },
            {
              "x": 262.0,
              "y": 325.0
            },
            {
              "x": 263.0,
              "y": 325.0
            },
            {
              "x": 265.0,
              "y": 327.0
            },
            {
              "x": 271.0,
              "y": 327.0
            },
            {
              "x": 275.0,
              "y": 325.0
            },
            {
              "x": 277.0,
              "y": 327.0
            },
            {
              "x": 280.0,
              "y": 333.0
            },
            {
              "x": 280.0,
              "y": 335.0
            },
            {
              "x": 283.0,
              "y": 339.0
            },
            {
              "x": 287.0,
              "y": 341.0
            },
            {
              "x": 292.0,
              "y": 341.0
            },
            {
              "x": 293.0,
              "y": 340.0
            },
            {
              "x": 295.0,
              "y": 340.0
            },
            {
              "x": 298.0,
              "y": 344.0
            },
            {
              "x": 298.0,
              "y": 346.0
            },
            {
              "x": 299.0,
              "y": 347.0
            },
            {
              "x": 300.0,
              "y": 351.0
            },
            {
              "x": 304.0,
              "y": 355.0
            },
            {
              "x": 306.0,
              "y": 356.0
            },
            {
              "x": 313.0,
              "y": 356.0
            },
            {
              "x": 314.0,
              "y": 355.0
            },
            {
              "x": 319.0,
              "y": 354.0
            },
            {
              "x": 321.0,
              "y": 357.0
            },
            {
              "x": 321.0,
              "y": 359.0
            },
            {
              "x": 323.0,
              "y": 362.0
            },
            {
              "x": 324.0,
              "y": 366.0
            },
            {
              "x": 328.0,
              "y": 370.0
            },
            {
              "x": 332.0,
              "y": 371.0
            },
            {
              "x": 333.0,
              "y": 372.0
            },
            {
              "x": 335.0,
              "y": 372.0
            },
            {
              "x": 336.0,
              "y": 371.0
            },
            {
              "x": 339.0,
              "y": 371.0
            },
            {
              "x": 343.0,
              "y": 369.0
            },
            {
              "x": 346.0,
              "y": 372.0
            },
            {
              "x": 347.0,
              "y": 376.0
            },
            {
              "x": 350.0,
              "y": 380.0
            },
            {
              "x": 350.0,
              "y": 382.0
            },
            {
              "x": 352.0,
              "y": 384.0
            },
            {
              "x": 358.0,
              "y": 387.0
            },
            {
              "x": 365.0,
              "y": 387.0
            },
            {
              "x": 366.0,
              "y": 386.0
            },
            {
              "x": 368.0,
              "y": 386.0
            },
            {
              "x": 371.0,
              "y": 389.0
            },
            {
              "x": 373.0,
              "y": 395.0
            },
            {
              "x": 378.0,
              "y": 400.0
            },
            {
              "x": 382.0,
              "y": 402.0
            },
            {
              "x": 390.0,
              "y": 402.0
            },
            {
              "x": 394.0,
              "y": 400.0
            },
            {
              "x": 398.0,
              "y": 404.0
            },
            {
              "x": 400.0,
              "y": 409.0
            },
            {
              "x": 401.0,
              "y": 409.0
            },
            {
              "x": 403.0,
              "y": 411.0
            },
            {
              "x": 409.0,
              "y": 411.0
            },
            {
              "x": 411.0,
              "y": 409.0
            },
            {
              "x": 411.0,
              "y": 406.0
            },
            {
              "x": 408.0,
              "y": 400.0
            },
            {
              "x": 408.0,
              "y": 395.0
            },
            {
              "x": 409.0,
              "y": 393.0
            },
            {
              "x": 411.0,
              "y": 391.0
            },
            {
              "x": 415.0,
              "y": 389.0
            },
            {
              "x": 420.0,
              "y": 384.0
            },
            {
              "x": 421.0,
              "y": 384.0
            },
            {
              "x": 424.0,
              "y": 381.0
            },
            {
              "x": 424.0,
              "y": 380.0
            },
            {
              "x": 428.0,
              "y": 377.0
            },
            {
              "x": 428.0,
              "y": 376.0
            },
            {
              "x": 432.0,
              "y": 371.0
            },
            {
              "x": 432.0,
              "y": 368.0
            },
            {
              "x": 429.0,
              "y": 363.0
            },
            {
              "x": 429.0,
              "y": 356.0
            },
            {
              "x": 428.0,
              "y": 355.0
            },
            {
              "x": 428.0,
              "y": 353.0
            },
            {
              "x": 427.0,
              "y": 351.0
            },
            {
              "x": 423.0,
              "y": 347.0
            },
            {
              "x": 419.0,
              "y": 346.0
            },
            {
              "x": 418.0,
              "y": 345.0
            },
            {
              "x": 413.0,
              "y": 345.0
            },
            {
              "x": 412.0,
              "y": 346.0
            },
            {
              "x": 409.0,
              "y": 346.0
            },
            {
              "x": 405.0,
              "y": 348.0
            },
            {
              "x": 403.0,
              "y": 346.0
            },
            {
              "x": 402.0,
              "y": 344.0
            },
            {
              "x": 402.0,
              "y": 340.0
            },
            {
              "x": 400.0,
              "y": 336.0
            },
            {
              "x": 398.0,
              "y": 334.0
            },
            {
              "x": 394.0,
              "y": 332.0
            },
            {
              "x": 384.0,
              "y": 332.0
            },
            {
              "x": 383.0,
              "y": 333.0
            },
            {
              "x": 380.0,
              "y": 333.0
            },
            {
              "x": 378.0,
              "y": 331.0
            },
            {
              "x": 378.0,
              "y": 327.0
            },
            {
              "x": 373.0,
              "y": 319.0
            },
            {
              "x": 369.0,
              "y": 317.0
            },
            {
              "x": 356.0,
              "y": 317.0
            },
            {
              "x": 354.0,
              "y": 314.0
            },
            {
              "x": 353.0,
              "y": 310.0
            },
            {
              "x": 348.0,
              "y": 305.0
            },
            {
              "x": 346.0,
              "y": 304.0
            },
            {
              "x": 332.0,
              "y": 304.0
            },
            {
              "x": 331.0,
              "y": 303.0
            },
            {
              "x": 329.0,
              "y": 295.0
            },
            {
              "x": 325.0,
              "y": 291.0
            },
            {
              "x": 321.0,
              "y": 289.0
            },
            {
              "x": 309.0,
              "y": 289.0
            },
            {
              "x": 307.0,
              "y": 286.0
            },
            {
              "x": 307.0,
              "y": 284.0
            },
            {
              "x": 304.0,
              "y": 278.0
            },
            {
              "x": 303.0,
              "y": 278.0
            },
            {
              "x": 300.0,
              "y": 275.0
            },
            {
              "x": 296.0,
              "y": 274.0
            },
            {
              "x": 295.0,
              "y": 273.0
            },
            {
              "x": 287.0,
              "y": 274.0
            },
            {
              "x": 284.0,
              "y": 271.0
            },
            {
              "x": 284.0,
              "y": 270.0
            },
            {
              "x": 279.0,
              "y": 266.0
            },
            {
              "x": 275.0,
              "y": 266.0
            },
            {
              "x": 274.0,
              "y": 265.0
            },
            {
              "x": 255.0,
              "y": 265.0
            },
            {
              "x": 249.0,
              "y": 260.0
            },
            {
              "x": 245.0,
              "y": 258.0
            },
            {
              "x": 243.0,
              "y": 258.0
            },
            {
              "x": 242.0,
              "y": 257.0
            },
            {
              "x": 238.0,
              "y": 257.0
            },
            {
              "x": 236.0,
              "y": 259.0
            },
            {
              "x": 236.0,
              "y": 261.0
            },
            {
              "x": 234.0,
              "y": 263.0
            },
            {
              "x": 230.0,
              "y": 263.0
            },
            {
              "x": 226.0,
              "y": 266.0
            }
          ]
        ]
      },
      "properties": [],
      "slot_names": [
        "0"
      ]
    },
    {
      "bounding_box": {
        "h": 218.0,
        "w": 163.0,
        "x": 49.0,
        "y": 207.0
      },
      "id": "1efb9fc6-9786-4c62-9ce0-1746f8a6bdfe",
      "name": "Fusilli",
      "polygon": {
        "paths": [
          [
            {
              "x": 209.0,
              "y": 215.0
            },
            {
              "x": 204.0,
              "y": 215.0
            },
            {
              "x": 201.0,
              "y": 217.0
            },
            {
              "x": 193.0,
              "y": 219.0
            },
            {
              "x": 192.0,
              "y": 218.0
            },
            {
              "x": 190.0,
              "y": 218.0
            },
            {
              "x": 184.0,
              "y": 213.0
            },
            {
              "x": 178.0,
              "y": 210.0
            },
            {
              "x": 173.0,
              "y": 209.0
            },
            {
              "x": 172.0,
              "y": 208.0
            },
            {
              "x": 162.0,
              "y": 207.0
            },
            {
              "x": 161.0,
              "y": 208.0
            },
            {
              "x": 157.0,
              "y": 208.0
            },
            {
              "x": 155.0,
              "y": 210.0
            },
            {
              "x": 155.0,
              "y": 215.0
            },
            {
              "x": 156.0,
              "y": 216.0
            },
            {
              "x": 156.0,
              "y": 218.0
            },
            {
              "x": 153.0,
              "y": 221.0
            },
            {
              "x": 151.0,
              "y": 225.0
            },
            {
              "x": 154.0,
              "y": 231.0
            },
            {
              "x": 162.0,
              "y": 240.0
            },
            {
              "x": 162.0,
              "y": 242.0
            },
            {
              "x": 161.0,
              "y": 243.0
            },
            {
              "x": 150.0,
              "y": 243.0
            },
            {
              "x": 149.0,
              "y": 242.0
            },
            {
              "x": 146.0,
              "y": 242.0
            },
            {
              "x": 142.0,
              "y": 244.0
            },
            {
              "x": 142.0,
              "y": 251.0
            },
            {
              "x": 150.0,
              "y": 261.0
            },
            {
              "x": 152.0,
              "y": 265.0
            },
            {
              "x": 152.0,
              "y": 267.0
            },
            {
              "x": 151.0,
              "y": 268.0
            },
            {
              "x": 149.0,
              "y": 268.0
            },
            {
              "x": 145.0,
              "y": 266.0
            },
            {
              "x": 137.0,
              "y": 266.0
            },
            {
              "x": 133.0,
              "y": 270.0
            },
            {
              "x": 133.0,
              "y": 273.0
            },
            {
              "x": 135.0,
              "y": 276.0
            },
            {
              "x": 135.0,
              "y": 278.0
            },
            {
              "x": 138.0,
              "y": 282.0
            },
            {
              "x": 138.0,
              "y": 284.0
            },
            {
              "x": 136.0,
              "y": 286.0
            },
            {
              "x": 133.0,
              "y": 286.0
            },
            {
              "x": 131.0,
              "y": 287.0
            },
            {
              "x": 129.0,
              "y": 290.0
            },
            {
              "x": 129.0,
              "y": 296.0
            },
            {
              "x": 130.0,
              "y": 297.0
            },
            {
              "x": 130.0,
              "y": 300.0
            },
            {
              "x": 131.0,
              "y": 301.0
            },
            {
              "x": 131.0,
              "y": 304.0
            },
            {
              "x": 132.0,
              "y": 305.0
            },
            {
              "x": 130.0,
              "y": 307.0
            },
            {
              "x": 120.0,
              "y": 307.0
            },
            {
              "x": 115.0,
              "y": 311.0
            },
            {
              "x": 115.0,
              "y": 313.0
            },
            {
              "x": 114.0,
              "y": 314.0
            },
            {
              "x": 114.0,
              "y": 329.0
            },
            {
              "x": 113.0,
              "y": 330.0
            },
            {
              "x": 101.0,
              "y": 330.0
            },
            {
              "x": 98.0,
              "y": 333.0
            },
            {
              "x": 97.0,
              "y": 333.0
            },
            {
              "x": 96.0,
              "y": 335.0
            },
            {
              "x": 96.0,
              "y": 338.0
            },
            {
              "x": 95.0,
              "y": 339.0
            },
            {
              "x": 95.0,
              "y": 345.0
            },
            {
              "x": 93.0,
              "y": 347.0
            },
            {
              "x": 87.0,
              "y": 349.0
            },
            {
              "x": 84.0,
              "y": 352.0
            },
            {
              "x": 82.0,
              "y": 356.0
            },
            {
              "x": 82.0,
              "y": 360.0
            },
            {
              "x": 80.0,
              "y": 363.0
            },
            {
              "x": 80.0,
              "y": 367.0
            },
            {
              "x": 79.0,
              "y": 369.0
            },
            {
              "x": 78.0,
              "y": 370.0
            },
            {
              "x": 70.0,
              "y": 372.0
            },
            {
              "x": 68.0,
              "y": 374.0
            },
            {
              "x": 67.0,
              "y": 374.0
            },
            {
              "x": 64.0,
              "y": 377.0
            },
            {
              "x": 60.0,
              "y": 379.0
            },
            {
              "x": 53.0,
              "y": 387.0
            },
            {
              "x": 51.0,
              "y": 391.0
            },
            {
              "x": 51.0,
              "y": 393.0
            },
            {
              "x": 50.0,
              "y": 394.0
            },
            {
              "x": 50.0,
              "y": 397.0
            },
            {
              "x": 49.0,
              "y": 398.0
            },
            {
              "x": 49.0,
              "y": 403.0
            },
            {
              "x": 51.0,
              "y": 405.0
            },
            {
              "x": 61.0,
              "y": 405.0
            },
            {
              "x": 62.0,
              "y": 404.0
            },
            {
              "x": 67.0,
              "y": 404.0
            },
            {
              "x": 69.0,
              "y": 406.0
            },
            {
              "x": 69.0,
              "y": 410.0
            },
            {
              "x": 68.0,
              "y": 411.0
            },
            {
              "x": 69.0,
              "y": 420.0
            },
            {
              "x": 71.0,
              "y": 423.0
            },
            {
              "x": 75.0,
              "y": 425.0
            },
            {
              "x": 77.0,
              "y": 425.0
            },
            {
              "x": 81.0,
              "y": 423.0
            },
            {
              "x": 88.0,
              "y": 416.0
            },
            {
              "x": 90.0,
              "y": 416.0
            },
            {
              "x": 91.0,
              "y": 415.0
            },
            {
              "x": 93.0,
              "y": 415.0
            },
            {
              "x": 97.0,
              "y": 413.0
            },
            {
              "x": 100.0,
              "y": 413.0
            },
            {
              "x": 101.0,
              "y": 412.0
            },
            {
              "x": 104.0,
              "y": 412.0
            },
            {
              "x": 105.0,
              "y": 411.0
            },
            {
              "x": 112.0,
              "y": 410.0
            },
            {
              "x": 113.0,
              "y": 409.0
            },
            {
              "x": 115.0,
              "y": 409.0
            },
            {
              "x": 121.0,
              "y": 406.0
            },
            {
              "x": 125.0,
              "y": 402.0
            },
            {
              "x": 126.0,
              "y": 400.0
            },
            {
              "x": 126.0,
              "y": 393.0
            },
            {
              "x": 125.0,
              "y": 392.0
            },
            {
              "x": 127.0,
              "y": 390.0
            },
            {
              "x": 136.0,
              "y": 389.0
            },
            {
              "x": 143.0,
              "y": 385.0
            },
            {
              "x": 144.0,
              "y": 381.0
            },
            {
              "x": 145.0,
              "y": 380.0
            },
            {
              "x": 145.0,
              "y": 371.0
            },
            {
              "x": 144.0,
              "y": 370.0
            },
            {
              "x": 144.0,
              "y": 367.0
            },
            {
              "x": 146.0,
              "y": 365.0
            },
            {
              "x": 148.0,
              "y": 365.0
            },
            {
              "x": 151.0,
              "y": 363.0
            },
            {
              "x": 154.0,
              "y": 363.0
            },
            {
              "x": 158.0,
              "y": 361.0
            },
            {
              "x": 162.0,
              "y": 357.0
            },
            {
              "x": 163.0,
              "y": 355.0
            },
            {
              "x": 163.0,
              "y": 352.0
            },
            {
              "x": 164.0,
              "y": 351.0
            },
            {
              "x": 164.0,
              "y": 346.0
            },
            {
              "x": 166.0,
              "y": 344.0
            },
            {
              "x": 168.0,
              "y": 344.0
            },
            {
              "x": 174.0,
              "y": 341.0
            },
            {
              "x": 177.0,
              "y": 338.0
            },
            {
              "x": 177.0,
              "y": 337.0
            },
            {
              "x": 180.0,
              "y": 333.0
            },
            {
              "x": 180.0,
              "y": 330.0
            },
            {
              "x": 181.0,
              "y": 329.0
            },
            {
              "x": 180.0,
              "y": 317.0
            },
            {
              "x": 188.0,
              "y": 311.0
            },
            {
              "x": 192.0,
              "y": 304.0
            },
            {
              "x": 192.0,
              "y": 289.0
            },
            {
              "x": 191.0,
              "y": 288.0
            },
            {
              "x": 191.0,
              "y": 284.0
            },
            {
              "x": 192.0,
              "y": 282.0
            },
            {
              "x": 194.0,
              "y": 281.0
            },
            {
              "x": 194.0,
              "y": 280.0
            },
            {
              "x": 196.0,
              "y": 279.0
            },
            {
              "x": 196.0,
              "y": 278.0
            },
            {
              "x": 198.0,
              "y": 276.0
            },
            {
              "x": 198.0,
              "y": 273.0
            },
            {
              "x": 199.0,
              "y": 272.0
            },
            {
              "x": 199.0,
              "y": 268.0
            },
            {
              "x": 200.0,
              "y": 267.0
            },
            {
              "x": 200.0,
              "y": 265.0
            },
            {
              "x": 205.0,
              "y": 260.0
            },
            {
              "x": 207.0,
              "y": 256.0
            },
            {
              "x": 207.0,
              "y": 253.0
            },
            {
              "x": 208.0,
              "y": 252.0
            },
            {
              "x": 208.0,
              "y": 243.0
            },
            {
              "x": 207.0,
              "y": 242.0
            },
            {
              "x": 207.0,
              "y": 239.0
            },
            {
              "x": 212.0,
              "y": 231.0
            },
            {
              "x": 212.0,
              "y": 218.0
            }
          ]
        ]
      },
      "properties": [],
      "slot_names": [
        "0"
      ]
    }
  ]
}