{
  "version": "2.0",
  "schema_ref": "https://darwin-public.s3.eu-west-1.amazonaws.com/darwin_json/2.0/schema.json",
  "item": {
    "name": "fusilli.4qegtkn9.ingestion-5fd995d986-l5rgx.jpg",
    "path": "/",
    "source_info": {
      "item_id": "018ea5b6-3845-2342-9ff7-84e468fd93e9",
      "dataset": {
        "name": "Pasta",
        "slug": "pasta",
        "dataset_management_url": "https://darwin.v7labs.com/datasets/735230/dataset-management"
      },
      "team": {
        "name": "Salvino",
        "slug": "salvino"
      },
      "workview_url": "https://darwin.v7labs.com/workview?dataset=735230&item=018ea5b6-3845-2342-9ff7-84e468fd93e9"
    },
    "slots": [
      {
        "type": "image",
        "slot_name": "0",
        "width": 512,
        "height": 512,
        "thumbnail_url": "https://darwin.v7labs.com/api/v2/teams/salvino/files/6baef178-b5ab-4e16-8047-3ca48bcb2073/thumbnail",
        "source_files": [
          {
            "file_name": "fusilli.4qegtkn9.ingestion-5fd995d986-l5rgx.jpg",
            "url": "https://darwin.v7labs.com/api/v2/teams/salvino/uploads/53fc9b39-179b-4589-bea0-08e29035ece1"
          }
        ]
      }
    ]
  },
  "annotations": [
    {
      "bounding_box": {
        "h": 100.0,
        "w": 333.0,
        "x": 126.0,
        "y": 223.0
      },
      "id": "879443a5-54f9-42ca-af4f-112b3652d33d",
      "name": "Fusilli",
      "polygon": {
        "paths": [
          [
            {
              "x": 126.0,
              "y": 266.0
            },
            {
              "x": 126.0,
              "y": 268.0
            },
            {
              "x": 127.0,
              "y": 269.0
            },
            {
              "x": 128.0,
              "y": 273.0
            },
            {
              "x": 132.0,
              "y": 276.0
            },
            {
              "x": 138.0,
              "y": 276.0
            },
            {
              "x": 142.0,
              "y": 274.0
            },
            {
              "x": 146.0,
              "y": 274.0
            },
            {
              "x": 147.0,
              "y": 275.0
            },
            {
              "x": 148.0,
              "y": 277.0
            },
            {
              "x": 148.0,
              "y": 281.0
            },
            {
              "x": 147.0,
              "y": 282.0
            },
            {
              "x": 147.0,
              "y": 285.0
            },
            {
              "x": 146.0,
              "y": 286.0
            },
            {
              "x": 146.0,
              "y": 290.0
            },
            {
              "x": 144.0,
              "y": 293.0
            },
            {
              "x": 144.0,
              "y": 299.0
            },
            {
              "x": 143.0,
              "y": 300.0
            },
            {
              "x": 144.0,
              "y": 302.0
            },
            {
              "x": 144.0,
              "y": 306.0
            },
            {
              "x": 149.0,
              "y": 310.0
            },
            {
              "x": 152.0,
              "y": 310.0
            },
            {
              "x": 153.0,
              "y": 311.0
            },
            {
              "x": 156.0,
              "y": 311.0
            },
            {
              "x": 157.0,
              "y": 312.0
            },
            {
              "x": 160.0,
              "y": 312.0
            },
            {
              "x": 161.0,
              "y": 313.0
            },
            {
              "x": 167.0,
              "y": 313.0
            },
            {
              "x": 168.0,
              "y": 314.0
            },
            {
              "x": 187.0,
              "y": 314.0
            },
            {
              "x": 188.0,
              "y": 313.0
            },
            {
              "x": 192.0,
              "y": 313.0
            },
            {
              "x": 196.0,
              "y": 310.0
            },
            {
              "x": 198.0,
              "y": 310.0
            },
            {
              "x": 199.0,
              "y": 308.0
            },
            {
              "x": 203.0,
              "y": 306.0
            },
            {
              "x": 206.0,
              "y": 308.0
            },
            {
              "x": 208.0,
              "y": 308.0
            },
            {
              "x": 209.0,
              "y": 310.0
            },
            {
              "x": 211.0,
              "y": 310.0
            },
            {
              "x": 215.0,
              "y": 313.0
            },
            {
              "x": 221.0,
              "y": 314.0
            },
            {
              "x": 222.0,
              "y": 315.0
            },
            {
              "x": 225.0,
              "y": 315.0
            },
            {
              "x": 226.0,
              "y": 314.0
            },
            {
              "x": 231.0,
              "y": 313.0
            },
            {
              "x": 235.0,
              "y": 309.0
            },
            {
              "x": 239.0,
              "y": 308.0
            },
            {
              "x": 245.0,
              "y": 311.0
            },
            {
              "x": 246.0,
              "y": 313.0
            },
            {
              "x": 250.0,
              "y": 314.0
            },
            {
              "x": 252.0,
              "y": 316.0
            },
            {
              "x": 266.0,
              "y": 316.0
            },
            {
              "x": 270.0,
              "y": 313.0
            },
            {
              "x": 276.0,
              "y": 313.0
            },
            {
              "x": 277.0,
              "y": 315.0
            },
            {
              "x": 278.0,
              "y": 315.0
            },
            {
              "x": 280.0,
              "y": 317.0
            },
            {
              "x": 284.0,
              "y": 318.0
            },
            {
              "x": 290.0,
              "y": 321.0
            },
            {
              "x": 295.0,
              "y": 321.0
            },
            {
              "x": 296.0,
              "y": 320.0
            },
            {
              "x": 298.0,
              "y": 320.0
            },
            {
              "x": 301.0,
              "y": 318.0
            },
            {
              "x": 305.0,
              "y": 317.0
            },
            {
              "x": 310.0,
              "y": 313.0
            },
            {
              "x": 312.0,
              "y": 313.0
            },
            {
              "x": 317.0,
              "y": 317.0
            },
            {
              "x": 325.0,
              "y": 321.0
            },
            {
              "x": 338.0,
              "y": 321.0
            },
            {
              "x": 339.0,
              "y": 320.0
            },
            {
              "x": 341.0,
              "y": 320.0
            },
            {
              "x": 343.0,
              "y": 318.0
            },
            {
              "x": 345.0,
              "y": 318.0
            },
            {
              "x": 350.0,
              "y": 314.0
            },
            {
              "x": 354.0,
              "y": 315.0
            },
            {
              "x": 356.0,
              "y": 317.0
            },
            {
              "x": 359.0,
              "y": 318.0
            },
            {
              "x": 363.0,
              "y": 321.0
            },
            {
              "x": 367.0,
              "y": 321.0
            },
            {
              "x": 368.0,
              "y": 322.0
            },
            {
              "x": 378.0,
              "y": 322.0
            },
            {
              "x": 379.0,
              "y": 321.0
            },
            {
              "x": 383.0,
              "y": 321.0
            },
            {
              "x": 386.0,
              "y": 318.0
            },
            {
              "x": 388.0,
              "y": 318.0
            },
            {
              "x": 389.0,
              "y": 317.0
            },
            {
              "x": 393.0,
              "y": 317.0
            },
            {
              "x": 397.0,
              "y": 320.0
            },
            {
              "x": 401.0,
              "y": 321.0
            },
            {
              "x": 402.0,
              "y": 322.0
            },
            {
              "x": 404.0,
              "y": 322.0
            },
            {
              "x": 405.0,
              "y": 323.0
            },
            {
              "x": 417.0,
              "y": 323.0
            },
            {
              "x": 420.0,
              "y": 321.0
            },
            {
              "x": 423.0,
              "y": 321.0
            },
            {
              "x": 430.0,
              "y": 316.0
            },
            {
              "x": 434.0,
              "y": 316.0
            },
            {
              "x": 437.0,
              "y": 318.0
            },
            {
              "x": 447.0,
              "y": 318.0
            },
            {
              "x": 450.0,
              "y": 315.0
            },
            {
              "x": 450.0,
              "y": 311.0
            },
            {
              "x": 448.0,
              "y": 307.0
            },
            {
              "x": 445.0,
              "y": 304.0
            },
            {
              "x": 445.0,
              "y": 298.0
            },
            {
              "x": 447.0,
              "y": 297.0
            },
            {
              "x": 448.0,
              "y": 294.0
            },
            {
              "x": 450.0,
              "y": 292.0
            },
            {
              "x": 451.0,
              "y": 288.0
            },
            {
              "x": 453.0,
              "y": 286.0
            },
            {
              "x": 453.0,
              "y": 283.0
            },
            {
              "x": 456.0,
              "y": 279.0
            },
            {
              "x": 456.0,
              "y": 275.0
            },
            {
              "x": 458.0,
              "y": 271.0
            },
            {
              "x": 458.0,
              "y": 264.0
            },
            {
              "x": 459.0,
              "y": 263.0
            },
            {
              "x": 459.0,
              "y": 253.0
            },
            {
              "x": 458.0,
              "y": 252.0
            },
            {
              "x": 458.0,
              "y": 249.0
            },
            {
              "x": 457.0,
              "y": 249.0
            },
            {
              "x": 455.0,
              "y": 246.0
            },
            {
              "x": 446.0,
              "y": 246.0
            },
            {
              "x": 443.0,
              "y": 248.0
            },
            {
              "x": 440.0,
              "y": 248.0
            },
            {
              "x": 438.0,
              "y": 246.0
            },
            {
              "x": 438.0,
              "y": 239.0
            },
            {
              "x": 435.0,
              "y": 235.0
            },
            {
              "x": 435.0,
              "y": 233.0
            },
            {
              "x": 433.0,
              "y": 233.0
            },
            {
              "x": 432.0,
              "y": 231.0
            },
            {
              "x": 430.0,
              "y": 231.0
            },
            {
              "x": 429.0,
              "y": 230.0
            },
            {
              "x": 424.0,
              "y": 230.0
            },
            {
              "x": 418.0,
              "y": 233.0
            },
            {
              "x": 412.0,
              "y": 238.0
            },
            {
              "x": 412.0,
              "y": 239.0
            },
            {
              "x": 410.0,
              "y": 241.0
            },
            {
              "x": 410.0,
              "y": 243.0
            },
            {
              "x": 407.0,
              "y": 246.0
            },
            {
              "x": 407.0,
              "y": 248.0
            },
            {
              "x": 404.0,
              "y": 250.0
            },
            {
              "x": 402.0,
              "y": 250.0
            },
            {
              "x": 398.0,
              "y": 243.0
            },
            {
              "x": 398.0,
              "y": 241.0
            },
            {
              "x": 396.0,
              "y": 238.0
            },
            {
              "x": 396.0,
              "y": 236.0
            },
            {
              "x": 391.0,
              "y": 231.0
            },
            {
              "x": 389.0,
              "y": 231.0
            },
            {
              "x": 388.0,
              "y": 230.0
            },
            {
              "x": 381.0,
              "y": 231.0
            },
            {
              "x": 377.0,
              "y": 235.0
            },
            {
              "x": 376.0,
              "y": 235.0
            },
            {
              "x": 371.0,
              "y": 240.0
            },
            {
              "x": 371.0,
              "y": 241.0
            },
            {
              "x": 368.0,
              "y": 244.0
            },
            {
              "x": 368.0,
              "y": 245.0
            },
            {
              "x": 365.0,
              "y": 247.0
            },
            {
              "x": 362.0,
              "y": 244.0
            },
            {
              "x": 362.0,
              "y": 242.0
            },
            {
              "x": 359.0,
              "y": 236.0
            },
            {
              "x": 357.0,
              "y": 235.0
            },
            {
              "x": 357.0,
              "y": 233.0
            },
            {
              "x": 356.0,
              "y": 233.0
            },
            {
              "x": 349.0,
              "y": 228.0
            },
            {
              "x": 345.0,
              "y": 228.0
            },
            {
              "x": 344.0,
              "y": 229.0
            },
            {
              "x": 342.0,
              "y": 229.0
            },
            {
              "x": 336.0,
              "y": 234.0
            },
            {
              "x": 335.0,
              "y": 234.0
            },
            {
              "x": 328.0,
              "y": 241.0
            },
            {
              "x": 326.0,
              "y": 241.0
            },
            {
              "x": 323.0,
              "y": 237.0
            },
            {
              "x": 323.0,
              "y": 236.0
            },
            {
              "x": 318.0,
              "y": 231.0
            },
            {
              "x": 312.0,
              "y": 228.0
            },
            {
              "x": 307.0,
              "y": 228.0
            },
            {
              "x": 305.0,
              "y": 229.0
            },
            {
              "x": 303.0,
              "y": 231.0
            },
            {
              "x": 300.0,
              "y": 232.0
            },
            {
              "x": 296.0,
              "y": 236.0
            },
            {
              "x": 289.0,
              "y": 240.0
            },
            {
              "x": 286.0,
              "y": 237.0
            },
            {
              "x": 284.0,
              "y": 233.0
            },
            {
              "x": 280.0,
              "y": 229.0
            },
            {
              "x": 276.0,
              "y": 227.0
            },
            {
              "x": 274.0,
              "y": 227.0
            },
            {
              "x": 273.0,
              "y": 226.0
            },
            {
              "x": 268.0,
              "y": 226.0
            },
            {
              "x": 265.0,
              "y": 228.0
            },
            {
              "x": 263.0,
              "y": 228.0
            },
            {
              "x": 253.0,
              "y": 236.0
            },
            {
              "x": 251.0,
              "y": 236.0
            },
            {
              "x": 250.0,
              "y": 237.0
            },
            {
              "x": 247.0,
              "y": 235.0
            },
            {
              "x": 247.0,
              "y": 233.0
            },
            {
              "x": 245.0,
              "y": 232.0
            },
            {
              "x": 245.0,
              "y": 231.0
            },
            {
              "x": 242.0,
              "y": 227.0
            },
            {
              "x": 235.0,
              "y": 223.0
            },
            {
              "x": 226.0,
              "y": 223.0
            },
            {
              "x": 220.0,
              "y": 226.0
            },
            {
              "x": 214.0,
              "y": 231.0
            },
            {
              "x": 209.0,
              "y": 231.0
            },
            {
              "x": 208.0,
              "y": 229.0
            },
            {
              "x": 202.0,
              "y": 226.0
            },
            {
              "x": 194.0,
              "y": 226.0
            },
            {
              "x": 193.0,
              "y": 227.0
            },
            {
              "x": 188.0,
              "y": 228.0
            },
            {
              "x": 184.0,
              "y": 231.0
            },
            {
              "x": 182.0,
              "y": 231.0
            },
            {
              "x": 178.0,
              "y": 233.0
            },
            {
              "x": 175.0,
              "y": 236.0
            },
            {
              "x": 173.0,
              "y": 236.0
            },
            {
              "x": 172.0,
              "y": 238.0
            },
            {
              "x": 170.0,
              "y": 238.0
            },
            {
              "x": 167.0,
              "y": 241.0
            },
            {
              "x": 165.0,
              "y": 241.0
            },
            {
              "x": 164.0,
              "y": 242.0
            },
            {
              "x": 162.0,
              "y": 242.0
            },
            {
              "x": 161.0,
              "y": 241.0
            },
            {
              "x": 149.0,
              "y": 241.0
            },
            {
              "x": 148.0,
              "y": 240.0
            },
            {
              "x": 140.0,
              "y": 240.0
            },
            {
              "x": 139.0,
              "y": 241.0
            },
            {
              "x": 135.0,
              "y": 241.0
            },
            {
              "x": 133.0,
              "y": 243.0
            },
            {
              "x": 133.0,
              "y": 250.0
            },
            {
              "x": 134.0,
              "y": 251.0
            },
            {
              "x": 134.0,
              "y": 253.0
            },
            {
              "x": 133.0,
              "y": 254.0
            },
            {
              "x": 133.0,
              "y": 256.0
            },
            {
              "x": 131.0,
              "y": 257.0
            },
            {
              "x": 130.0,
              "y": 259.0
            },
            {
              "x": 129.0,
              "y": 259.0
            },
            {
              "x": 127.0,
              "y": 263.0
            },
            {
              "x": 127.0,
              "y": 265.0
            }
          ]
        ]
      },
      "properties": [],
      "slot_names": [
        "0"
      ]
    }
  ]
}