{
  "version": "2.0",
  "schema_ref": "https://darwin-public.s3.eu-west-1.amazonaws.com/darwin_json/2.0/schema.json",
  "item": {
    "name": "fusilli.4qegun59.ingestion-5fd995d986-l5rgx.jpg",
    "path": "/",
    "source_info": {
      "item_id": "018ea5b6-384e-6466-81df-36647ff78637",
      "dataset": {
        "name": "Pasta",
        "slug": "pasta",
        "dataset_management_url": "https://darwin.v7labs.com/datasets/735230/dataset-management"
      },
      "team": {
        "name": "Salvino",
        "slug": "salvino"
      },
      "workview_url": "https://darwin.v7labs.com/workview?dataset=735230&item=018ea5b6-384e-6466-81df-36647ff78637"
    },
    "slots": [
      {
        "type": "image",
        "slot_name": "0",
        "width": 512,
        "height": 512,
        "thumbnail_url": "https://darwin.v7labs.com/api/v2/teams/salvino/files/7f1e26cf-a000-49a9-91ea-a9e85ff51e96/thumbnail",
        "source_files": [
          {
            "file_name": "fusilli.4qegun59.ingestion-5fd995d986-l5rgx.jpg",
            "url": "https://darwin.v7labs.com/api/v2/teams/salvino/uploads/be72fbd5-3c41-4ac5-9ed5-ab188f6dd012"
          }
        ]
      }
    ]
  },
  "annotations": [
    {
      "bounding_box": {
        "h": 241.0,
        "w": 232.0,
        "x": 89.0,
        "y": 168.0
      },
      "id": "a72df2ea-b264-46c1-b168-825ea424b7f2",
      "name": "Fusilli",
      "polygon": {
        "paths": [
          [
            {
              "x": 96.0,
              "y": 179.0
            },
            {
              "x": 89.0,
              "y": 186.0
            },
            {
              "x": 89.0,
              "y": 191.0
            },
            {
              "x": 93.0,
              "y": 195.0
            },
            {
              "x": 98.0,
              "y": 197.0
            },
            {
              "x": 100.0,
              "y": 199.0
            },
            {
              "x": 100.0,
              "y": 201.0
            },
            {
              "x": 99.0,
              "y": 202.0
            },
            {
              "x": 97.0,
              "y": 202.0
            },
            {
              "x": 93.0,
              "y": 204.0
            },
            {
              "x": 90.0,
              "y": 207.0
            },
            {
              "x": 89.0,
              "y": 210.0
            },
            {
              "x": 92.0,
              "y": 215.0
            },
            {
              "x": 92.0,
              "y": 217.0
            },
            {
              "x": 94.0,
              "y": 221.0
            },
            {
              "x": 95.0,
              "y": 229.0
            },
            {
              "x": 97.0,
              "y": 233.0
            },
            {
              "x": 97.0,
              "y": 238.0
            },
            {
              "x": 99.0,
              "y": 240.0
            },
            {
              "x": 99.0,
              "y": 241.0
            },
            {
              "x": 103.0,
              "y": 244.0
            },
            {
              "x": 108.0,
              "y": 244.0
            },
            {
              "x": 120.0,
              "y": 238.0
            },
            {
              "x": 121.0,
              "y": 239.0
            },
            {
              "x": 121.0,
              "y": 241.0
            },
            {
              "x": 119.0,
              "y": 245.0
            },
            {
              "x": 119.0,
              "y": 248.0
            },
            {
              "x": 117.0,
              "y": 252.0
            },
            {
              "x": 114.0,
              "y": 255.0
            },
            {
              "x": 114.0,
              "y": 265.0
            },
            {
              "x": 116.0,
              "y": 267.0
            },
            {
              "x": 120.0,
              "y": 268.0
            },
            {
              "x": 121.0,
              "y": 267.0
            },
            {
              "x": 127.0,
              "y": 266.0
            },
            {
              "x": 137.0,
              "y": 261.0
            },
            {
              "x": 139.0,
              "y": 261.0
            },
            {
              "x": 140.0,
              "y": 262.0
            },
            {
              "x": 140.0,
              "y": 264.0
            },
            {
              "x": 138.0,
              "y": 268.0
            },
            {
              "x": 138.0,
              "y": 272.0
            },
            {
              "x": 133.0,
              "y": 279.0
            },
            {
              "x": 133.0,
              "y": 282.0
            },
            {
              "x": 132.0,
              "y": 283.0
            },
            {
              "x": 132.0,
              "y": 288.0
            },
            {
              "x": 133.0,
              "y": 290.0
            },
            {
              "x": 139.0,
              "y": 293.0
            },
            {
              "x": 140.0,
              "y": 292.0
            },
            {
              "x": 143.0,
              "y": 292.0
            },
            {
              "x": 163.0,
              "y": 282.0
            },
            {
              "x": 164.0,
              "y": 283.0
            },
            {
              "x": 164.0,
              "y": 286.0
            },
            {
              "x": 162.0,
              "y": 290.0
            },
            {
              "x": 162.0,
              "y": 296.0
            },
            {
              "x": 158.0,
              "y": 302.0
            },
            {
              "x": 158.0,
              "y": 309.0
            },
            {
              "x": 157.0,
              "y": 310.0
            },
            {
              "x": 158.0,
              "y": 311.0
            },
            {
              "x": 158.0,
              "y": 315.0
            },
            {
              "x": 162.0,
              "y": 318.0
            },
            {
              "x": 170.0,
              "y": 318.0
            },
            {
              "x": 171.0,
              "y": 317.0
            },
            {
              "x": 173.0,
              "y": 317.0
            },
            {
              "x": 177.0,
              "y": 315.0
            },
            {
              "x": 179.0,
              "y": 313.0
            },
            {
              "x": 185.0,
              "y": 310.0
            },
            {
              "x": 188.0,
              "y": 310.0
            },
            {
              "x": 189.0,
              "y": 311.0
            },
            {
              "x": 189.0,
              "y": 313.0
            },
            {
              "x": 188.0,
              "y": 314.0
            },
            {
              "x": 188.0,
              "y": 320.0
            },
            {
              "x": 186.0,
              "y": 323.0
            },
            {
              "x": 186.0,
              "y": 326.0
            },
            {
              "x": 185.0,
              "y": 327.0
            },
            {
              "x": 185.0,
              "y": 338.0
            },
            {
              "x": 186.0,
              "y": 339.0
            },
            {
              "x": 186.0,
              "y": 341.0
            },
            {
              "x": 189.0,
              "y": 344.0
            },
            {
              "x": 191.0,
              "y": 344.0
            },
            {
              "x": 192.0,
              "y": 345.0
            },
            {
              "x": 196.0,
              "y": 345.0
            },
            {
              "x": 197.0,
              "y": 344.0
            },
            {
              "x": 200.0,
              "y": 344.0
            },
            {
              "x": 201.0,
              "y": 343.0
            },
            {
              "x": 207.0,
              "y": 342.0
            },
            {
              "x": 211.0,
              "y": 340.0
            },
            {
              "x": 212.0,
              "y": 341.0
            },
            {
              "x": 212.0,
              "y": 344.0
            },
            {
              "x": 210.0,
              "y": 348.0
            },
            {
              "x": 210.0,
              "y": 362.0
            },
            {
              "x": 211.0,
              "y": 363.0
            },
            {
              "x": 211.0,
              "y": 366.0
            },
            {
              "x": 212.0,
              "y": 368.0
            },
            {
              "x": 217.0,
              "y": 371.0
            },
            {
              "x": 228.0,
              "y": 371.0
            },
            {
              "x": 229.0,
              "y": 370.0
            },
            {
              "x": 232.0,
              "y": 370.0
            },
            {
              "x": 236.0,
              "y": 368.0
            },
            {
              "x": 237.0,
              "y": 369.0
            },
            {
              "x": 237.0,
              "y": 381.0
            },
            {
              "x": 238.0,
              "y": 382.0
            },
            {
              "x": 238.0,
              "y": 388.0
            },
            {
              "x": 239.0,
              "y": 389.0
            },
            {
              "x": 239.0,
              "y": 391.0
            },
            {
              "x": 243.0,
              "y": 395.0
            },
            {
              "x": 247.0,
              "y": 397.0
            },
            {
              "x": 252.0,
              "y": 397.0
            },
            {
              "x": 253.0,
              "y": 398.0
            },
            {
              "x": 262.0,
              "y": 397.0
            },
            {
              "x": 264.0,
              "y": 399.0
            },
            {
              "x": 266.0,
              "y": 404.0
            },
            {
              "x": 270.0,
              "y": 408.0
            },
            {
              "x": 272.0,
              "y": 409.0
            },
            {
              "x": 276.0,
              "y": 408.0
            },
            {
              "x": 279.0,
              "y": 405.0
            },
            {
              "x": 280.0,
              "y": 401.0
            },
            {
              "x": 281.0,
              "y": 400.0
            },
            {
              "x": 281.0,
              "y": 398.0
            },
            {
              "x": 282.0,
              "y": 397.0
            },
            {
              "x": 283.0,
              "y": 391.0
            },
            {
              "x": 292.0,
              "y": 383.0
            },
            {
              "x": 295.0,
              "y": 382.0
            },
            {
              "x": 297.0,
              "y": 380.0
            },
            {
              "x": 303.0,
              "y": 377.0
            },
            {
              "x": 303.0,
              "y": 372.0
            },
            {
              "x": 301.0,
              "y": 370.0
            },
            {
              "x": 301.0,
              "y": 367.0
            },
            {
              "x": 304.0,
              "y": 365.0
            },
            {
              "x": 309.0,
              "y": 365.0
            },
            {
              "x": 310.0,
              "y": 366.0
            },
            {
              "x": 312.0,
              "y": 366.0
            },
            {
              "x": 317.0,
              "y": 362.0
            },
            {
              "x": 318.0,
              "y": 358.0
            },
            {
              "x": 320.0,
              "y": 356.0
            },
            {
              "x": 320.0,
              "y": 353.0
            },
            {
              "x": 321.0,
              "y": 352.0
            },
            {
              "x": 321.0,
              "y": 346.0
            },
            {
              "x": 320.0,
              "y": 345.0
            },
            {
              "x": 320.0,
              "y": 343.0
            },
            {
              "x": 318.0,
              "y": 341.0
            },
            {
              "x": 318.0,
              "y": 339.0
            },
            {
              "x": 314.0,
              "y": 335.0
            },
            {
              "x": 309.0,
              "y": 333.0
            },
            {
              "x": 307.0,
              "y": 331.0
            },
            {
              "x": 305.0,
              "y": 331.0
            },
            {
              "x": 304.0,
              "y": 330.0
            },
            {
              "x": 299.0,
              "y": 330.0
            },
            {
              "x": 297.0,
              "y": 329.0
            },
            {
              "x": 295.0,
              "y": 327.0
            },
            {
              "x": 294.0,
              "y": 321.0
            },
            {
              "x": 292.0,
              "y": 319.0
            },
            {
              "x": 290.0,
              "y": 314.0
            },
            {
              "x": 286.0,
              "y": 310.0
            },
            {
              "x": 284.0,
              "y": 310.0
            },
            {
              "x": 278.0,
              "y": 307.0
            },
            {
              "x": 273.0,
              "y": 307.0
            },
            {
              "x": 272.0,
              "y": 306.0
            },
            {
              "x": 270.0,
              "y": 306.0
            },
            {
              "x": 268.0,
              "y": 304.0
            },
            {
              "x": 267.0,
              "y": 302.0
            },
            {
              "x": 267.0,
              "y": 299.0
            },
            {
              "x": 265.0,
              "y": 297.0
            },
            {
              "x": 265.0,
              "y": 295.0
            },
            {
              "x": 263.0,
              "y": 291.0
            },
            {
              "x": 260.0,
              "y": 288.0
            },
            {
              "x": 260.0,
              "y": 287.0
            },
            {
              "x": 259.0,
              "y": 286.0
            },
            {
              "x": 257.0,
              "y": 286.0
            },
            {
              "x": 255.0,
              "y": 284.0
            },
            {
              "x": 251.0,
              "y": 282.0
            },
            {
              "x": 245.0,
              "y": 281.0
            },
            {
              "x": 242.0,
              "y": 278.0
            },
            {
              "x": 242.0,
              "y": 276.0
            },
            {
              "x": 239.0,
              "y": 272.0
            },
            {
              "x": 238.0,
              "y": 269.0
            },
            {
              "x": 232.0,
              "y": 263.0
            },
            {
              "x": 231.0,
              "y": 263.0
            },
            {
              "x": 228.0,
              "y": 260.0
            },
            {
              "x": 224.0,
              "y": 258.0
            },
            {
              "x": 221.0,
              "y": 258.0
            },
            {
              "x": 219.0,
              "y": 257.0
            },
            {
              "x": 217.0,
              "y": 255.0
            },
            {
              "x": 215.0,
              "y": 250.0
            },
            {
              "x": 208.0,
              "y": 243.0
            },
            {
              "x": 198.0,
              "y": 238.0
            },
            {
              "x": 196.0,
              "y": 235.0
            },
            {
              "x": 196.0,
              "y": 233.0
            },
            {
              "x": 194.0,
              "y": 231.0
            },
            {
              "x": 191.0,
              "y": 225.0
            },
            {
              "x": 187.0,
              "y": 221.0
            },
            {
              "x": 180.0,
              "y": 217.0
            },
            {
              "x": 176.0,
              "y": 213.0
            },
            {
              "x": 176.0,
              "y": 211.0
            },
            {
              "x": 175.0,
              "y": 210.0
            },
            {
              "x": 174.0,
              "y": 206.0
            },
            {
              "x": 169.0,
              "y": 201.0
            },
            {
              "x": 168.0,
              "y": 201.0
            },
            {
              "x": 162.0,
              "y": 196.0
            },
            {
              "x": 160.0,
              "y": 196.0
            },
            {
              "x": 151.0,
              "y": 191.0
            },
            {
              "x": 150.0,
              "y": 190.0
            },
            {
              "x": 149.0,
              "y": 186.0
            },
            {
              "x": 147.0,
              "y": 184.0
            },
            {
              "x": 145.0,
              "y": 180.0
            },
            {
              "x": 143.0,
              "y": 178.0
            },
            {
              "x": 142.0,
              "y": 178.0
            },
            {
              "x": 135.0,
              "y": 171.0
            },
            {
              "x": 129.0,
              "y": 168.0
            },
            {
              "x": 123.0,
              "y": 168.0
            },
            {
              "x": 120.0,
              "y": 172.0
            },
            {
              "x": 120.0,
              "y": 180.0
            },
            {
              "x": 118.0,
              "y": 183.0
            },
            {
              "x": 116.0,
              "y": 183.0
            },
            {
              "x": 112.0,
              "y": 180.0
            },
            {
              "x": 110.0,
              "y": 180.0
            },
            {
              "x": 109.0,
              "y": 179.0
            },
            {
              "x": 104.0,
              "y": 179.0
            },
            {
              "x": 103.0,
              "y": 178.0
            },
            {
              "x": 100.0,
              "y": 178.0
            },
            {
              "x": 99.0,
              "y": 179.0
            }
          ]
        ]
      },
      "properties": [],
      "slot_names": [
        "0"
      ]
    }
  ]
}