{
  "version": "2.0",
  "schema_ref": "https://darwin-public.s3.eu-west-1.amazonaws.com/darwin_json/2.0/schema.json",
  "item": {
    "name": "fusilli.4qegu7r8.ingestion-5fd995d986-9zbdz.jpg",
    "path": "/",
    "source_info": {
      "item_id": "018ea5b6-384e-f29a-c1da-ba60e974994e",
      "dataset": {
        "name": "Pasta",
        "slug": "pasta",
        "dataset_management_url": "https://darwin.v7labs.com/datasets/735230/dataset-management"
      },
      "team": {
        "name": "Salvino",
        "slug": "salvino"
      },
      "workview_url": "https://darwin.v7labs.com/workview?dataset=735230&item=018ea5b6-384e-f29a-c1da-ba60e974994e"
    },
    "slots": [
      {
        "type": "image",
        "slot_name": "0",
        "width": 512,
        "height": 512,
        "thumbnail_url": "https://darwin.v7labs.com/api/v2/teams/salvino/files/91496131-80a8-43d6-a224-8b841edb33b3/thumbnail",
        "source_files": [
          {
            "file_name": "fusilli.4qegu7r8.ingestion-5fd995d986-9zbdz.jpg",
            "url": "https://darwin.v7labs.com/api/v2/teams/salvino/uploads/88eef3b9-8679-4026-9410-727eb61ba26f"
          }
        ]
      }
    ]
  },
  "annotations": [
    {
      "bounding_box": {
        "h": 248.0,
        "w": 185.0,
        "x": 132.0,
        "y": 140.0
      },
      "id": "efb6f68e-1ba9-4ed4-b92e-322d687c7543",
      "name": "Fusilli",
      "polygon": {
        "paths": [
          [
            {
              "x": 143.0,
              "y": 140.0
            },
            {
              "x": 141.0,
              "y": 141.0
            },
            {
              "x": 140.0,
              "y": 143.0
            },
            {
              "x": 140.0,
              "y": 146.0
            },
            {
              "x": 142.0,
              "y": 148.0
            },
            {
              "x": 142.0,
              "y": 149.0
            },
            {
              "x": 143.0,
              "y": 149.0
            },
            {
              "x": 147.0,
              "y": 153.0
            },
            {
              "x": 150.0,
              "y": 154.0
            },
            {
              "x": 154.0,
              "y": 158.0
            },
            {
              "x": 154.0,
              "y": 161.0
            },
            {
              "x": 151.0,
              "y": 165.0
            },
            {
              "x": 143.0,
              "y": 168.0
            },
            {
              "x": 140.0,
              "y": 171.0
            },
            {
              "x": 137.0,
              "y": 172.0
            },
            {
              "x": 132.0,
              "y": 177.0
            },
            {
              "x": 132.0,
              "y": 184.0
            },
            {
              "x": 135.0,
              "y": 190.0
            },
            {
              "x": 136.0,
              "y": 195.0
            },
            {
              "x": 138.0,
              "y": 199.0
            },
            {
              "x": 142.0,
              "y": 204.0
            },
            {
              "x": 144.0,
              "y": 204.0
            },
            {
              "x": 145.0,
              "y": 205.0
            },
            {
              "x": 150.0,
              "y": 205.0
            },
            {
              "x": 151.0,
              "y": 204.0
            },
            {
              "x": 153.0,
              "y": 204.0
            },
            {
              "x": 157.0,
              "y": 202.0
            },
            {
              "x": 159.0,
              "y": 202.0
            },
            {
              "x": 160.0,
              "y": 203.0
            },
            {
              "x": 160.0,
              "y": 205.0
            },
            {
              "x": 159.0,
              "y": 206.0
            },
            {
              "x": 159.0,
              "y": 210.0
            },
            {
              "x": 158.0,
              "y": 211.0
            },
            {
              "x": 158.0,
              "y": 213.0
            },
            {
              "x": 155.0,
              "y": 219.0
            },
            {
              "x": 155.0,
              "y": 226.0
            },
            {
              "x": 158.0,
              "y": 229.0
            },
            {
              "x": 164.0,
              "y": 229.0
            },
            {
              "x": 175.0,
              "y": 223.0
            },
            {
              "x": 176.0,
              "y": 224.0
            },
            {
              "x": 176.0,
              "y": 227.0
            },
            {
              "x": 174.0,
              "y": 230.0
            },
            {
              "x": 174.0,
              "y": 234.0
            },
            {
              "x": 170.0,
              "y": 239.0
            },
            {
              "x": 170.0,
              "y": 241.0
            },
            {
              "x": 169.0,
              "y": 242.0
            },
            {
              "x": 169.0,
              "y": 251.0
            },
            {
              "x": 171.0,
              "y": 253.0
            },
            {
              "x": 173.0,
              "y": 253.0
            },
            {
              "x": 174.0,
              "y": 254.0
            },
            {
              "x": 176.0,
              "y": 254.0
            },
            {
              "x": 177.0,
              "y": 253.0
            },
            {
              "x": 181.0,
              "y": 253.0
            },
            {
              "x": 185.0,
              "y": 251.0
            },
            {
              "x": 188.0,
              "y": 251.0
            },
            {
              "x": 189.0,
              "y": 252.0
            },
            {
              "x": 188.0,
              "y": 257.0
            },
            {
              "x": 182.0,
              "y": 265.0
            },
            {
              "x": 180.0,
              "y": 274.0
            },
            {
              "x": 183.0,
              "y": 278.0
            },
            {
              "x": 192.0,
              "y": 278.0
            },
            {
              "x": 193.0,
              "y": 277.0
            },
            {
              "x": 196.0,
              "y": 277.0
            },
            {
              "x": 200.0,
              "y": 275.0
            },
            {
              "x": 205.0,
              "y": 275.0
            },
            {
              "x": 206.0,
              "y": 276.0
            },
            {
              "x": 204.0,
              "y": 280.0
            },
            {
              "x": 204.0,
              "y": 283.0
            },
            {
              "x": 202.0,
              "y": 285.0
            },
            {
              "x": 198.0,
              "y": 293.0
            },
            {
              "x": 197.0,
              "y": 302.0
            },
            {
              "x": 200.0,
              "y": 306.0
            },
            {
              "x": 209.0,
              "y": 306.0
            },
            {
              "x": 210.0,
              "y": 305.0
            },
            {
              "x": 213.0,
              "y": 305.0
            },
            {
              "x": 216.0,
              "y": 303.0
            },
            {
              "x": 219.0,
              "y": 303.0
            },
            {
              "x": 220.0,
              "y": 302.0
            },
            {
              "x": 222.0,
              "y": 302.0
            },
            {
              "x": 223.0,
              "y": 303.0
            },
            {
              "x": 223.0,
              "y": 305.0
            },
            {
              "x": 221.0,
              "y": 309.0
            },
            {
              "x": 221.0,
              "y": 312.0
            },
            {
              "x": 216.0,
              "y": 320.0
            },
            {
              "x": 216.0,
              "y": 324.0
            },
            {
              "x": 215.0,
              "y": 325.0
            },
            {
              "x": 215.0,
              "y": 331.0
            },
            {
              "x": 218.0,
              "y": 335.0
            },
            {
              "x": 221.0,
              "y": 335.0
            },
            {
              "x": 222.0,
              "y": 336.0
            },
            {
              "x": 232.0,
              "y": 335.0
            },
            {
              "x": 233.0,
              "y": 334.0
            },
            {
              "x": 237.0,
              "y": 334.0
            },
            {
              "x": 238.0,
              "y": 335.0
            },
            {
              "x": 238.0,
              "y": 339.0
            },
            {
              "x": 236.0,
              "y": 343.0
            },
            {
              "x": 234.0,
              "y": 345.0
            },
            {
              "x": 234.0,
              "y": 347.0
            },
            {
              "x": 233.0,
              "y": 348.0
            },
            {
              "x": 233.0,
              "y": 351.0
            },
            {
              "x": 232.0,
              "y": 352.0
            },
            {
              "x": 232.0,
              "y": 359.0
            },
            {
              "x": 235.0,
              "y": 363.0
            },
            {
              "x": 237.0,
              "y": 364.0
            },
            {
              "x": 240.0,
              "y": 364.0
            },
            {
              "x": 241.0,
              "y": 365.0
            },
            {
              "x": 242.0,
              "y": 364.0
            },
            {
              "x": 248.0,
              "y": 364.0
            },
            {
              "x": 249.0,
              "y": 363.0
            },
            {
              "x": 254.0,
              "y": 363.0
            },
            {
              "x": 255.0,
              "y": 364.0
            },
            {
              "x": 255.0,
              "y": 369.0
            },
            {
              "x": 252.0,
              "y": 374.0
            },
            {
              "x": 252.0,
              "y": 380.0
            },
            {
              "x": 253.0,
              "y": 381.0
            },
            {
              "x": 253.0,
              "y": 385.0
            },
            {
              "x": 256.0,
              "y": 388.0
            },
            {
              "x": 262.0,
              "y": 388.0
            },
            {
              "x": 264.0,
              "y": 387.0
            },
            {
              "x": 269.0,
              "y": 381.0
            },
            {
              "x": 272.0,
              "y": 375.0
            },
            {
              "x": 272.0,
              "y": 373.0
            },
            {
              "x": 275.0,
              "y": 369.0
            },
            {
              "x": 275.0,
              "y": 367.0
            },
            {
              "x": 277.0,
              "y": 365.0
            },
            {
              "x": 277.0,
              "y": 364.0
            },
            {
              "x": 287.0,
              "y": 357.0
            },
            {
              "x": 289.0,
              "y": 356.0
            },
            {
              "x": 292.0,
              "y": 356.0
            },
            {
              "x": 293.0,
              "y": 357.0
            },
            {
              "x": 297.0,
              "y": 357.0
            },
            {
              "x": 298.0,
              "y": 358.0
            },
            {
              "x": 301.0,
              "y": 358.0
            },
            {
              "x": 302.0,
              "y": 359.0
            },
            {
              "x": 309.0,
              "y": 359.0
            },
            {
              "x": 313.0,
              "y": 355.0
            },
            {
              "x": 317.0,
              "y": 347.0
            },
            {
              "x": 317.0,
              "y": 331.0
            },
            {
              "x": 316.0,
              "y": 330.0
            },
            {
              "x": 316.0,
              "y": 328.0
            },
            {
              "x": 308.0,
              "y": 319.0
            },
            {
              "x": 302.0,
              "y": 316.0
            },
            {
              "x": 300.0,
              "y": 316.0
            },
            {
              "x": 297.0,
              "y": 313.0
            },
            {
              "x": 297.0,
              "y": 305.0
            },
            {
              "x": 296.0,
              "y": 304.0
            },
            {
              "x": 295.0,
              "y": 300.0
            },
            {
              "x": 289.0,
              "y": 293.0
            },
            {
              "x": 281.0,
              "y": 289.0
            },
            {
              "x": 280.0,
              "y": 287.0
            },
            {
              "x": 280.0,
              "y": 283.0
            },
            {
              "x": 279.0,
              "y": 282.0
            },
            {
              "x": 279.0,
              "y": 278.0
            },
            {
              "x": 277.0,
              "y": 275.0
            },
            {
              "x": 276.0,
              "y": 271.0
            },
            {
              "x": 268.0,
              "y": 263.0
            },
            {
              "x": 265.0,
              "y": 262.0
            },
            {
              "x": 263.0,
              "y": 260.0
            },
            {
              "x": 262.0,
              "y": 258.0
            },
            {
              "x": 262.0,
              "y": 254.0
            },
            {
              "x": 261.0,
              "y": 253.0
            },
            {
              "x": 261.0,
              "y": 251.0
            },
            {
              "x": 259.0,
              "y": 247.0
            },
            {
              "x": 258.0,
              "y": 247.0
            },
            {
              "x": 257.0,
              "y": 245.0
            },
            {
              "x": 251.0,
              "y": 239.0
            },
            {
              "x": 247.0,
              "y": 237.0
            },
            {
              "x": 246.0,
              "y": 235.0
            },
            {
              "x": 246.0,
              "y": 230.0
            },
            {
              "x": 245.0,
              "y": 229.0
            },
            {
              "x": 245.0,
              "y": 227.0
            },
            {
              "x": 244.0,
              "y": 226.0
            },
            {
              "x": 243.0,
              "y": 222.0
            },
            {
              "x": 235.0,
              "y": 213.0
            },
            {
              "x": 232.0,
              "y": 212.0
            },
            {
              "x": 230.0,
              "y": 210.0
            },
            {
              "x": 229.0,
              "y": 200.0
            },
            {
              "x": 227.0,
              "y": 196.0
            },
            {
              "x": 224.0,
              "y": 193.0
            },
            {
              "x": 224.0,
              "y": 192.0
            },
            {
              "x": 212.0,
              "y": 181.0
            },
            {
              "x": 209.0,
              "y": 175.0
            },
            {
              "x": 202.0,
              "y": 168.0
            },
            {
              "x": 201.0,
              "y": 168.0
            },
            {
              "x": 196.0,
              "y": 164.0
            },
            {
              "x": 194.0,
              "y": 164.0
            },
            {
              "x": 188.0,
              "y": 159.0
            },
            {
              "x": 183.0,
              "y": 157.0
            },
            {
              "x": 177.0,
              "y": 151.0
            },
            {
              "x": 173.0,
              "y": 149.0
            },
            {
              "x": 168.0,
              "y": 149.0
            },
            {
              "x": 158.0,
              "y": 142.0
            },
            {
              "x": 156.0,
              "y": 142.0
            },
            {
              "x": 152.0,
              "y": 140.0
            }
          ]
        ]
      },
      "properties": [],
      "slot_names": [
        "0"
      ]
    }
  ]
}