{
  "version": "2.0",
  "schema_ref": "https://darwin-public.s3.eu-west-1.amazonaws.com/darwin_json/2.0/schema.json",
  "item": {
    "name": "fusilli.4qegv13d.ingestion-5fd995d986-fwdsf.jpg",
    "path": "/",
    "source_info": {
      "item_id": "018ea5b6-384e-569a-d0a8-f5bfce634ea6",
      "dataset": {
        "name": "Pasta",
        "slug": "pasta",
        "dataset_management_url": "https://darwin.v7labs.com/datasets/735230/dataset-management"
      },
      "team": {
        "name": "Salvino",
        "slug": "salvino"
      },
      "workview_url": "https://darwin.v7labs.com/workview?dataset=735230&item=018ea5b6-384e-569a-d0a8-f5bfce634ea6"
    },
    "slots": [
      {
        "type": "image",
        "slot_name": "0",
        "width": 512,
        "height": 512,
        "thumbnail_url": "https://darwin.v7labs.com/api/v2/teams/salvino/files/435e8711-f3e7-4425-8f20-de03d4347228/thumbnail",
        "source_files": [
          {
            "file_name": "fusilli.4qegv13d.ingestion-5fd995d986-fwdsf.jpg",
            "url": "https://darwin.v7labs.com/api/v2/teams/salvino/uploads/191ff9a4-14ff-4e53-9594-b1f71692197f"
          }
        ]
      }
    ]
  },
  "annotations": [
    {
      "bounding_box": {
        "h": 188.0,
        "w": 367.0,
        "x": 43.0,
        "y": 145.0
      },
      "id": "b31accb9-f111-4405-8ad5-907ad127ec82",
      "name": "Fusilli",
      "polygon": {
        "paths": [
          [
            {
              "x": 409.0,
              "y": 189.0
            },
            {
              "x": 406.0,
              "y": 185.0
            },
            {
              "x": 404.0,
              "y": 185.0
            },
            {
              "x": 403.0,
              "y": 184.0
            },
            {
              "x": 399.0,
              "y": 184.0
            },
            {
              "x": 398.0,
              "y": 183.0
            },
            {
              "x": 392.0,
              "y": 183.0
            },
            {
              "x": 391.0,
              "y": 182.0
            },
            {
              "x": 389.0,
              "y": 182.0
            },
            {
              "x": 387.0,
              "y": 180.0
            },
            {
              "x": 387.0,
              "y": 173.0
            },
            {
              "x": 389.0,
              "y": 171.0
            },
            {
              "x": 392.0,
              "y": 165.0
            },
            {
              "x": 392.0,
              "y": 162.0
            },
            {
              "x": 393.0,
              "y": 160.0
            },
            {
              "x": 392.0,
              "y": 159.0
            },
            {
              "x": 392.0,
              "y": 156.0
            },
            {
              "x": 390.0,
              "y": 154.0
            },
            {
              "x": 390.0,
              "y": 152.0
            },
            {
              "x": 387.0,
              "y": 149.0
            },
            {
              "x": 387.0,
              "y": 148.0
            },
            {
              "x": 385.0,
              "y": 148.0
            },
            {
              "x": 383.0,
              "y": 146.0
            },
            {
              "x": 381.0,
              "y": 146.0
            },
            {
              "x": 380.0,
              "y": 145.0
            },
            {
              "x": 376.0,
              "y": 145.0
            },
            {
              "x": 368.0,
              "y": 149.0
            },
            {
              "x": 364.0,
              "y": 153.0
            },
            {
              "x": 364.0,
              "y": 154.0
            },
            {
              "x": 361.0,
              "y": 157.0
            },
            {
              "x": 360.0,
              "y": 160.0
            },
            {
              "x": 358.0,
              "y": 161.0
            },
            {
              "x": 356.0,
              "y": 165.0
            },
            {
              "x": 354.0,
              "y": 165.0
            },
            {
              "x": 343.0,
              "y": 155.0
            },
            {
              "x": 340.0,
              "y": 155.0
            },
            {
              "x": 339.0,
              "y": 154.0
            },
            {
              "x": 333.0,
              "y": 154.0
            },
            {
              "x": 332.0,
              "y": 155.0
            },
            {
              "x": 330.0,
              "y": 155.0
            },
            {
              "x": 321.0,
              "y": 163.0
            },
            {
              "x": 321.0,
              "y": 164.0
            },
            {
              "x": 317.0,
              "y": 168.0
            },
            {
              "x": 317.0,
              "y": 170.0
            },
            {
              "x": 312.0,
              "y": 175.0
            },
            {
              "x": 301.0,
              "y": 165.0
            },
            {
              "x": 299.0,
              "y": 165.0
            },
            {
              "x": 294.0,
              "y": 162.0
            },
            {
              "x": 288.0,
              "y": 162.0
            },
            {
              "x": 287.0,
              "y": 163.0
            },
            {
              "x": 285.0,
              "y": 163.0
            },
            {
              "x": 279.0,
              "y": 168.0
            },
            {
              "x": 279.0,
              "y": 169.0
            },
            {
              "x": 273.0,
              "y": 176.0
            },
            {
              "x": 273.0,
              "y": 177.0
            },
            {
              "x": 268.0,
              "y": 184.0
            },
            {
              "x": 266.0,
              "y": 184.0
            },
            {
              "x": 265.0,
              "y": 182.0
            },
            {
              "x": 263.0,
              "y": 182.0
            },
            {
              "x": 260.0,
              "y": 178.0
            },
            {
              "x": 254.0,
              "y": 175.0
            },
            {
              "x": 239.0,
              "y": 175.0
            },
            {
              "x": 238.0,
              "y": 177.0
            },
            {
              "x": 235.0,
              "y": 178.0
            },
            {
              "x": 235.0,
              "y": 180.0
            },
            {
              "x": 232.0,
              "y": 183.0
            },
            {
              "x": 231.0,
              "y": 186.0
            },
            {
              "x": 229.0,
              "y": 188.0
            },
            {
              "x": 229.0,
              "y": 190.0
            },
            {
              "x": 224.0,
              "y": 197.0
            },
            {
              "x": 223.0,
              "y": 197.0
            },
            {
              "x": 221.0,
              "y": 195.0
            },
            {
              "x": 219.0,
              "y": 195.0
            },
            {
              "x": 216.0,
              "y": 192.0
            },
            {
              "x": 214.0,
              "y": 192.0
            },
            {
              "x": 211.0,
              "y": 190.0
            },
            {
              "x": 208.0,
              "y": 190.0
            },
            {
              "x": 207.0,
              "y": 189.0
            },
            {
              "x": 200.0,
              "y": 189.0
            },
            {
              "x": 196.0,
              "y": 192.0
            },
            {
              "x": 195.0,
              "y": 192.0
            },
            {
              "x": 195.0,
              "y": 193.0
            },
            {
              "x": 191.0,
              "y": 196.0
            },
            {
              "x": 191.0,
              "y": 198.0
            },
            {
              "x": 189.0,
              "y": 199.0
            },
            {
              "x": 188.0,
              "y": 202.0
            },
            {
              "x": 185.0,
              "y": 205.0
            },
            {
              "x": 185.0,
              "y": 207.0
            },
            {
              "x": 180.0,
              "y": 212.0
            },
            {
              "x": 178.0,
              "y": 212.0
            },
            {
              "x": 173.0,
              "y": 209.0
            },
            {
              "x": 168.0,
              "y": 209.0
            },
            {
              "x": 167.0,
              "y": 208.0
            },
            {
              "x": 164.0,
              "y": 208.0
            },
            {
              "x": 163.0,
              "y": 207.0
            },
            {
              "x": 161.0,
              "y": 207.0
            },
            {
              "x": 160.0,
              "y": 208.0
            },
            {
              "x": 156.0,
              "y": 208.0
            },
            {
              "x": 155.0,
              "y": 209.0
            },
            {
              "x": 152.0,
              "y": 209.0
            },
            {
              "x": 147.0,
              "y": 213.0
            },
            {
              "x": 147.0,
              "y": 214.0
            },
            {
              "x": 141.0,
              "y": 221.0
            },
            {
              "x": 141.0,
              "y": 223.0
            },
            {
              "x": 138.0,
              "y": 226.0
            },
            {
              "x": 136.0,
              "y": 227.0
            },
            {
              "x": 134.0,
              "y": 227.0
            },
            {
              "x": 133.0,
              "y": 226.0
            },
            {
              "x": 120.0,
              "y": 226.0
            },
            {
              "x": 116.0,
              "y": 229.0
            },
            {
              "x": 114.0,
              "y": 229.0
            },
            {
              "x": 106.0,
              "y": 237.0
            },
            {
              "x": 106.0,
              "y": 238.0
            },
            {
              "x": 104.0,
              "y": 239.0
            },
            {
              "x": 103.0,
              "y": 242.0
            },
            {
              "x": 100.0,
              "y": 246.0
            },
            {
              "x": 96.0,
              "y": 248.0
            },
            {
              "x": 93.0,
              "y": 248.0
            },
            {
              "x": 92.0,
              "y": 249.0
            },
            {
              "x": 86.0,
              "y": 249.0
            },
            {
              "x": 78.0,
              "y": 253.0
            },
            {
              "x": 75.0,
              "y": 253.0
            },
            {
              "x": 71.0,
              "y": 256.0
            },
            {
              "x": 69.0,
              "y": 256.0
            },
            {
              "x": 67.0,
              "y": 258.0
            },
            {
              "x": 66.0,
              "y": 258.0
            },
            {
              "x": 65.0,
              "y": 260.0
            },
            {
              "x": 63.0,
              "y": 260.0
            },
            {
              "x": 62.0,
              "y": 262.0
            },
            {
              "x": 59.0,
              "y": 263.0
            },
            {
              "x": 57.0,
              "y": 265.0
            },
            {
              "x": 53.0,
              "y": 267.0
            },
            {
              "x": 53.0,
              "y": 268.0
            },
            {
              "x": 51.0,
              "y": 270.0
            },
            {
              "x": 49.0,
              "y": 270.0
            },
            {
              "x": 49.0,
              "y": 271.0
            },
            {
              "x": 47.0,
              "y": 273.0
            },
            {
              "x": 46.0,
              "y": 273.0
            },
            {
              "x": 45.0,
              "y": 276.0
            },
            {
              "x": 43.0,
              "y": 277.0
            },
            {
              "x": 43.0,
              "y": 286.0
            },
            {
              "x": 44.0,
              "y": 286.0
            },
            {
              "x": 47.0,
              "y": 289.0
            },
            {
              "x": 52.0,
              "y": 289.0
            },
            {
              "x": 53.0,
              "y": 290.0
            },
            {
              "x": 55.0,
              "y": 290.0
            },
            {
              "x": 59.0,
              "y": 292.0
            },
            {
              "x": 63.0,
              "y": 292.0
            },
            {
              "x": 65.0,
              "y": 293.0
            },
            {
              "x": 69.0,
              "y": 297.0
            },
            {
              "x": 69.0,
              "y": 299.0
            },
            {
              "x": 67.0,
              "y": 300.0
            },
            {
              "x": 66.0,
              "y": 303.0
            },
            {
              "x": 63.0,
              "y": 306.0
            },
            {
              "x": 59.0,
              "y": 314.0
            },
            {
              "x": 59.0,
              "y": 323.0
            },
            {
              "x": 60.0,
              "y": 324.0
            },
            {
              "x": 60.0,
              "y": 326.0
            },
            {
              "x": 64.0,
              "y": 331.0
            },
            {
              "x": 68.0,
              "y": 333.0
            },
            {
              "x": 75.0,
              "y": 333.0
            },
            {
              "x": 76.0,
              "y": 332.0
            },
            {
              "x": 78.0,
              "y": 332.0
            },
            {
              "x": 80.0,
              "y": 330.0
            },
            {
              "x": 92.0,
              "y": 329.0
            },
            {
              "x": 98.0,
              "y": 326.0
            },
            {
              "x": 103.0,
              "y": 326.0
            },
            {
              "x": 104.0,
              "y": 325.0
            },
            {
              "x": 107.0,
              "y": 325.0
            },
            {
              "x": 111.0,
              "y": 323.0
            },
            {
              "x": 143.0,
              "y": 323.0
            },
            {
              "x": 144.0,
              "y": 322.0
            },
            {
              "x": 146.0,
              "y": 322.0
            },
            {
              "x": 150.0,
              "y": 320.0
            },
            {
              "x": 153.0,
              "y": 314.0
            },
            {
              "x": 153.0,
              "y": 301.0
            },
            {
              "x": 155.0,
              "y": 299.0
            },
            {
              "x": 159.0,
              "y": 300.0
            },
            {
              "x": 162.0,
              "y": 303.0
            },
            {
              "x": 165.0,
              "y": 303.0
            },
            {
              "x": 166.0,
              "y": 304.0
            },
            {
              "x": 169.0,
              "y": 304.0
            },
            {
              "x": 170.0,
              "y": 305.0
            },
            {
              "x": 173.0,
              "y": 305.0
            },
            {
              "x": 174.0,
              "y": 306.0
            },
            {
              "x": 181.0,
              "y": 306.0
            },
            {
              "x": 187.0,
              "y": 303.0
            },
            {
              "x": 187.0,
              "y": 302.0
            },
            {
              "x": 190.0,
              "y": 299.0
            },
            {
              "x": 190.0,
              "y": 298.0
            },
            {
              "x": 192.0,
              "y": 296.0
            },
            {
              "x": 192.0,
              "y": 293.0
            },
            {
              "x": 194.0,
              "y": 290.0
            },
            {
              "x": 194.0,
              "y": 287.0
            },
            {
              "x": 195.0,
              "y": 286.0
            },
            {
              "x": 201.0,
              "y": 286.0
            },
            {
              "x": 207.0,
              "y": 289.0
            },
            {
              "x": 221.0,
              "y": 289.0
            },
            {
              "x": 228.0,
              "y": 284.0
            },
            {
              "x": 228.0,
              "y": 283.0
            },
            {
              "x": 231.0,
              "y": 279.0
            },
            {
              "x": 232.0,
              "y": 275.0
            },
            {
              "x": 235.0,
              "y": 271.0
            },
            {
              "x": 241.0,
              "y": 271.0
            },
            {
              "x": 242.0,
              "y": 272.0
            },
            {
              "x": 259.0,
              "y": 272.0
            },
            {
              "x": 260.0,
              "y": 271.0
            },
            {
              "x": 262.0,
              "y": 271.0
            },
            {
              "x": 268.0,
              "y": 266.0
            },
            {
              "x": 268.0,
              "y": 265.0
            },
            {
              "x": 272.0,
              "y": 261.0
            },
            {
              "x": 272.0,
              "y": 259.0
            },
            {
              "x": 273.0,
              "y": 258.0
            },
            {
              "x": 278.0,
              "y": 258.0
            },
            {
              "x": 279.0,
              "y": 259.0
            },
            {
              "x": 282.0,
              "y": 259.0
            },
            {
              "x": 283.0,
              "y": 260.0
            },
            {
              "x": 286.0,
              "y": 260.0
            },
            {
              "x": 287.0,
              "y": 261.0
            },
            {
              "x": 293.0,
              "y": 261.0
            },
            {
              "x": 294.0,
              "y": 260.0
            },
            {
              "x": 301.0,
              "y": 259.0
            },
            {
              "x": 313.0,
              "y": 248.0
            },
            {
              "x": 316.0,
              "y": 248.0
            },
            {
              "x": 322.0,
              "y": 252.0
            },
            {
              "x": 329.0,
              "y": 252.0
            },
            {
              "x": 330.0,
              "y": 253.0
            },
            {
              "x": 332.0,
              "y": 253.0
            },
            {
              "x": 333.0,
              "y": 252.0
            },
            {
              "x": 339.0,
              "y": 252.0
            },
            {
              "x": 343.0,
              "y": 250.0
            },
            {
              "x": 344.0,
              "y": 248.0
            },
            {
              "x": 346.0,
              "y": 248.0
            },
            {
              "x": 346.0,
              "y": 247.0
            },
            {
              "x": 348.0,
              "y": 245.0
            },
            {
              "x": 349.0,
              "y": 245.0
            },
            {
              "x": 351.0,
              "y": 242.0
            },
            {
              "x": 353.0,
              "y": 241.0
            },
            {
              "x": 361.0,
              "y": 242.0
            },
            {
              "x": 367.0,
              "y": 245.0
            },
            {
              "x": 380.0,
              "y": 245.0
            },
            {
              "x": 384.0,
              "y": 242.0
            },
            {
              "x": 387.0,
              "y": 242.0
            },
            {
              "x": 388.0,
              "y": 240.0
            },
            {
              "x": 389.0,
              "y": 240.0
            },
            {
              "x": 393.0,
              "y": 236.0
            },
            {
              "x": 394.0,
              "y": 236.0
            },
            {
              "x": 395.0,
              "y": 234.0
            },
            {
              "x": 397.0,
              "y": 233.0
            },
            {
              "x": 402.0,
              "y": 228.0
            },
            {
              "x": 403.0,
              "y": 228.0
            },
            {
              "x": 404.0,
              "y": 226.0
            },
            {
              "x": 404.0,
              "y": 223.0
            },
            {
              "x": 405.0,
              "y": 222.0
            },
            {
              "x": 406.0,
              "y": 216.0
            },
            {
              "x": 407.0,
              "y": 215.0
            },
            {
              "x": 407.0,
              "y": 209.0
            },
            {
              "x": 408.0,
              "y": 208.0
            },
            {
              "x": 408.0,
              "y": 205.0
            },
            {
              "x": 409.0,
              "y": 204.0
            },
            {
              "x": 409.0,
              "y": 195.0
            },
            {
              "x": 410.0,
              "y": 194.0
            },
            {
              "x": 409.0,
              "y": 193.0
            }
          ]
        ]
      },
      "properties": [],
      "slot_names": [
        "0"
      ]
    }
  ]
}