{
  "version": "2.0",
  "schema_ref": "https://darwin-public.s3.eu-west-1.amazonaws.com/darwin_json/2.0/schema.json",
  "item": {
    "name": "fusilli.4qegv5jj.ingestion-5fd995d986-l5rgx.jpg",
    "path": "/",
    "source_info": {
      "item_id": "018ea5b6-384e-bffb-4b96-858ee5ce338b",
      "dataset": {
        "name": "Pasta",
        "slug": "pasta",
        "dataset_management_url": "https://darwin.v7labs.com/datasets/735230/dataset-management"
      },
      "team": {
        "name": "Salvino",
        "slug": "salvino"
      },
      "workview_url": "https://darwin.v7labs.com/workview?dataset=735230&item=018ea5b6-384e-bffb-4b96-858ee5ce338b"
    },
    "slots": [
      {
        "type": "image",
        "slot_name": "0",
        "width": 512,
        "height": 512,
        "thumbnail_url": "https://darwin.v7labs.com/api/v2/teams/salvino/files/7aff904b-207d-41e1-bfad-e8f403d5671b/thumbnail",
        "source_files": [
          {
            "file_name": "fusilli.4qegv5jj.ingestion-5fd995d986-l5rgx.jpg",
            "url": "https://darwin.v7labs.com/api/v2/teams/salvino/uploads/1c6ad83c-a81d-44f7-92f5-50acc4ef5b66"
          }
        ]
      }
    ]
  },
  "annotations": [
    {
      "bounding_box": {
        "h": 258.0,
        "w": 220.0,
        "x": 139.0,
        "y": 181.0
      },
      "id": "e56a62b3-bdd3-47ad-b874-d240d67a9657",
      "name": "Fusilli",
      "polygon": {
        "paths": [
          [
            {
              "x": 323.0,
              "y": 181.0
            },
            {
              "x": 314.0,
              "y": 181.0
            },
            {
              "x": 310.0,
              "y": 184.0
            },
            {
              "x": 309.0,
              "y": 184.0
            },
            {
              "x": 307.0,
              "y": 188.0
            },
            {
              "x": 307.0,
              "y": 191.0
            },
            {
              "x": 305.0,
              "y": 194.0
            },
            {
              "x": 305.0,
              "y": 198.0
            },
            {
              "x": 303.0,
              "y": 202.0
            },
            {
              "x": 297.0,
              "y": 202.0
            },
            {
              "x": 296.0,
              "y": 201.0
            },
            {
              "x": 294.0,
              "y": 201.0
            },
            {
              "x": 293.0,
              "y": 202.0
            },
            {
              "x": 289.0,
              "y": 202.0
            },
            {
              "x": 285.0,
              "y": 204.0
            },
            {
              "x": 283.0,
              "y": 208.0
            },
            {
              "x": 281.0,
              "y": 210.0
            },
            {
              "x": 281.0,
              "y": 213.0
            },
            {
              "x": 280.0,
              "y": 214.0
            },
            {
              "x": 280.0,
              "y": 221.0
            },
            {
              "x": 279.0,
              "y": 222.0
            },
            {
              "x": 279.0,
              "y": 224.0
            },
            {
              "x": 277.0,
              "y": 226.0
            },
            {
              "x": 274.0,
              "y": 226.0
            },
            {
              "x": 273.0,
              "y": 225.0
            },
            {
              "x": 267.0,
              "y": 225.0
            },
            {
              "x": 266.0,
              "y": 226.0
            },
            {
              "x": 262.0,
              "y": 226.0
            },
            {
              "x": 260.0,
              "y": 228.0
            },
            {
              "x": 257.0,
              "y": 229.0
            },
            {
              "x": 254.0,
              "y": 235.0
            },
            {
              "x": 254.0,
              "y": 239.0
            },
            {
              "x": 253.0,
              "y": 240.0
            },
            {
              "x": 253.0,
              "y": 249.0
            },
            {
              "x": 252.0,
              "y": 250.0
            },
            {
              "x": 250.0,
              "y": 251.0
            },
            {
              "x": 241.0,
              "y": 251.0
            },
            {
              "x": 240.0,
              "y": 252.0
            },
            {
              "x": 237.0,
              "y": 252.0
            },
            {
              "x": 230.0,
              "y": 257.0
            },
            {
              "x": 229.0,
              "y": 261.0
            },
            {
              "x": 228.0,
              "y": 262.0
            },
            {
              "x": 228.0,
              "y": 264.0
            },
            {
              "x": 227.0,
              "y": 265.0
            },
            {
              "x": 227.0,
              "y": 277.0
            },
            {
              "x": 225.0,
              "y": 279.0
            },
            {
              "x": 219.0,
              "y": 279.0
            },
            {
              "x": 218.0,
              "y": 280.0
            },
            {
              "x": 215.0,
              "y": 280.0
            },
            {
              "x": 213.0,
              "y": 282.0
            },
            {
              "x": 209.0,
              "y": 284.0
            },
            {
              "x": 208.0,
              "y": 287.0
            },
            {
              "x": 206.0,
              "y": 289.0
            },
            {
              "x": 206.0,
              "y": 305.0
            },
            {
              "x": 203.0,
              "y": 308.0
            },
            {
              "x": 198.0,
              "y": 308.0
            },
            {
              "x": 195.0,
              "y": 310.0
            },
            {
              "x": 191.0,
              "y": 311.0
            },
            {
              "x": 191.0,
              "y": 312.0
            },
            {
              "x": 189.0,
              "y": 313.0
            },
            {
              "x": 185.0,
              "y": 317.0
            },
            {
              "x": 183.0,
              "y": 321.0
            },
            {
              "x": 183.0,
              "y": 334.0
            },
            {
              "x": 180.0,
              "y": 337.0
            },
            {
              "x": 175.0,
              "y": 338.0
            },
            {
              "x": 175.0,
              "y": 339.0
            },
            {
              "x": 173.0,
              "y": 340.0
            },
            {
              "x": 168.0,
              "y": 345.0
            },
            {
              "x": 166.0,
              "y": 349.0
            },
            {
              "x": 166.0,
              "y": 352.0
            },
            {
              "x": 165.0,
              "y": 353.0
            },
            {
              "x": 165.0,
              "y": 363.0
            },
            {
              "x": 164.0,
              "y": 365.0
            },
            {
              "x": 162.0,
              "y": 366.0
            },
            {
              "x": 155.0,
              "y": 374.0
            },
            {
              "x": 155.0,
              "y": 375.0
            },
            {
              "x": 152.0,
              "y": 378.0
            },
            {
              "x": 151.0,
              "y": 381.0
            },
            {
              "x": 149.0,
              "y": 382.0
            },
            {
              "x": 149.0,
              "y": 384.0
            },
            {
              "x": 142.0,
              "y": 398.0
            },
            {
              "x": 142.0,
              "y": 401.0
            },
            {
              "x": 141.0,
              "y": 402.0
            },
            {
              "x": 141.0,
              "y": 405.0
            },
            {
              "x": 140.0,
              "y": 406.0
            },
            {
              "x": 140.0,
              "y": 410.0
            },
            {
              "x": 139.0,
              "y": 411.0
            },
            {
              "x": 140.0,
              "y": 416.0
            },
            {
              "x": 144.0,
              "y": 418.0
            },
            {
              "x": 146.0,
              "y": 418.0
            },
            {
              "x": 149.0,
              "y": 416.0
            },
            {
              "x": 154.0,
              "y": 415.0
            },
            {
              "x": 159.0,
              "y": 412.0
            },
            {
              "x": 164.0,
              "y": 412.0
            },
            {
              "x": 165.0,
              "y": 413.0
            },
            {
              "x": 165.0,
              "y": 424.0
            },
            {
              "x": 166.0,
              "y": 425.0
            },
            {
              "x": 166.0,
              "y": 429.0
            },
            {
              "x": 169.0,
              "y": 435.0
            },
            {
              "x": 170.0,
              "y": 435.0
            },
            {
              "x": 175.0,
              "y": 439.0
            },
            {
              "x": 181.0,
              "y": 439.0
            },
            {
              "x": 186.0,
              "y": 435.0
            },
            {
              "x": 187.0,
              "y": 435.0
            },
            {
              "x": 188.0,
              "y": 432.0
            },
            {
              "x": 190.0,
              "y": 431.0
            },
            {
              "x": 190.0,
              "y": 429.0
            },
            {
              "x": 192.0,
              "y": 426.0
            },
            {
              "x": 192.0,
              "y": 423.0
            },
            {
              "x": 193.0,
              "y": 422.0
            },
            {
              "x": 193.0,
              "y": 419.0
            },
            {
              "x": 194.0,
              "y": 417.0
            },
            {
              "x": 196.0,
              "y": 415.0
            },
            {
              "x": 197.0,
              "y": 415.0
            },
            {
              "x": 200.0,
              "y": 411.0
            },
            {
              "x": 201.0,
              "y": 411.0
            },
            {
              "x": 205.0,
              "y": 408.0
            },
            {
              "x": 207.0,
              "y": 408.0
            },
            {
              "x": 212.0,
              "y": 405.0
            },
            {
              "x": 214.0,
              "y": 405.0
            },
            {
              "x": 222.0,
              "y": 401.0
            },
            {
              "x": 228.0,
              "y": 395.0
            },
            {
              "x": 228.0,
              "y": 389.0
            },
            {
              "x": 226.0,
              "y": 387.0
            },
            {
              "x": 226.0,
              "y": 385.0
            },
            {
              "x": 222.0,
              "y": 379.0
            },
            {
              "x": 224.0,
              "y": 377.0
            },
            {
              "x": 231.0,
              "y": 377.0
            },
            {
              "x": 234.0,
              "y": 375.0
            },
            {
              "x": 242.0,
              "y": 373.0
            },
            {
              "x": 242.0,
              "y": 372.0
            },
            {
              "x": 245.0,
              "y": 370.0
            },
            {
              "x": 246.0,
              "y": 368.0
            },
            {
              "x": 246.0,
              "y": 358.0
            },
            {
              "x": 244.0,
              "y": 354.0
            },
            {
              "x": 245.0,
              "y": 351.0
            },
            {
              "x": 246.0,
              "y": 350.0
            },
            {
              "x": 249.0,
              "y": 350.0
            },
            {
              "x": 250.0,
              "y": 349.0
            },
            {
              "x": 253.0,
              "y": 349.0
            },
            {
              "x": 256.0,
              "y": 347.0
            },
            {
              "x": 258.0,
              "y": 347.0
            },
            {
              "x": 263.0,
              "y": 343.0
            },
            {
              "x": 263.0,
              "y": 342.0
            },
            {
              "x": 265.0,
              "y": 340.0
            },
            {
              "x": 265.0,
              "y": 328.0
            },
            {
              "x": 264.0,
              "y": 327.0
            },
            {
              "x": 264.0,
              "y": 324.0
            },
            {
              "x": 266.0,
              "y": 322.0
            },
            {
              "x": 270.0,
              "y": 322.0
            },
            {
              "x": 275.0,
              "y": 319.0
            },
            {
              "x": 277.0,
              "y": 319.0
            },
            {
              "x": 283.0,
              "y": 315.0
            },
            {
              "x": 286.0,
              "y": 309.0
            },
            {
              "x": 286.0,
              "y": 304.0
            },
            {
              "x": 285.0,
              "y": 303.0
            },
            {
              "x": 285.0,
              "y": 300.0
            },
            {
              "x": 288.0,
              "y": 297.0
            },
            {
              "x": 296.0,
              "y": 296.0
            },
            {
              "x": 300.0,
              "y": 293.0
            },
            {
              "x": 301.0,
              "y": 293.0
            },
            {
              "x": 306.0,
              "y": 288.0
            },
            {
              "x": 307.0,
              "y": 286.0
            },
            {
              "x": 307.0,
              "y": 283.0
            },
            {
              "x": 308.0,
              "y": 282.0
            },
            {
              "x": 308.0,
              "y": 277.0
            },
            {
              "x": 309.0,
              "y": 276.0
            },
            {
              "x": 311.0,
              "y": 275.0
            },
            {
              "x": 317.0,
              "y": 275.0
            },
            {
              "x": 318.0,
              "y": 274.0
            },
            {
              "x": 323.0,
              "y": 273.0
            },
            {
              "x": 325.0,
              "y": 271.0
            },
            {
              "x": 326.0,
              "y": 271.0
            },
            {
              "x": 331.0,
              "y": 264.0
            },
            {
              "x": 331.0,
              "y": 262.0
            },
            {
              "x": 332.0,
              "y": 261.0
            },
            {
              "x": 332.0,
              "y": 256.0
            },
            {
              "x": 334.0,
              "y": 254.0
            },
            {
              "x": 338.0,
              "y": 252.0
            },
            {
              "x": 345.0,
              "y": 252.0
            },
            {
              "x": 346.0,
              "y": 251.0
            },
            {
              "x": 348.0,
              "y": 251.0
            },
            {
              "x": 350.0,
              "y": 249.0
            },
            {
              "x": 354.0,
              "y": 247.0
            },
            {
              "x": 355.0,
              "y": 243.0
            },
            {
              "x": 357.0,
              "y": 241.0
            },
            {
              "x": 358.0,
              "y": 235.0
            },
            {
              "x": 359.0,
              "y": 234.0
            },
            {
              "x": 359.0,
              "y": 223.0
            },
            {
              "x": 358.0,
              "y": 222.0
            },
            {
              "x": 358.0,
              "y": 218.0
            },
            {
              "x": 357.0,
              "y": 217.0
            },
            {
              "x": 357.0,
              "y": 215.0
            },
            {
              "x": 355.0,
              "y": 213.0
            },
            {
              "x": 355.0,
              "y": 211.0
            },
            {
              "x": 351.0,
              "y": 206.0
            },
            {
              "x": 351.0,
              "y": 205.0
            },
            {
              "x": 342.0,
              "y": 205.0
            },
            {
              "x": 339.0,
              "y": 207.0
            },
            {
              "x": 335.0,
              "y": 207.0
            },
            {
              "x": 331.0,
              "y": 203.0
            },
            {
              "x": 330.0,
              "y": 200.0
            },
            {
              "x": 327.0,
              "y": 196.0
            },
            {
              "x": 327.0,
              "y": 194.0
            },
            {
              "x": 326.0,
              "y": 193.0
            },
            {
              "x": 326.0,
              "y": 186.0
            },
            {
              "x": 325.0,
              "y": 185.0
            },
            {
              "x": 325.0,
              "y": 183.0
            }
          ]
        ]
      },
      "properties": [],
      "slot_names": [
        "0"
      ]
    }
  ]
}