{
  "version": "2.0",
  "schema_ref": "https://darwin-public.s3.eu-west-1.amazonaws.com/darwin_json/2.0/schema.json",
  "item": {
    "name": "fusilli.4qegu165.ingestion-5fd995d986-9zbdz.jpg",
    "path": "/",
    "source_info": {
      "item_id": "018ea5b6-3845-6800-8795-34579e7bdaca",
      "dataset": {
        "name": "Pasta",
        "slug": "pasta",
        "dataset_management_url": "https://darwin.v7labs.com/datasets/735230/dataset-management"
      },
      "team": {
        "name": "Salvino",
        "slug": "salvino"
      },
      "workview_url": "https://darwin.v7labs.com/workview?dataset=735230&item=018ea5b6-3845-6800-8795-34579e7bdaca"
    },
    "slots": [
      {
        "type": "image",
        "slot_name": "0",
        "width": 512,
        "height": 512,
        "thumbnail_url": "https://darwin.v7labs.com/api/v2/teams/salvino/files/ecc86d4d-1a76-4cf7-9d3b-58fe1a71c493/thumbnail",
        "source_files": [
          {
            "file_name": "fusilli.4qegu165.ingestion-5fd995d986-9zbdz.jpg",
            "url": "https://darwin.v7labs.com/api/v2/teams/salvino/uploads/c88ccaaf-0edd-4974-a098-5ce049e810b1"
          }
        ]
      }
    ]
  },
  "annotations": [
    {
      "bounding_box": {
        "h": 91.0,
        "w": 307.0,
        "x": 68.0,
        "y": 209.0
      },
      "id": "4dc3770c-41a1-4b45-81a3-6e1047625987",
      "name": "Fusilli",
      "polygon": {
        "paths": [
          [
            {
              "x": 375.0,
              "y": 234.0
            },
            {
              "x": 373.0,
              "y": 232.0
            },
            {
              "x": 373.0,
              "y": 231.0
            },
            {
              "x": 368.0,
              "y": 227.0
            },
            {
              "x": 366.0,
              "y": 223.0
            },
            {
              "x": 366.0,
              "y": 220.0
            },
            {
              "x": 364.0,
              "y": 218.0
            },
            {
              "x": 364.0,
              "y": 217.0
            },
            {
              "x": 360.0,
              "y": 213.0
            },
            {
              "x": 352.0,
              "y": 209.0
            },
            {
              "x": 345.0,
              "y": 209.0
            },
            {
              "x": 342.0,
              "y": 211.0
            },
            {
              "x": 340.0,
              "y": 211.0
            },
            {
              "x": 338.0,
              "y": 213.0
            },
            {
              "x": 337.0,
              "y": 213.0
            },
            {
              "x": 330.0,
              "y": 220.0
            },
            {
              "x": 328.0,
              "y": 220.0
            },
            {
              "x": 326.0,
              "y": 218.0
            },
            {
              "x": 322.0,
              "y": 216.0
            },
            {
              "x": 321.0,
              "y": 214.0
            },
            {
              "x": 315.0,
              "y": 211.0
            },
            {
              "x": 306.0,
              "y": 211.0
            },
            {
              "x": 298.0,
              "y": 218.0
            },
            {
              "x": 297.0,
              "y": 218.0
            },
            {
              "x": 296.0,
              "y": 220.0
            },
            {
              "x": 292.0,
              "y": 220.0
            },
            {
              "x": 290.0,
              "y": 218.0
            },
            {
              "x": 289.0,
              "y": 218.0
            },
            {
              "x": 288.0,
              "y": 216.0
            },
            {
              "x": 286.0,
              "y": 216.0
            },
            {
              "x": 282.0,
              "y": 213.0
            },
            {
              "x": 279.0,
              "y": 213.0
            },
            {
              "x": 278.0,
              "y": 212.0
            },
            {
              "x": 272.0,
              "y": 211.0
            },
            {
              "x": 271.0,
              "y": 212.0
            },
            {
              "x": 266.0,
              "y": 213.0
            },
            {
              "x": 263.0,
              "y": 216.0
            },
            {
              "x": 262.0,
              "y": 216.0
            },
            {
              "x": 262.0,
              "y": 217.0
            },
            {
              "x": 260.0,
              "y": 218.0
            },
            {
              "x": 259.0,
              "y": 220.0
            },
            {
              "x": 257.0,
              "y": 220.0
            },
            {
              "x": 252.0,
              "y": 216.0
            },
            {
              "x": 250.0,
              "y": 216.0
            },
            {
              "x": 245.0,
              "y": 213.0
            },
            {
              "x": 235.0,
              "y": 213.0
            },
            {
              "x": 225.0,
              "y": 221.0
            },
            {
              "x": 221.0,
              "y": 220.0
            },
            {
              "x": 216.0,
              "y": 216.0
            },
            {
              "x": 210.0,
              "y": 213.0
            },
            {
              "x": 198.0,
              "y": 213.0
            },
            {
              "x": 196.0,
              "y": 214.0
            },
            {
              "x": 196.0,
              "y": 215.0
            },
            {
              "x": 194.0,
              "y": 216.0
            },
            {
              "x": 190.0,
              "y": 220.0
            },
            {
              "x": 186.0,
              "y": 220.0
            },
            {
              "x": 181.0,
              "y": 216.0
            },
            {
              "x": 179.0,
              "y": 216.0
            },
            {
              "x": 174.0,
              "y": 213.0
            },
            {
              "x": 171.0,
              "y": 213.0
            },
            {
              "x": 170.0,
              "y": 212.0
            },
            {
              "x": 165.0,
              "y": 212.0
            },
            {
              "x": 164.0,
              "y": 213.0
            },
            {
              "x": 159.0,
              "y": 213.0
            },
            {
              "x": 156.0,
              "y": 216.0
            },
            {
              "x": 155.0,
              "y": 216.0
            },
            {
              "x": 150.0,
              "y": 220.0
            },
            {
              "x": 146.0,
              "y": 219.0
            },
            {
              "x": 145.0,
              "y": 218.0
            },
            {
              "x": 142.0,
              "y": 218.0
            },
            {
              "x": 141.0,
              "y": 217.0
            },
            {
              "x": 133.0,
              "y": 217.0
            },
            {
              "x": 132.0,
              "y": 218.0
            },
            {
              "x": 129.0,
              "y": 218.0
            },
            {
              "x": 127.0,
              "y": 220.0
            },
            {
              "x": 125.0,
              "y": 220.0
            },
            {
              "x": 123.0,
              "y": 222.0
            },
            {
              "x": 118.0,
              "y": 224.0
            },
            {
              "x": 117.0,
              "y": 226.0
            },
            {
              "x": 115.0,
              "y": 226.0
            },
            {
              "x": 110.0,
              "y": 230.0
            },
            {
              "x": 92.0,
              "y": 230.0
            },
            {
              "x": 91.0,
              "y": 231.0
            },
            {
              "x": 88.0,
              "y": 231.0
            },
            {
              "x": 87.0,
              "y": 232.0
            },
            {
              "x": 82.0,
              "y": 232.0
            },
            {
              "x": 82.0,
              "y": 233.0
            },
            {
              "x": 80.0,
              "y": 234.0
            },
            {
              "x": 80.0,
              "y": 240.0
            },
            {
              "x": 82.0,
              "y": 242.0
            },
            {
              "x": 83.0,
              "y": 246.0
            },
            {
              "x": 81.0,
              "y": 248.0
            },
            {
              "x": 74.0,
              "y": 251.0
            },
            {
              "x": 68.0,
              "y": 258.0
            },
            {
              "x": 68.0,
              "y": 266.0
            },
            {
              "x": 70.0,
              "y": 268.0
            },
            {
              "x": 74.0,
              "y": 270.0
            },
            {
              "x": 83.0,
              "y": 270.0
            },
            {
              "x": 86.0,
              "y": 268.0
            },
            {
              "x": 92.0,
              "y": 268.0
            },
            {
              "x": 93.0,
              "y": 269.0
            },
            {
              "x": 93.0,
              "y": 272.0
            },
            {
              "x": 92.0,
              "y": 273.0
            },
            {
              "x": 92.0,
              "y": 282.0
            },
            {
              "x": 91.0,
              "y": 284.0
            },
            {
              "x": 92.0,
              "y": 285.0
            },
            {
              "x": 92.0,
              "y": 289.0
            },
            {
              "x": 93.0,
              "y": 291.0
            },
            {
              "x": 98.0,
              "y": 295.0
            },
            {
              "x": 103.0,
              "y": 295.0
            },
            {
              "x": 104.0,
              "y": 296.0
            },
            {
              "x": 109.0,
              "y": 296.0
            },
            {
              "x": 110.0,
              "y": 297.0
            },
            {
              "x": 119.0,
              "y": 297.0
            },
            {
              "x": 120.0,
              "y": 298.0
            },
            {
              "x": 126.0,
              "y": 298.0
            },
            {
              "x": 127.0,
              "y": 299.0
            },
            {
              "x": 135.0,
              "y": 298.0
            },
            {
              "x": 136.0,
              "y": 297.0
            },
            {
              "x": 138.0,
              "y": 297.0
            },
            {
              "x": 141.0,
              "y": 294.0
            },
            {
              "x": 141.0,
              "y": 293.0
            },
            {
              "x": 143.0,
              "y": 291.0
            },
            {
              "x": 143.0,
              "y": 288.0
            },
            {
              "x": 144.0,
              "y": 287.0
            },
            {
              "x": 145.0,
              "y": 288.0
            },
            {
              "x": 147.0,
              "y": 288.0
            },
            {
              "x": 150.0,
              "y": 291.0
            },
            {
              "x": 151.0,
              "y": 291.0
            },
            {
              "x": 156.0,
              "y": 295.0
            },
            {
              "x": 158.0,
              "y": 295.0
            },
            {
              "x": 160.0,
              "y": 297.0
            },
            {
              "x": 165.0,
              "y": 297.0
            },
            {
              "x": 166.0,
              "y": 298.0
            },
            {
              "x": 167.0,
              "y": 297.0
            },
            {
              "x": 170.0,
              "y": 297.0
            },
            {
              "x": 170.0,
              "y": 296.0
            },
            {
              "x": 172.0,
              "y": 295.0
            },
            {
              "x": 173.0,
              "y": 293.0
            },
            {
              "x": 174.0,
              "y": 293.0
            },
            {
              "x": 174.0,
              "y": 291.0
            },
            {
              "x": 176.0,
              "y": 289.0
            },
            {
              "x": 176.0,
              "y": 288.0
            },
            {
              "x": 178.0,
              "y": 287.0
            },
            {
              "x": 182.0,
              "y": 290.0
            },
            {
              "x": 183.0,
              "y": 290.0
            },
            {
              "x": 186.0,
              "y": 293.0
            },
            {
              "x": 187.0,
              "y": 293.0
            },
            {
              "x": 189.0,
              "y": 295.0
            },
            {
              "x": 191.0,
              "y": 295.0
            },
            {
              "x": 193.0,
              "y": 297.0
            },
            {
              "x": 197.0,
              "y": 297.0
            },
            {
              "x": 198.0,
              "y": 298.0
            },
            {
              "x": 200.0,
              "y": 297.0
            },
            {
              "x": 203.0,
              "y": 297.0
            },
            {
              "x": 205.0,
              "y": 296.0
            },
            {
              "x": 210.0,
              "y": 291.0
            },
            {
              "x": 213.0,
              "y": 291.0
            },
            {
              "x": 215.0,
              "y": 293.0
            },
            {
              "x": 216.0,
              "y": 293.0
            },
            {
              "x": 217.0,
              "y": 295.0
            },
            {
              "x": 218.0,
              "y": 295.0
            },
            {
              "x": 223.0,
              "y": 299.0
            },
            {
              "x": 226.0,
              "y": 299.0
            },
            {
              "x": 227.0,
              "y": 300.0
            },
            {
              "x": 232.0,
              "y": 300.0
            },
            {
              "x": 233.0,
              "y": 299.0
            },
            {
              "x": 235.0,
              "y": 299.0
            },
            {
              "x": 237.0,
              "y": 297.0
            },
            {
              "x": 238.0,
              "y": 297.0
            },
            {
              "x": 238.0,
              "y": 296.0
            },
            {
              "x": 240.0,
              "y": 295.0
            },
            {
              "x": 240.0,
              "y": 294.0
            },
            {
              "x": 242.0,
              "y": 293.0
            },
            {
              "x": 242.0,
              "y": 292.0
            },
            {
              "x": 244.0,
              "y": 290.0
            },
            {
              "x": 246.0,
              "y": 289.0
            },
            {
              "x": 247.0,
              "y": 289.0
            },
            {
              "x": 248.0,
              "y": 291.0
            },
            {
              "x": 249.0,
              "y": 291.0
            },
            {
              "x": 251.0,
              "y": 293.0
            },
            {
              "x": 252.0,
              "y": 293.0
            },
            {
              "x": 254.0,
              "y": 295.0
            },
            {
              "x": 261.0,
              "y": 299.0
            },
            {
              "x": 270.0,
              "y": 299.0
            },
            {
              "x": 272.0,
              "y": 297.0
            },
            {
              "x": 275.0,
              "y": 296.0
            },
            {
              "x": 278.0,
              "y": 293.0
            },
            {
              "x": 278.0,
              "y": 292.0
            },
            {
              "x": 280.0,
              "y": 291.0
            },
            {
              "x": 281.0,
              "y": 289.0
            },
            {
              "x": 285.0,
              "y": 289.0
            },
            {
              "x": 292.0,
              "y": 295.0
            },
            {
              "x": 294.0,
              "y": 295.0
            },
            {
              "x": 296.0,
              "y": 297.0
            },
            {
              "x": 298.0,
              "y": 297.0
            },
            {
              "x": 299.0,
              "y": 298.0
            },
            {
              "x": 307.0,
              "y": 298.0
            },
            {
              "x": 308.0,
              "y": 297.0
            },
            {
              "x": 311.0,
              "y": 297.0
            },
            {
              "x": 311.0,
              "y": 296.0
            },
            {
              "x": 313.0,
              "y": 295.0
            },
            {
              "x": 319.0,
              "y": 289.0
            },
            {
              "x": 332.0,
              "y": 297.0
            },
            {
              "x": 335.0,
              "y": 297.0
            },
            {
              "x": 336.0,
              "y": 298.0
            },
            {
              "x": 342.0,
              "y": 298.0
            },
            {
              "x": 343.0,
              "y": 297.0
            },
            {
              "x": 346.0,
              "y": 297.0
            },
            {
              "x": 348.0,
              "y": 295.0
            },
            {
              "x": 350.0,
              "y": 295.0
            },
            {
              "x": 350.0,
              "y": 294.0
            },
            {
              "x": 352.0,
              "y": 293.0
            },
            {
              "x": 352.0,
              "y": 292.0
            },
            {
              "x": 355.0,
              "y": 289.0
            },
            {
              "x": 358.0,
              "y": 289.0
            },
            {
              "x": 361.0,
              "y": 291.0
            },
            {
              "x": 363.0,
              "y": 291.0
            },
            {
              "x": 367.0,
              "y": 293.0
            },
            {
              "x": 370.0,
              "y": 293.0
            },
            {
              "x": 374.0,
              "y": 290.0
            },
            {
              "x": 375.0,
              "y": 288.0
            },
            {
              "x": 374.0,
              "y": 287.0
            },
            {
              "x": 374.0,
              "y": 285.0
            },
            {
              "x": 366.0,
              "y": 277.0
            },
            {
              "x": 365.0,
              "y": 273.0
            },
            {
              "x": 370.0,
              "y": 263.0
            },
            {
              "x": 370.0,
              "y": 260.0
            },
            {
              "x": 372.0,
              "y": 257.0
            },
            {
              "x": 372.0,
              "y": 255.0
            },
            {
              "x": 373.0,
              "y": 254.0
            },
            {
              "x": 373.0,
              "y": 250.0
            },
            {
              "x": 374.0,
              "y": 249.0
            },
            {
              "x": 374.0,
              "y": 246.0
            },
            {
              "x": 375.0,
              "y": 245.0
            }
          ]
        ]
      },
      "properties": [],
      "slot_names": [
        "0"
      ]
    }
  ]
}