{
  "version": "2.0",
  "schema_ref": "https://darwin-public.s3.eu-west-1.amazonaws.com/darwin_json/2.0/schema.json",
  "item": {
    "name": "fusilli.4qegtj1m.ingestion-5fd995d986-l5rgx.jpg",
    "path": "/",
    "source_info": {
      "item_id": "018ea5b6-384d-f9d4-27a2-25ce5858eca2",
      "dataset": {
        "name": "Pasta",
        "slug": "pasta",
        "dataset_management_url": "https://darwin.v7labs.com/datasets/735230/dataset-management"
      },
      "team": {
        "name": "Salvino",
        "slug": "salvino"
      },
      "workview_url": "https://darwin.v7labs.com/workview?dataset=735230&item=018ea5b6-384d-f9d4-27a2-25ce5858eca2"
    },
    "slots": [
      {
        "type": "image",
        "slot_name": "0",
        "width": 512,
        "height": 512,
        "thumbnail_url": "https://darwin.v7labs.com/api/v2/teams/salvino/files/236c3c68-bb87-4637-93e4-e2982e49710c/thumbnail",
        "source_files": [
          {
            "file_name": "fusilli.4qegtj1m.ingestion-5fd995d986-l5rgx.jpg",
            "url": "https://darwin.v7labs.com/api/v2/teams/salvino/uploads/5eda45fc-5906-4289-872b-161383fa9258"
          }
        ]
      }
    ]
  },
  "annotations": [
    {
      "bounding_box": {
        "h": 175.0,
        "w": 317.0,
        "x": 119.0,
        "y": 127.0
      },
      "id": "6ca9c3e0-4d2e-41ab-ab71-27ec8adff669",
      "name": "Fusilli",
      "polygon": {
        "paths": [
          [
            {
              "x": 119.0,
              "y": 137.0
            },
            {
              "x": 119.0,
              "y": 143.0
            },
            {
              "x": 121.0,
              "y": 145.0
            },
            {
              "x": 125.0,
              "y": 146.0
            },
            {
              "x": 126.0,
              "y": 147.0
            },
            {
              "x": 136.0,
              "y": 147.0
            },
            {
              "x": 140.0,
              "y": 151.0
            },
            {
              "x": 140.0,
              "y": 157.0
            },
            {
              "x": 138.0,
              "y": 160.0
            },
            {
              "x": 138.0,
              "y": 162.0
            },
            {
              "x": 136.0,
              "y": 164.0
            },
            {
              "x": 136.0,
              "y": 166.0
            },
            {
              "x": 134.0,
              "y": 167.0
            },
            {
              "x": 134.0,
              "y": 169.0
            },
            {
              "x": 130.0,
              "y": 176.0
            },
            {
              "x": 130.0,
              "y": 179.0
            },
            {
              "x": 128.0,
              "y": 182.0
            },
            {
              "x": 128.0,
              "y": 185.0
            },
            {
              "x": 129.0,
              "y": 187.0
            },
            {
              "x": 131.0,
              "y": 189.0
            },
            {
              "x": 131.0,
              "y": 190.0
            },
            {
              "x": 132.0,
              "y": 190.0
            },
            {
              "x": 136.0,
              "y": 194.0
            },
            {
              "x": 144.0,
              "y": 198.0
            },
            {
              "x": 146.0,
              "y": 198.0
            },
            {
              "x": 155.0,
              "y": 203.0
            },
            {
              "x": 167.0,
              "y": 203.0
            },
            {
              "x": 176.0,
              "y": 198.0
            },
            {
              "x": 179.0,
              "y": 201.0
            },
            {
              "x": 179.0,
              "y": 203.0
            },
            {
              "x": 181.0,
              "y": 207.0
            },
            {
              "x": 188.0,
              "y": 215.0
            },
            {
              "x": 192.0,
              "y": 217.0
            },
            {
              "x": 200.0,
              "y": 217.0
            },
            {
              "x": 202.0,
              "y": 215.0
            },
            {
              "x": 204.0,
              "y": 215.0
            },
            {
              "x": 206.0,
              "y": 213.0
            },
            {
              "x": 207.0,
              "y": 213.0
            },
            {
              "x": 210.0,
              "y": 216.0
            },
            {
              "x": 211.0,
              "y": 220.0
            },
            {
              "x": 214.0,
              "y": 223.0
            },
            {
              "x": 215.0,
              "y": 226.0
            },
            {
              "x": 216.0,
              "y": 226.0
            },
            {
              "x": 217.0,
              "y": 228.0
            },
            {
              "x": 219.0,
              "y": 229.0
            },
            {
              "x": 219.0,
              "y": 230.0
            },
            {
              "x": 223.0,
              "y": 231.0
            },
            {
              "x": 224.0,
              "y": 232.0
            },
            {
              "x": 232.0,
              "y": 232.0
            },
            {
              "x": 236.0,
              "y": 230.0
            },
            {
              "x": 239.0,
              "y": 230.0
            },
            {
              "x": 241.0,
              "y": 232.0
            },
            {
              "x": 241.0,
              "y": 234.0
            },
            {
              "x": 243.0,
              "y": 238.0
            },
            {
              "x": 247.0,
              "y": 243.0
            },
            {
              "x": 247.0,
              "y": 244.0
            },
            {
              "x": 248.0,
              "y": 244.0
            },
            {
              "x": 251.0,
              "y": 247.0
            },
            {
              "x": 264.0,
              "y": 247.0
            },
            {
              "x": 266.0,
              "y": 245.0
            },
            {
              "x": 268.0,
              "y": 245.0
            },
            {
              "x": 270.0,
              "y": 243.0
            },
            {
              "x": 273.0,
              "y": 243.0
            },
            {
              "x": 275.0,
              "y": 245.0
            },
            {
              "x": 279.0,
              "y": 254.0
            },
            {
              "x": 285.0,
              "y": 261.0
            },
            {
              "x": 287.0,
              "y": 262.0
            },
            {
              "x": 290.0,
              "y": 262.0
            },
            {
              "x": 291.0,
              "y": 263.0
            },
            {
              "x": 296.0,
              "y": 263.0
            },
            {
              "x": 297.0,
              "y": 262.0
            },
            {
              "x": 301.0,
              "y": 262.0
            },
            {
              "x": 304.0,
              "y": 260.0
            },
            {
              "x": 306.0,
              "y": 260.0
            },
            {
              "x": 308.0,
              "y": 258.0
            },
            {
              "x": 310.0,
              "y": 258.0
            },
            {
              "x": 311.0,
              "y": 260.0
            },
            {
              "x": 313.0,
              "y": 261.0
            },
            {
              "x": 313.0,
              "y": 263.0
            },
            {
              "x": 315.0,
              "y": 265.0
            },
            {
              "x": 319.0,
              "y": 273.0
            },
            {
              "x": 320.0,
              "y": 273.0
            },
            {
              "x": 325.0,
              "y": 277.0
            },
            {
              "x": 328.0,
              "y": 277.0
            },
            {
              "x": 329.0,
              "y": 278.0
            },
            {
              "x": 336.0,
              "y": 278.0
            },
            {
              "x": 337.0,
              "y": 277.0
            },
            {
              "x": 342.0,
              "y": 277.0
            },
            {
              "x": 344.0,
              "y": 275.0
            },
            {
              "x": 346.0,
              "y": 275.0
            },
            {
              "x": 349.0,
              "y": 278.0
            },
            {
              "x": 349.0,
              "y": 279.0
            },
            {
              "x": 351.0,
              "y": 280.0
            },
            {
              "x": 351.0,
              "y": 282.0
            },
            {
              "x": 354.0,
              "y": 285.0
            },
            {
              "x": 354.0,
              "y": 286.0
            },
            {
              "x": 355.0,
              "y": 286.0
            },
            {
              "x": 356.0,
              "y": 288.0
            },
            {
              "x": 358.0,
              "y": 289.0
            },
            {
              "x": 358.0,
              "y": 290.0
            },
            {
              "x": 362.0,
              "y": 292.0
            },
            {
              "x": 366.0,
              "y": 292.0
            },
            {
              "x": 367.0,
              "y": 293.0
            },
            {
              "x": 373.0,
              "y": 293.0
            },
            {
              "x": 374.0,
              "y": 292.0
            },
            {
              "x": 378.0,
              "y": 292.0
            },
            {
              "x": 381.0,
              "y": 290.0
            },
            {
              "x": 386.0,
              "y": 290.0
            },
            {
              "x": 390.0,
              "y": 294.0
            },
            {
              "x": 390.0,
              "y": 295.0
            },
            {
              "x": 394.0,
              "y": 299.0
            },
            {
              "x": 396.0,
              "y": 300.0
            },
            {
              "x": 396.0,
              "y": 301.0
            },
            {
              "x": 402.0,
              "y": 302.0
            },
            {
              "x": 403.0,
              "y": 301.0
            },
            {
              "x": 407.0,
              "y": 301.0
            },
            {
              "x": 409.0,
              "y": 299.0
            },
            {
              "x": 410.0,
              "y": 299.0
            },
            {
              "x": 412.0,
              "y": 297.0
            },
            {
              "x": 412.0,
              "y": 292.0
            },
            {
              "x": 410.0,
              "y": 289.0
            },
            {
              "x": 410.0,
              "y": 287.0
            },
            {
              "x": 408.0,
              "y": 285.0
            },
            {
              "x": 408.0,
              "y": 279.0
            },
            {
              "x": 407.0,
              "y": 278.0
            },
            {
              "x": 408.0,
              "y": 277.0
            },
            {
              "x": 408.0,
              "y": 272.0
            },
            {
              "x": 410.0,
              "y": 271.0
            },
            {
              "x": 412.0,
              "y": 267.0
            },
            {
              "x": 414.0,
              "y": 266.0
            },
            {
              "x": 414.0,
              "y": 265.0
            },
            {
              "x": 416.0,
              "y": 264.0
            },
            {
              "x": 427.0,
              "y": 252.0
            },
            {
              "x": 427.0,
              "y": 251.0
            },
            {
              "x": 431.0,
              "y": 246.0
            },
            {
              "x": 431.0,
              "y": 244.0
            },
            {
              "x": 433.0,
              "y": 243.0
            },
            {
              "x": 434.0,
              "y": 239.0
            },
            {
              "x": 436.0,
              "y": 237.0
            },
            {
              "x": 436.0,
              "y": 230.0
            },
            {
              "x": 434.0,
              "y": 228.0
            },
            {
              "x": 434.0,
              "y": 227.0
            },
            {
              "x": 432.0,
              "y": 227.0
            },
            {
              "x": 427.0,
              "y": 224.0
            },
            {
              "x": 427.0,
              "y": 221.0
            },
            {
              "x": 426.0,
              "y": 220.0
            },
            {
              "x": 426.0,
              "y": 218.0
            },
            {
              "x": 424.0,
              "y": 214.0
            },
            {
              "x": 417.0,
              "y": 208.0
            },
            {
              "x": 414.0,
              "y": 208.0
            },
            {
              "x": 413.0,
              "y": 207.0
            },
            {
              "x": 403.0,
              "y": 207.0
            },
            {
              "x": 402.0,
              "y": 208.0
            },
            {
              "x": 399.0,
              "y": 208.0
            },
            {
              "x": 396.0,
              "y": 210.0
            },
            {
              "x": 394.0,
              "y": 210.0
            },
            {
              "x": 390.0,
              "y": 212.0
            },
            {
              "x": 387.0,
              "y": 209.0
            },
            {
              "x": 387.0,
              "y": 205.0
            },
            {
              "x": 385.0,
              "y": 203.0
            },
            {
              "x": 385.0,
              "y": 201.0
            },
            {
              "x": 378.0,
              "y": 195.0
            },
            {
              "x": 366.0,
              "y": 194.0
            },
            {
              "x": 365.0,
              "y": 195.0
            },
            {
              "x": 361.0,
              "y": 195.0
            },
            {
              "x": 359.0,
              "y": 197.0
            },
            {
              "x": 353.0,
              "y": 197.0
            },
            {
              "x": 350.0,
              "y": 192.0
            },
            {
              "x": 350.0,
              "y": 190.0
            },
            {
              "x": 344.0,
              "y": 183.0
            },
            {
              "x": 338.0,
              "y": 180.0
            },
            {
              "x": 332.0,
              "y": 180.0
            },
            {
              "x": 331.0,
              "y": 179.0
            },
            {
              "x": 328.0,
              "y": 179.0
            },
            {
              "x": 327.0,
              "y": 180.0
            },
            {
              "x": 324.0,
              "y": 180.0
            },
            {
              "x": 321.0,
              "y": 182.0
            },
            {
              "x": 319.0,
              "y": 182.0
            },
            {
              "x": 316.0,
              "y": 180.0
            },
            {
              "x": 316.0,
              "y": 178.0
            },
            {
              "x": 314.0,
              "y": 177.0
            },
            {
              "x": 313.0,
              "y": 174.0
            },
            {
              "x": 311.0,
              "y": 172.0
            },
            {
              "x": 304.0,
              "y": 168.0
            },
            {
              "x": 302.0,
              "y": 168.0
            },
            {
              "x": 301.0,
              "y": 167.0
            },
            {
              "x": 290.0,
              "y": 167.0
            },
            {
              "x": 289.0,
              "y": 168.0
            },
            {
              "x": 284.0,
              "y": 168.0
            },
            {
              "x": 280.0,
              "y": 164.0
            },
            {
              "x": 280.0,
              "y": 162.0
            },
            {
              "x": 278.0,
              "y": 160.0
            },
            {
              "x": 278.0,
              "y": 159.0
            },
            {
              "x": 277.0,
              "y": 159.0
            },
            {
              "x": 276.0,
              "y": 157.0
            },
            {
              "x": 275.0,
              "y": 157.0
            },
            {
              "x": 273.0,
              "y": 155.0
            },
            {
              "x": 271.0,
              "y": 155.0
            },
            {
              "x": 267.0,
              "y": 152.0
            },
            {
              "x": 251.0,
              "y": 152.0
            },
            {
              "x": 250.0,
              "y": 153.0
            },
            {
              "x": 246.0,
              "y": 150.0
            },
            {
              "x": 246.0,
              "y": 148.0
            },
            {
              "x": 244.0,
              "y": 144.0
            },
            {
              "x": 243.0,
              "y": 144.0
            },
            {
              "x": 242.0,
              "y": 142.0
            },
            {
              "x": 241.0,
              "y": 142.0
            },
            {
              "x": 236.0,
              "y": 138.0
            },
            {
              "x": 232.0,
              "y": 137.0
            },
            {
              "x": 229.0,
              "y": 135.0
            },
            {
              "x": 211.0,
              "y": 135.0
            },
            {
              "x": 210.0,
              "y": 133.0
            },
            {
              "x": 209.0,
              "y": 133.0
            },
            {
              "x": 207.0,
              "y": 131.0
            },
            {
              "x": 203.0,
              "y": 129.0
            },
            {
              "x": 197.0,
              "y": 128.0
            },
            {
              "x": 196.0,
              "y": 127.0
            },
            {
              "x": 178.0,
              "y": 127.0
            },
            {
              "x": 177.0,
              "y": 128.0
            },
            {
              "x": 167.0,
              "y": 128.0
            },
            {
              "x": 166.0,
              "y": 129.0
            },
            {
              "x": 141.0,
              "y": 129.0
            },
            {
              "x": 137.0,
              "y": 131.0
            },
            {
              "x": 130.0,
              "y": 131.0
            },
            {
              "x": 127.0,
              "y": 133.0
            },
            {
              "x": 123.0,
              "y": 133.0
            },
            {
              "x": 123.0,
              "y": 134.0
            },
            {
              "x": 121.0,
              "y": 135.0
            }
          ]
        ]
      },
      "properties": [],
      "slot_names": [
        "0"
      ]
    }
  ]
}