{
  "version": "2.0",
  "schema_ref": "https://darwin-public.s3.eu-west-1.amazonaws.com/darwin_json/2.0/schema.json",
  "item": {
    "name": "fusilli.4qegu0b8.ingestion-5fd995d986-fwdsf.jpg",
    "path": "/",
    "source_info": {
      "item_id": "018ea5b6-384d-1b8a-f803-0e26644df86a",
      "dataset": {
        "name": "Pasta",
        "slug": "pasta",
        "dataset_management_url": "https://darwin.v7labs.com/datasets/735230/dataset-management"
      },
      "team": {
        "name": "Salvino",
        "slug": "salvino"
      },
      "workview_url": "https://darwin.v7labs.com/workview?dataset=735230&item=018ea5b6-384d-1b8a-f803-0e26644df86a"
    },
    "slots": [
      {
        "type": "image",
        "slot_name": "0",
        "width": 512,
        "height": 512,
        "thumbnail_url": "https://darwin.v7labs.com/api/v2/teams/salvino/files/c74bbd0f-166f-4fbf-8024-21668625d753/thumbnail",
        "source_files": [
          {
            "file_name": "fusilli.4qegu0b8.ingestion-5fd995d986-fwdsf.jpg",
            "url": "https://darwin.v7labs.com/api/v2/teams/salvino/uploads/9288544d-a675-45be-97f7-4e497669d77b"
          }
        ]
      }
    ]
  },
  "annotations": [
    {
      "bounding_box": {
        "h": 108.0,
        "w": 268.0,
        "x": 119.0,
        "y": 215.0
      },
      "id": "9982cdd7-c90e-441d-8485-ccdaeeed2d62",
      "name": "Fusilli",
      "polygon": {
        "paths": [
          [
            {
              "x": 119.0,
              "y": 241.0
            },
            {
              "x": 119.0,
              "y": 247.0
            },
            {
              "x": 122.0,
              "y": 249.0
            },
            {
              "x": 127.0,
              "y": 249.0
            },
            {
              "x": 128.0,
              "y": 248.0
            },
            {
              "x": 132.0,
              "y": 248.0
            },
            {
              "x": 133.0,
              "y": 247.0
            },
            {
              "x": 136.0,
              "y": 247.0
            },
            {
              "x": 138.0,
              "y": 249.0
            },
            {
              "x": 138.0,
              "y": 254.0
            },
            {
              "x": 136.0,
              "y": 257.0
            },
            {
              "x": 136.0,
              "y": 260.0
            },
            {
              "x": 135.0,
              "y": 261.0
            },
            {
              "x": 135.0,
              "y": 263.0
            },
            {
              "x": 133.0,
              "y": 267.0
            },
            {
              "x": 133.0,
              "y": 269.0
            },
            {
              "x": 135.0,
              "y": 273.0
            },
            {
              "x": 140.0,
              "y": 274.0
            },
            {
              "x": 142.0,
              "y": 276.0
            },
            {
              "x": 149.0,
              "y": 277.0
            },
            {
              "x": 155.0,
              "y": 280.0
            },
            {
              "x": 158.0,
              "y": 280.0
            },
            {
              "x": 161.0,
              "y": 282.0
            },
            {
              "x": 169.0,
              "y": 282.0
            },
            {
              "x": 171.0,
              "y": 280.0
            },
            {
              "x": 173.0,
              "y": 280.0
            },
            {
              "x": 175.0,
              "y": 277.0
            },
            {
              "x": 179.0,
              "y": 275.0
            },
            {
              "x": 180.0,
              "y": 277.0
            },
            {
              "x": 182.0,
              "y": 278.0
            },
            {
              "x": 183.0,
              "y": 281.0
            },
            {
              "x": 189.0,
              "y": 287.0
            },
            {
              "x": 191.0,
              "y": 288.0
            },
            {
              "x": 196.0,
              "y": 288.0
            },
            {
              "x": 197.0,
              "y": 287.0
            },
            {
              "x": 199.0,
              "y": 287.0
            },
            {
              "x": 204.0,
              "y": 282.0
            },
            {
              "x": 206.0,
              "y": 281.0
            },
            {
              "x": 217.0,
              "y": 293.0
            },
            {
              "x": 219.0,
              "y": 294.0
            },
            {
              "x": 227.0,
              "y": 294.0
            },
            {
              "x": 234.0,
              "y": 290.0
            },
            {
              "x": 238.0,
              "y": 294.0
            },
            {
              "x": 240.0,
              "y": 298.0
            },
            {
              "x": 245.0,
              "y": 302.0
            },
            {
              "x": 254.0,
              "y": 302.0
            },
            {
              "x": 255.0,
              "y": 301.0
            },
            {
              "x": 257.0,
              "y": 301.0
            },
            {
              "x": 258.0,
              "y": 299.0
            },
            {
              "x": 261.0,
              "y": 298.0
            },
            {
              "x": 263.0,
              "y": 296.0
            },
            {
              "x": 265.0,
              "y": 296.0
            },
            {
              "x": 269.0,
              "y": 300.0
            },
            {
              "x": 271.0,
              "y": 304.0
            },
            {
              "x": 273.0,
              "y": 305.0
            },
            {
              "x": 274.0,
              "y": 307.0
            },
            {
              "x": 276.0,
              "y": 307.0
            },
            {
              "x": 278.0,
              "y": 309.0
            },
            {
              "x": 286.0,
              "y": 309.0
            },
            {
              "x": 288.0,
              "y": 307.0
            },
            {
              "x": 292.0,
              "y": 305.0
            },
            {
              "x": 295.0,
              "y": 302.0
            },
            {
              "x": 298.0,
              "y": 302.0
            },
            {
              "x": 301.0,
              "y": 306.0
            },
            {
              "x": 301.0,
              "y": 307.0
            },
            {
              "x": 305.0,
              "y": 311.0
            },
            {
              "x": 305.0,
              "y": 312.0
            },
            {
              "x": 308.0,
              "y": 313.0
            },
            {
              "x": 312.0,
              "y": 316.0
            },
            {
              "x": 318.0,
              "y": 316.0
            },
            {
              "x": 319.0,
              "y": 315.0
            },
            {
              "x": 322.0,
              "y": 315.0
            },
            {
              "x": 327.0,
              "y": 311.0
            },
            {
              "x": 329.0,
              "y": 311.0
            },
            {
              "x": 331.0,
              "y": 312.0
            },
            {
              "x": 338.0,
              "y": 320.0
            },
            {
              "x": 342.0,
              "y": 321.0
            },
            {
              "x": 343.0,
              "y": 322.0
            },
            {
              "x": 345.0,
              "y": 322.0
            },
            {
              "x": 346.0,
              "y": 323.0
            },
            {
              "x": 350.0,
              "y": 322.0
            },
            {
              "x": 351.0,
              "y": 321.0
            },
            {
              "x": 354.0,
              "y": 321.0
            },
            {
              "x": 358.0,
              "y": 318.0
            },
            {
              "x": 360.0,
              "y": 318.0
            },
            {
              "x": 361.0,
              "y": 317.0
            },
            {
              "x": 370.0,
              "y": 323.0
            },
            {
              "x": 372.0,
              "y": 323.0
            },
            {
              "x": 376.0,
              "y": 321.0
            },
            {
              "x": 377.0,
              "y": 320.0
            },
            {
              "x": 377.0,
              "y": 315.0
            },
            {
              "x": 373.0,
              "y": 310.0
            },
            {
              "x": 372.0,
              "y": 305.0
            },
            {
              "x": 373.0,
              "y": 303.0
            },
            {
              "x": 375.0,
              "y": 302.0
            },
            {
              "x": 375.0,
              "y": 301.0
            },
            {
              "x": 378.0,
              "y": 298.0
            },
            {
              "x": 378.0,
              "y": 296.0
            },
            {
              "x": 383.0,
              "y": 289.0
            },
            {
              "x": 384.0,
              "y": 284.0
            },
            {
              "x": 387.0,
              "y": 278.0
            },
            {
              "x": 387.0,
              "y": 272.0
            },
            {
              "x": 386.0,
              "y": 270.0
            },
            {
              "x": 385.0,
              "y": 270.0
            },
            {
              "x": 383.0,
              "y": 268.0
            },
            {
              "x": 383.0,
              "y": 260.0
            },
            {
              "x": 382.0,
              "y": 259.0
            },
            {
              "x": 382.0,
              "y": 257.0
            },
            {
              "x": 380.0,
              "y": 253.0
            },
            {
              "x": 379.0,
              "y": 253.0
            },
            {
              "x": 377.0,
              "y": 251.0
            },
            {
              "x": 377.0,
              "y": 250.0
            },
            {
              "x": 375.0,
              "y": 250.0
            },
            {
              "x": 372.0,
              "y": 248.0
            },
            {
              "x": 369.0,
              "y": 248.0
            },
            {
              "x": 366.0,
              "y": 250.0
            },
            {
              "x": 363.0,
              "y": 250.0
            },
            {
              "x": 361.0,
              "y": 252.0
            },
            {
              "x": 359.0,
              "y": 252.0
            },
            {
              "x": 355.0,
              "y": 255.0
            },
            {
              "x": 352.0,
              "y": 255.0
            },
            {
              "x": 350.0,
              "y": 253.0
            },
            {
              "x": 348.0,
              "y": 249.0
            },
            {
              "x": 344.0,
              "y": 245.0
            },
            {
              "x": 342.0,
              "y": 244.0
            },
            {
              "x": 338.0,
              "y": 244.0
            },
            {
              "x": 337.0,
              "y": 243.0
            },
            {
              "x": 336.0,
              "y": 244.0
            },
            {
              "x": 332.0,
              "y": 244.0
            },
            {
              "x": 331.0,
              "y": 245.0
            },
            {
              "x": 329.0,
              "y": 245.0
            },
            {
              "x": 325.0,
              "y": 248.0
            },
            {
              "x": 320.0,
              "y": 248.0
            },
            {
              "x": 317.0,
              "y": 242.0
            },
            {
              "x": 316.0,
              "y": 242.0
            },
            {
              "x": 313.0,
              "y": 239.0
            },
            {
              "x": 309.0,
              "y": 237.0
            },
            {
              "x": 299.0,
              "y": 237.0
            },
            {
              "x": 297.0,
              "y": 239.0
            },
            {
              "x": 293.0,
              "y": 241.0
            },
            {
              "x": 290.0,
              "y": 241.0
            },
            {
              "x": 284.0,
              "y": 234.0
            },
            {
              "x": 280.0,
              "y": 233.0
            },
            {
              "x": 278.0,
              "y": 231.0
            },
            {
              "x": 272.0,
              "y": 231.0
            },
            {
              "x": 262.0,
              "y": 236.0
            },
            {
              "x": 260.0,
              "y": 236.0
            },
            {
              "x": 256.0,
              "y": 231.0
            },
            {
              "x": 256.0,
              "y": 230.0
            },
            {
              "x": 254.0,
              "y": 229.0
            },
            {
              "x": 254.0,
              "y": 228.0
            },
            {
              "x": 248.0,
              "y": 225.0
            },
            {
              "x": 237.0,
              "y": 225.0
            },
            {
              "x": 233.0,
              "y": 228.0
            },
            {
              "x": 231.0,
              "y": 228.0
            },
            {
              "x": 230.0,
              "y": 229.0
            },
            {
              "x": 228.0,
              "y": 228.0
            },
            {
              "x": 220.0,
              "y": 219.0
            },
            {
              "x": 218.0,
              "y": 219.0
            },
            {
              "x": 216.0,
              "y": 217.0
            },
            {
              "x": 206.0,
              "y": 217.0
            },
            {
              "x": 201.0,
              "y": 220.0
            },
            {
              "x": 196.0,
              "y": 220.0
            },
            {
              "x": 193.0,
              "y": 217.0
            },
            {
              "x": 191.0,
              "y": 216.0
            },
            {
              "x": 188.0,
              "y": 216.0
            },
            {
              "x": 187.0,
              "y": 215.0
            },
            {
              "x": 183.0,
              "y": 215.0
            },
            {
              "x": 182.0,
              "y": 216.0
            },
            {
              "x": 174.0,
              "y": 217.0
            },
            {
              "x": 172.0,
              "y": 219.0
            },
            {
              "x": 167.0,
              "y": 220.0
            },
            {
              "x": 165.0,
              "y": 222.0
            },
            {
              "x": 160.0,
              "y": 222.0
            },
            {
              "x": 154.0,
              "y": 219.0
            },
            {
              "x": 149.0,
              "y": 219.0
            },
            {
              "x": 148.0,
              "y": 218.0
            },
            {
              "x": 145.0,
              "y": 218.0
            },
            {
              "x": 144.0,
              "y": 217.0
            },
            {
              "x": 136.0,
              "y": 217.0
            },
            {
              "x": 132.0,
              "y": 220.0
            },
            {
              "x": 132.0,
              "y": 224.0
            },
            {
              "x": 133.0,
              "y": 225.0
            },
            {
              "x": 133.0,
              "y": 228.0
            },
            {
              "x": 134.0,
              "y": 229.0
            },
            {
              "x": 133.0,
              "y": 232.0
            },
            {
              "x": 132.0,
              "y": 233.0
            },
            {
              "x": 130.0,
              "y": 233.0
            },
            {
              "x": 129.0,
              "y": 234.0
            },
            {
              "x": 127.0,
              "y": 234.0
            },
            {
              "x": 123.0,
              "y": 236.0
            },
            {
              "x": 120.0,
              "y": 239.0
            },
            {
              "x": 120.0,
              "y": 240.0
            }
          ]
        ]
      },
      "properties": [],
      "slot_names": [
        "0"
      ]
    }
  ]
}