{
  "version": "2.0",
  "schema_ref": "https://darwin-public.s3.eu-west-1.amazonaws.com/darwin_json/2.0/schema.json",
  "item": {
    "name": "fusilli.4qegthib.ingestion-5fd995d986-9zbdz.jpg",
    "path": "/",
    "source_info": {
      "item_id": "018ea5b6-384c-c112-4327-dd8ceb6105af",
      "dataset": {
        "name": "Pasta",
        "slug": "pasta",
        "dataset_management_url": "https://darwin.v7labs.com/datasets/735230/dataset-management"
      },
      "team": {
        "name": "Salvino",
        "slug": "salvino"
      },
      "workview_url": "https://darwin.v7labs.com/workview?dataset=735230&item=018ea5b6-384c-c112-4327-dd8ceb6105af"
    },
    "slots": [
      {
        "type": "image",
        "slot_name": "0",
        "width": 512,
        "height": 512,
        "thumbnail_url": "https://darwin.v7labs.com/api/v2/teams/salvino/files/01acd8a2-635a-4380-8dea-c83915b60c10/thumbnail",
        "source_files": [
          {
            "file_name": "fusilli.4qegthib.ingestion-5fd995d986-9zbdz.jpg",
            "url": "https://darwin.v7labs.com/api/v2/teams/salvino/uploads/75fce0fa-8431-485c-a7f0-668bb2371c8a"
          }
        ]
      }
    ]
  },
  "annotations": [
    {
      "bounding_box": {
        "h": 248.0,
        "w": 263.0,
        "x": 127.0,
        "y": 150.0
      },
      "id": "0664e33a-ae9c-44df-8c88-f4f9fcf115d0",
      "name": "Fusilli",
      "polygon": {
        "paths": [
          [
            {
              "x": 133.0,
              "y": 153.0
            },
            {
              "x": 133.0,
              "y": 154.0
            },
            {
              "x": 131.0,
              "y": 156.0
            },
            {
              "x": 131.0,
              "y": 160.0
            },
            {
              "x": 133.0,
              "y": 162.0
            },
            {
              "x": 133.0,
              "y": 163.0
            },
            {
              "x": 135.0,
              "y": 163.0
            },
            {
              "x": 139.0,
              "y": 166.0
            },
            {
              "x": 144.0,
              "y": 167.0
            },
            {
              "x": 148.0,
              "y": 170.0
            },
            {
              "x": 148.0,
              "y": 174.0
            },
            {
              "x": 147.0,
              "y": 176.0
            },
            {
              "x": 142.0,
              "y": 181.0
            },
            {
              "x": 141.0,
              "y": 181.0
            },
            {
              "x": 141.0,
              "y": 182.0
            },
            {
              "x": 139.0,
              "y": 183.0
            },
            {
              "x": 138.0,
              "y": 185.0
            },
            {
              "x": 136.0,
              "y": 186.0
            },
            {
              "x": 135.0,
              "y": 188.0
            },
            {
              "x": 133.0,
              "y": 189.0
            },
            {
              "x": 127.0,
              "y": 196.0
            },
            {
              "x": 127.0,
              "y": 202.0
            },
            {
              "x": 129.0,
              "y": 204.0
            },
            {
              "x": 130.0,
              "y": 207.0
            },
            {
              "x": 132.0,
              "y": 208.0
            },
            {
              "x": 133.0,
              "y": 211.0
            },
            {
              "x": 134.0,
              "y": 211.0
            },
            {
              "x": 135.0,
              "y": 213.0
            },
            {
              "x": 145.0,
              "y": 223.0
            },
            {
              "x": 146.0,
              "y": 223.0
            },
            {
              "x": 148.0,
              "y": 225.0
            },
            {
              "x": 150.0,
              "y": 225.0
            },
            {
              "x": 151.0,
              "y": 226.0
            },
            {
              "x": 160.0,
              "y": 226.0
            },
            {
              "x": 161.0,
              "y": 225.0
            },
            {
              "x": 164.0,
              "y": 225.0
            },
            {
              "x": 166.0,
              "y": 223.0
            },
            {
              "x": 169.0,
              "y": 226.0
            },
            {
              "x": 169.0,
              "y": 238.0
            },
            {
              "x": 170.0,
              "y": 239.0
            },
            {
              "x": 170.0,
              "y": 242.0
            },
            {
              "x": 172.0,
              "y": 246.0
            },
            {
              "x": 176.0,
              "y": 250.0
            },
            {
              "x": 183.0,
              "y": 250.0
            },
            {
              "x": 189.0,
              "y": 247.0
            },
            {
              "x": 193.0,
              "y": 249.0
            },
            {
              "x": 192.0,
              "y": 250.0
            },
            {
              "x": 192.0,
              "y": 257.0
            },
            {
              "x": 193.0,
              "y": 258.0
            },
            {
              "x": 193.0,
              "y": 261.0
            },
            {
              "x": 194.0,
              "y": 262.0
            },
            {
              "x": 194.0,
              "y": 266.0
            },
            {
              "x": 195.0,
              "y": 267.0
            },
            {
              "x": 195.0,
              "y": 269.0
            },
            {
              "x": 199.0,
              "y": 273.0
            },
            {
              "x": 201.0,
              "y": 274.0
            },
            {
              "x": 203.0,
              "y": 274.0
            },
            {
              "x": 204.0,
              "y": 275.0
            },
            {
              "x": 213.0,
              "y": 274.0
            },
            {
              "x": 215.0,
              "y": 276.0
            },
            {
              "x": 215.0,
              "y": 283.0
            },
            {
              "x": 216.0,
              "y": 284.0
            },
            {
              "x": 216.0,
              "y": 289.0
            },
            {
              "x": 217.0,
              "y": 290.0
            },
            {
              "x": 217.0,
              "y": 293.0
            },
            {
              "x": 219.0,
              "y": 295.0
            },
            {
              "x": 219.0,
              "y": 296.0
            },
            {
              "x": 223.0,
              "y": 299.0
            },
            {
              "x": 227.0,
              "y": 299.0
            },
            {
              "x": 228.0,
              "y": 300.0
            },
            {
              "x": 229.0,
              "y": 299.0
            },
            {
              "x": 236.0,
              "y": 299.0
            },
            {
              "x": 239.0,
              "y": 297.0
            },
            {
              "x": 241.0,
              "y": 297.0
            },
            {
              "x": 243.0,
              "y": 299.0
            },
            {
              "x": 243.0,
              "y": 309.0
            },
            {
              "x": 244.0,
              "y": 310.0
            },
            {
              "x": 244.0,
              "y": 315.0
            },
            {
              "x": 246.0,
              "y": 318.0
            },
            {
              "x": 246.0,
              "y": 320.0
            },
            {
              "x": 250.0,
              "y": 324.0
            },
            {
              "x": 252.0,
              "y": 325.0
            },
            {
              "x": 267.0,
              "y": 325.0
            },
            {
              "x": 269.0,
              "y": 324.0
            },
            {
              "x": 272.0,
              "y": 328.0
            },
            {
              "x": 272.0,
              "y": 336.0
            },
            {
              "x": 274.0,
              "y": 339.0
            },
            {
              "x": 274.0,
              "y": 343.0
            },
            {
              "x": 277.0,
              "y": 347.0
            },
            {
              "x": 277.0,
              "y": 348.0
            },
            {
              "x": 281.0,
              "y": 352.0
            },
            {
              "x": 283.0,
              "y": 352.0
            },
            {
              "x": 284.0,
              "y": 353.0
            },
            {
              "x": 289.0,
              "y": 353.0
            },
            {
              "x": 290.0,
              "y": 354.0
            },
            {
              "x": 296.0,
              "y": 353.0
            },
            {
              "x": 300.0,
              "y": 357.0
            },
            {
              "x": 300.0,
              "y": 361.0
            },
            {
              "x": 302.0,
              "y": 365.0
            },
            {
              "x": 302.0,
              "y": 368.0
            },
            {
              "x": 305.0,
              "y": 374.0
            },
            {
              "x": 309.0,
              "y": 377.0
            },
            {
              "x": 315.0,
              "y": 380.0
            },
            {
              "x": 327.0,
              "y": 380.0
            },
            {
              "x": 329.0,
              "y": 381.0
            },
            {
              "x": 330.0,
              "y": 382.0
            },
            {
              "x": 331.0,
              "y": 387.0
            },
            {
              "x": 334.0,
              "y": 393.0
            },
            {
              "x": 336.0,
              "y": 395.0
            },
            {
              "x": 336.0,
              "y": 396.0
            },
            {
              "x": 337.0,
              "y": 396.0
            },
            {
              "x": 339.0,
              "y": 398.0
            },
            {
              "x": 347.0,
              "y": 398.0
            },
            {
              "x": 349.0,
              "y": 396.0
            },
            {
              "x": 350.0,
              "y": 394.0
            },
            {
              "x": 350.0,
              "y": 391.0
            },
            {
              "x": 349.0,
              "y": 390.0
            },
            {
              "x": 349.0,
              "y": 379.0
            },
            {
              "x": 351.0,
              "y": 375.0
            },
            {
              "x": 355.0,
              "y": 371.0
            },
            {
              "x": 357.0,
              "y": 371.0
            },
            {
              "x": 361.0,
              "y": 368.0
            },
            {
              "x": 365.0,
              "y": 367.0
            },
            {
              "x": 367.0,
              "y": 365.0
            },
            {
              "x": 369.0,
              "y": 365.0
            },
            {
              "x": 372.0,
              "y": 362.0
            },
            {
              "x": 380.0,
              "y": 358.0
            },
            {
              "x": 389.0,
              "y": 349.0
            },
            {
              "x": 390.0,
              "y": 347.0
            },
            {
              "x": 390.0,
              "y": 344.0
            },
            {
              "x": 389.0,
              "y": 343.0
            },
            {
              "x": 389.0,
              "y": 341.0
            },
            {
              "x": 387.0,
              "y": 337.0
            },
            {
              "x": 387.0,
              "y": 335.0
            },
            {
              "x": 388.0,
              "y": 334.0
            },
            {
              "x": 388.0,
              "y": 325.0
            },
            {
              "x": 385.0,
              "y": 319.0
            },
            {
              "x": 380.0,
              "y": 314.0
            },
            {
              "x": 376.0,
              "y": 313.0
            },
            {
              "x": 373.0,
              "y": 311.0
            },
            {
              "x": 358.0,
              "y": 310.0
            },
            {
              "x": 357.0,
              "y": 309.0
            },
            {
              "x": 357.0,
              "y": 306.0
            },
            {
              "x": 356.0,
              "y": 305.0
            },
            {
              "x": 356.0,
              "y": 300.0
            },
            {
              "x": 355.0,
              "y": 299.0
            },
            {
              "x": 355.0,
              "y": 297.0
            },
            {
              "x": 352.0,
              "y": 293.0
            },
            {
              "x": 352.0,
              "y": 292.0
            },
            {
              "x": 347.0,
              "y": 288.0
            },
            {
              "x": 343.0,
              "y": 288.0
            },
            {
              "x": 339.0,
              "y": 286.0
            },
            {
              "x": 330.0,
              "y": 286.0
            },
            {
              "x": 328.0,
              "y": 284.0
            },
            {
              "x": 328.0,
              "y": 277.0
            },
            {
              "x": 327.0,
              "y": 276.0
            },
            {
              "x": 327.0,
              "y": 273.0
            },
            {
              "x": 324.0,
              "y": 269.0
            },
            {
              "x": 324.0,
              "y": 268.0
            },
            {
              "x": 319.0,
              "y": 263.0
            },
            {
              "x": 315.0,
              "y": 261.0
            },
            {
              "x": 313.0,
              "y": 261.0
            },
            {
              "x": 312.0,
              "y": 260.0
            },
            {
              "x": 306.0,
              "y": 260.0
            },
            {
              "x": 305.0,
              "y": 259.0
            },
            {
              "x": 303.0,
              "y": 259.0
            },
            {
              "x": 301.0,
              "y": 257.0
            },
            {
              "x": 301.0,
              "y": 255.0
            },
            {
              "x": 300.0,
              "y": 254.0
            },
            {
              "x": 298.0,
              "y": 246.0
            },
            {
              "x": 297.0,
              "y": 246.0
            },
            {
              "x": 295.0,
              "y": 244.0
            },
            {
              "x": 295.0,
              "y": 243.0
            },
            {
              "x": 294.0,
              "y": 243.0
            },
            {
              "x": 292.0,
              "y": 241.0
            },
            {
              "x": 292.0,
              "y": 240.0
            },
            {
              "x": 288.0,
              "y": 239.0
            },
            {
              "x": 287.0,
              "y": 238.0
            },
            {
              "x": 284.0,
              "y": 238.0
            },
            {
              "x": 280.0,
              "y": 236.0
            },
            {
              "x": 275.0,
              "y": 236.0
            },
            {
              "x": 274.0,
              "y": 235.0
            },
            {
              "x": 274.0,
              "y": 232.0
            },
            {
              "x": 273.0,
              "y": 231.0
            },
            {
              "x": 273.0,
              "y": 226.0
            },
            {
              "x": 269.0,
              "y": 218.0
            },
            {
              "x": 266.0,
              "y": 215.0
            },
            {
              "x": 263.0,
              "y": 214.0
            },
            {
              "x": 261.0,
              "y": 212.0
            },
            {
              "x": 249.0,
              "y": 210.0
            },
            {
              "x": 246.0,
              "y": 207.0
            },
            {
              "x": 246.0,
              "y": 201.0
            },
            {
              "x": 245.0,
              "y": 200.0
            },
            {
              "x": 245.0,
              "y": 197.0
            },
            {
              "x": 243.0,
              "y": 193.0
            },
            {
              "x": 239.0,
              "y": 189.0
            },
            {
              "x": 238.0,
              "y": 189.0
            },
            {
              "x": 237.0,
              "y": 187.0
            },
            {
              "x": 233.0,
              "y": 186.0
            },
            {
              "x": 231.0,
              "y": 184.0
            },
            {
              "x": 229.0,
              "y": 184.0
            },
            {
              "x": 228.0,
              "y": 183.0
            },
            {
              "x": 223.0,
              "y": 183.0
            },
            {
              "x": 221.0,
              "y": 181.0
            },
            {
              "x": 220.0,
              "y": 181.0
            },
            {
              "x": 217.0,
              "y": 175.0
            },
            {
              "x": 213.0,
              "y": 171.0
            },
            {
              "x": 210.0,
              "y": 170.0
            },
            {
              "x": 206.0,
              "y": 167.0
            },
            {
              "x": 203.0,
              "y": 167.0
            },
            {
              "x": 200.0,
              "y": 165.0
            },
            {
              "x": 194.0,
              "y": 164.0
            },
            {
              "x": 191.0,
              "y": 162.0
            },
            {
              "x": 185.0,
              "y": 162.0
            },
            {
              "x": 184.0,
              "y": 161.0
            },
            {
              "x": 181.0,
              "y": 161.0
            },
            {
              "x": 175.0,
              "y": 158.0
            },
            {
              "x": 168.0,
              "y": 152.0
            },
            {
              "x": 166.0,
              "y": 152.0
            },
            {
              "x": 164.0,
              "y": 150.0
            },
            {
              "x": 159.0,
              "y": 150.0
            },
            {
              "x": 157.0,
              "y": 152.0
            },
            {
              "x": 155.0,
              "y": 152.0
            },
            {
              "x": 154.0,
              "y": 153.0
            },
            {
              "x": 148.0,
              "y": 150.0
            },
            {
              "x": 140.0,
              "y": 150.0
            },
            {
              "x": 134.0,
              "y": 153.0
            }
          ]
        ]
      },
      "properties": [],
      "slot_names": [
        "0"
      ]
    }
  ]
}