{
  "version": "2.0",
  "schema_ref": "https://darwin-public.s3.eu-west-1.amazonaws.com/darwin_json/2.0/schema.json",
  "item": {
    "name": "fusilli.4qegu5qa.ingestion-5fd995d986-fwdsf.jpg",
    "path": "/",
    "source_info": {
      "item_id": "018ea5b6-384e-347a-58b4-38ef097c9cba",
      "dataset": {
        "name": "Pasta",
        "slug": "pasta",
        "dataset_management_url": "https://darwin.v7labs.com/datasets/735230/dataset-management"
      },
      "team": {
        "name": "Salvino",
        "slug": "salvino"
      },
      "workview_url": "https://darwin.v7labs.com/workview?dataset=735230&item=018ea5b6-384e-347a-58b4-38ef097c9cba"
    },
    "slots": [
      {
        "type": "image",
        "slot_name": "0",
        "width": 512,
        "height": 512,
        "thumbnail_url": "https://darwin.v7labs.com/api/v2/teams/salvino/files/b193b03c-2f29-4725-a384-98df94af0882/thumbnail",
        "source_files": [
          {
            "file_name": "fusilli.4qegu5qa.ingestion-5fd995d986-fwdsf.jpg",
            "url": "https://darwin.v7labs.com/api/v2/teams/salvino/uploads/1152b468-4dbb-4c80-bd92-0b3d3b8225c2"
          }
        ]
      }
    ]
  },
  "annotations": [
    {
      "bounding_box": {
        "h": 204.0,
        "w": 254.0,
        "x": 163.0,
        "y": 128.0
      },
      "id": "46d8947c-28d7-407d-aaab-51d7939826de",
      "name": "Fusilli",
      "polygon": {
        "paths": [
          [
            {
              "x": 167.0,
              "y": 129.0
            },
            {
              "x": 167.0,
              "y": 130.0
            },
            {
              "x": 164.0,
              "y": 133.0
            },
            {
              "x": 164.0,
              "y": 138.0
            },
            {
              "x": 168.0,
              "y": 142.0
            },
            {
              "x": 174.0,
              "y": 143.0
            },
            {
              "x": 179.0,
              "y": 148.0
            },
            {
              "x": 180.0,
              "y": 150.0
            },
            {
              "x": 180.0,
              "y": 153.0
            },
            {
              "x": 179.0,
              "y": 155.0
            },
            {
              "x": 170.0,
              "y": 164.0
            },
            {
              "x": 170.0,
              "y": 165.0
            },
            {
              "x": 167.0,
              "y": 168.0
            },
            {
              "x": 167.0,
              "y": 169.0
            },
            {
              "x": 163.0,
              "y": 174.0
            },
            {
              "x": 163.0,
              "y": 181.0
            },
            {
              "x": 167.0,
              "y": 186.0
            },
            {
              "x": 167.0,
              "y": 187.0
            },
            {
              "x": 172.0,
              "y": 192.0
            },
            {
              "x": 173.0,
              "y": 192.0
            },
            {
              "x": 176.0,
              "y": 195.0
            },
            {
              "x": 178.0,
              "y": 195.0
            },
            {
              "x": 180.0,
              "y": 197.0
            },
            {
              "x": 182.0,
              "y": 197.0
            },
            {
              "x": 183.0,
              "y": 198.0
            },
            {
              "x": 189.0,
              "y": 198.0
            },
            {
              "x": 197.0,
              "y": 194.0
            },
            {
              "x": 199.0,
              "y": 192.0
            },
            {
              "x": 202.0,
              "y": 195.0
            },
            {
              "x": 202.0,
              "y": 198.0
            },
            {
              "x": 203.0,
              "y": 199.0
            },
            {
              "x": 203.0,
              "y": 208.0
            },
            {
              "x": 204.0,
              "y": 209.0
            },
            {
              "x": 204.0,
              "y": 211.0
            },
            {
              "x": 207.0,
              "y": 215.0
            },
            {
              "x": 211.0,
              "y": 217.0
            },
            {
              "x": 215.0,
              "y": 215.0
            },
            {
              "x": 217.0,
              "y": 215.0
            },
            {
              "x": 223.0,
              "y": 209.0
            },
            {
              "x": 224.0,
              "y": 209.0
            },
            {
              "x": 226.0,
              "y": 211.0
            },
            {
              "x": 226.0,
              "y": 223.0
            },
            {
              "x": 227.0,
              "y": 224.0
            },
            {
              "x": 227.0,
              "y": 227.0
            },
            {
              "x": 231.0,
              "y": 234.0
            },
            {
              "x": 233.0,
              "y": 235.0
            },
            {
              "x": 238.0,
              "y": 235.0
            },
            {
              "x": 239.0,
              "y": 234.0
            },
            {
              "x": 243.0,
              "y": 233.0
            },
            {
              "x": 246.0,
              "y": 230.0
            },
            {
              "x": 249.0,
              "y": 230.0
            },
            {
              "x": 250.0,
              "y": 231.0
            },
            {
              "x": 250.0,
              "y": 234.0
            },
            {
              "x": 249.0,
              "y": 235.0
            },
            {
              "x": 249.0,
              "y": 242.0
            },
            {
              "x": 250.0,
              "y": 243.0
            },
            {
              "x": 250.0,
              "y": 248.0
            },
            {
              "x": 251.0,
              "y": 249.0
            },
            {
              "x": 251.0,
              "y": 251.0
            },
            {
              "x": 252.0,
              "y": 251.0
            },
            {
              "x": 254.0,
              "y": 254.0
            },
            {
              "x": 262.0,
              "y": 254.0
            },
            {
              "x": 267.0,
              "y": 250.0
            },
            {
              "x": 270.0,
              "y": 249.0
            },
            {
              "x": 271.0,
              "y": 247.0
            },
            {
              "x": 275.0,
              "y": 246.0
            },
            {
              "x": 277.0,
              "y": 248.0
            },
            {
              "x": 277.0,
              "y": 262.0
            },
            {
              "x": 278.0,
              "y": 263.0
            },
            {
              "x": 278.0,
              "y": 266.0
            },
            {
              "x": 279.0,
              "y": 267.0
            },
            {
              "x": 280.0,
              "y": 271.0
            },
            {
              "x": 283.0,
              "y": 274.0
            },
            {
              "x": 286.0,
              "y": 274.0
            },
            {
              "x": 287.0,
              "y": 275.0
            },
            {
              "x": 288.0,
              "y": 274.0
            },
            {
              "x": 291.0,
              "y": 274.0
            },
            {
              "x": 295.0,
              "y": 271.0
            },
            {
              "x": 300.0,
              "y": 269.0
            },
            {
              "x": 303.0,
              "y": 266.0
            },
            {
              "x": 304.0,
              "y": 266.0
            },
            {
              "x": 306.0,
              "y": 269.0
            },
            {
              "x": 306.0,
              "y": 281.0
            },
            {
              "x": 307.0,
              "y": 282.0
            },
            {
              "x": 307.0,
              "y": 284.0
            },
            {
              "x": 309.0,
              "y": 287.0
            },
            {
              "x": 309.0,
              "y": 289.0
            },
            {
              "x": 311.0,
              "y": 293.0
            },
            {
              "x": 312.0,
              "y": 293.0
            },
            {
              "x": 314.0,
              "y": 295.0
            },
            {
              "x": 323.0,
              "y": 295.0
            },
            {
              "x": 333.0,
              "y": 290.0
            },
            {
              "x": 334.0,
              "y": 291.0
            },
            {
              "x": 334.0,
              "y": 295.0
            },
            {
              "x": 335.0,
              "y": 296.0
            },
            {
              "x": 335.0,
              "y": 301.0
            },
            {
              "x": 337.0,
              "y": 304.0
            },
            {
              "x": 337.0,
              "y": 307.0
            },
            {
              "x": 339.0,
              "y": 310.0
            },
            {
              "x": 339.0,
              "y": 312.0
            },
            {
              "x": 340.0,
              "y": 312.0
            },
            {
              "x": 341.0,
              "y": 314.0
            },
            {
              "x": 342.0,
              "y": 314.0
            },
            {
              "x": 344.0,
              "y": 316.0
            },
            {
              "x": 353.0,
              "y": 316.0
            },
            {
              "x": 355.0,
              "y": 314.0
            },
            {
              "x": 357.0,
              "y": 314.0
            },
            {
              "x": 362.0,
              "y": 311.0
            },
            {
              "x": 364.0,
              "y": 311.0
            },
            {
              "x": 366.0,
              "y": 313.0
            },
            {
              "x": 366.0,
              "y": 318.0
            },
            {
              "x": 367.0,
              "y": 319.0
            },
            {
              "x": 367.0,
              "y": 321.0
            },
            {
              "x": 370.0,
              "y": 327.0
            },
            {
              "x": 376.0,
              "y": 332.0
            },
            {
              "x": 382.0,
              "y": 332.0
            },
            {
              "x": 385.0,
              "y": 329.0
            },
            {
              "x": 385.0,
              "y": 321.0
            },
            {
              "x": 384.0,
              "y": 320.0
            },
            {
              "x": 384.0,
              "y": 316.0
            },
            {
              "x": 383.0,
              "y": 315.0
            },
            {
              "x": 383.0,
              "y": 313.0
            },
            {
              "x": 384.0,
              "y": 312.0
            },
            {
              "x": 384.0,
              "y": 308.0
            },
            {
              "x": 389.0,
              "y": 301.0
            },
            {
              "x": 389.0,
              "y": 299.0
            },
            {
              "x": 391.0,
              "y": 298.0
            },
            {
              "x": 392.0,
              "y": 295.0
            },
            {
              "x": 396.0,
              "y": 291.0
            },
            {
              "x": 398.0,
              "y": 290.0
            },
            {
              "x": 402.0,
              "y": 290.0
            },
            {
              "x": 403.0,
              "y": 289.0
            },
            {
              "x": 409.0,
              "y": 289.0
            },
            {
              "x": 413.0,
              "y": 284.0
            },
            {
              "x": 413.0,
              "y": 281.0
            },
            {
              "x": 417.0,
              "y": 273.0
            },
            {
              "x": 417.0,
              "y": 269.0
            },
            {
              "x": 416.0,
              "y": 268.0
            },
            {
              "x": 415.0,
              "y": 263.0
            },
            {
              "x": 413.0,
              "y": 260.0
            },
            {
              "x": 413.0,
              "y": 258.0
            },
            {
              "x": 411.0,
              "y": 254.0
            },
            {
              "x": 410.0,
              "y": 254.0
            },
            {
              "x": 407.0,
              "y": 250.0
            },
            {
              "x": 406.0,
              "y": 250.0
            },
            {
              "x": 402.0,
              "y": 247.0
            },
            {
              "x": 400.0,
              "y": 247.0
            },
            {
              "x": 399.0,
              "y": 246.0
            },
            {
              "x": 395.0,
              "y": 246.0
            },
            {
              "x": 394.0,
              "y": 245.0
            },
            {
              "x": 388.0,
              "y": 245.0
            },
            {
              "x": 387.0,
              "y": 246.0
            },
            {
              "x": 383.0,
              "y": 246.0
            },
            {
              "x": 380.0,
              "y": 242.0
            },
            {
              "x": 380.0,
              "y": 239.0
            },
            {
              "x": 379.0,
              "y": 237.0
            },
            {
              "x": 375.0,
              "y": 233.0
            },
            {
              "x": 375.0,
              "y": 232.0
            },
            {
              "x": 374.0,
              "y": 232.0
            },
            {
              "x": 369.0,
              "y": 228.0
            },
            {
              "x": 366.0,
              "y": 228.0
            },
            {
              "x": 365.0,
              "y": 227.0
            },
            {
              "x": 353.0,
              "y": 227.0
            },
            {
              "x": 352.0,
              "y": 226.0
            },
            {
              "x": 352.0,
              "y": 224.0
            },
            {
              "x": 350.0,
              "y": 222.0
            },
            {
              "x": 350.0,
              "y": 220.0
            },
            {
              "x": 348.0,
              "y": 216.0
            },
            {
              "x": 347.0,
              "y": 216.0
            },
            {
              "x": 346.0,
              "y": 214.0
            },
            {
              "x": 344.0,
              "y": 213.0
            },
            {
              "x": 344.0,
              "y": 212.0
            },
            {
              "x": 334.0,
              "y": 207.0
            },
            {
              "x": 325.0,
              "y": 207.0
            },
            {
              "x": 322.0,
              "y": 204.0
            },
            {
              "x": 320.0,
              "y": 199.0
            },
            {
              "x": 319.0,
              "y": 199.0
            },
            {
              "x": 315.0,
              "y": 194.0
            },
            {
              "x": 314.0,
              "y": 194.0
            },
            {
              "x": 310.0,
              "y": 191.0
            },
            {
              "x": 307.0,
              "y": 191.0
            },
            {
              "x": 306.0,
              "y": 190.0
            },
            {
              "x": 299.0,
              "y": 190.0
            },
            {
              "x": 294.0,
              "y": 185.0
            },
            {
              "x": 294.0,
              "y": 183.0
            },
            {
              "x": 292.0,
              "y": 179.0
            },
            {
              "x": 284.0,
              "y": 172.0
            },
            {
              "x": 278.0,
              "y": 171.0
            },
            {
              "x": 277.0,
              "y": 170.0
            },
            {
              "x": 271.0,
              "y": 170.0
            },
            {
              "x": 269.0,
              "y": 168.0
            },
            {
              "x": 268.0,
              "y": 164.0
            },
            {
              "x": 266.0,
              "y": 162.0
            },
            {
              "x": 265.0,
              "y": 159.0
            },
            {
              "x": 256.0,
              "y": 151.0
            },
            {
              "x": 250.0,
              "y": 150.0
            },
            {
              "x": 246.0,
              "y": 148.0
            },
            {
              "x": 243.0,
              "y": 148.0
            },
            {
              "x": 233.0,
              "y": 140.0
            },
            {
              "x": 231.0,
              "y": 140.0
            },
            {
              "x": 226.0,
              "y": 137.0
            },
            {
              "x": 223.0,
              "y": 137.0
            },
            {
              "x": 222.0,
              "y": 136.0
            },
            {
              "x": 217.0,
              "y": 136.0
            },
            {
              "x": 216.0,
              "y": 135.0
            },
            {
              "x": 211.0,
              "y": 135.0
            },
            {
              "x": 207.0,
              "y": 133.0
            },
            {
              "x": 202.0,
              "y": 133.0
            },
            {
              "x": 201.0,
              "y": 132.0
            },
            {
              "x": 190.0,
              "y": 131.0
            },
            {
              "x": 187.0,
              "y": 129.0
            },
            {
              "x": 181.0,
              "y": 129.0
            },
            {
              "x": 180.0,
              "y": 128.0
            },
            {
              "x": 171.0,
              "y": 128.0
            },
            {
              "x": 170.0,
              "y": 129.0
            }
          ]
        ]
      },
      "properties": [],
      "slot_names": [
        "0"
      ]
    }
  ]
}