{
  "version": "2.0",
  "schema_ref": "https://darwin-public.s3.eu-west-1.amazonaws.com/darwin_json/2.0/schema.json",
  "item": {
    "name": "fusilli.4qegti81.ingestion-5fd995d986-fwdsf.jpg",
    "path": "/",
    "source_info": {
      "item_id": "018ea5b6-384d-bcaf-f8ad-dd1cdd1b80c5",
      "dataset": {
        "name": "Pasta",
        "slug": "pasta",
        "dataset_management_url": "https://darwin.v7labs.com/datasets/735230/dataset-management"
      },
      "team": {
        "name": "Salvino",
        "slug": "salvino"
      },
      "workview_url": "https://darwin.v7labs.com/workview?dataset=735230&item=018ea5b6-384d-bcaf-f8ad-dd1cdd1b80c5"
    },
    "slots": [
      {
        "type": "image",
        "slot_name": "0",
        "width": 512,
        "height": 512,
        "thumbnail_url": "https://darwin.v7labs.com/api/v2/teams/salvino/files/caad4161-8cfd-4d4b-9b09-1f424c46c0c3/thumbnail",
        "source_files": [
          {
            "file_name": "fusilli.4qegti81.ingestion-5fd995d986-fwdsf.jpg",
            "url": "https://darwin.v7labs.com/api/v2/teams/salvino/uploads/37ea460c-6536-45ae-a6ee-e1614a836f1f"
          }
        ]
      }
    ]
  },
  "annotations": [
    {
      "bounding_box": {
        "h": 272.0,
        "w": 259.0,
        "x": 140.0,
        "y": 137.0
      },
      "id": "a7751aa1-4680-4e57-957f-50440f871fcb",
      "name": "Fusilli",
      "polygon": {
        "paths": [
          [
            {
              "x": 150.0,
              "y": 138.0
            },
            {
              "x": 148.0,
              "y": 140.0
            },
            {
              "x": 146.0,
              "y": 144.0
            },
            {
              "x": 150.0,
              "y": 149.0
            },
            {
              "x": 153.0,
              "y": 150.0
            },
            {
              "x": 155.0,
              "y": 152.0
            },
            {
              "x": 159.0,
              "y": 154.0
            },
            {
              "x": 161.0,
              "y": 154.0
            },
            {
              "x": 164.0,
              "y": 157.0
            },
            {
              "x": 164.0,
              "y": 161.0
            },
            {
              "x": 160.0,
              "y": 166.0
            },
            {
              "x": 157.0,
              "y": 167.0
            },
            {
              "x": 155.0,
              "y": 169.0
            },
            {
              "x": 154.0,
              "y": 169.0
            },
            {
              "x": 153.0,
              "y": 171.0
            },
            {
              "x": 150.0,
              "y": 172.0
            },
            {
              "x": 145.0,
              "y": 177.0
            },
            {
              "x": 144.0,
              "y": 177.0
            },
            {
              "x": 144.0,
              "y": 178.0
            },
            {
              "x": 142.0,
              "y": 179.0
            },
            {
              "x": 140.0,
              "y": 182.0
            },
            {
              "x": 140.0,
              "y": 189.0
            },
            {
              "x": 143.0,
              "y": 193.0
            },
            {
              "x": 144.0,
              "y": 196.0
            },
            {
              "x": 148.0,
              "y": 201.0
            },
            {
              "x": 148.0,
              "y": 202.0
            },
            {
              "x": 157.0,
              "y": 212.0
            },
            {
              "x": 160.0,
              "y": 213.0
            },
            {
              "x": 162.0,
              "y": 215.0
            },
            {
              "x": 174.0,
              "y": 215.0
            },
            {
              "x": 177.0,
              "y": 213.0
            },
            {
              "x": 179.0,
              "y": 213.0
            },
            {
              "x": 180.0,
              "y": 214.0
            },
            {
              "x": 180.0,
              "y": 222.0
            },
            {
              "x": 179.0,
              "y": 223.0
            },
            {
              "x": 179.0,
              "y": 225.0
            },
            {
              "x": 180.0,
              "y": 226.0
            },
            {
              "x": 180.0,
              "y": 233.0
            },
            {
              "x": 182.0,
              "y": 236.0
            },
            {
              "x": 182.0,
              "y": 238.0
            },
            {
              "x": 185.0,
              "y": 241.0
            },
            {
              "x": 187.0,
              "y": 241.0
            },
            {
              "x": 188.0,
              "y": 242.0
            },
            {
              "x": 198.0,
              "y": 241.0
            },
            {
              "x": 201.0,
              "y": 239.0
            },
            {
              "x": 203.0,
              "y": 241.0
            },
            {
              "x": 203.0,
              "y": 244.0
            },
            {
              "x": 202.0,
              "y": 245.0
            },
            {
              "x": 202.0,
              "y": 253.0
            },
            {
              "x": 203.0,
              "y": 254.0
            },
            {
              "x": 203.0,
              "y": 260.0
            },
            {
              "x": 204.0,
              "y": 261.0
            },
            {
              "x": 204.0,
              "y": 264.0
            },
            {
              "x": 206.0,
              "y": 266.0
            },
            {
              "x": 206.0,
              "y": 267.0
            },
            {
              "x": 210.0,
              "y": 268.0
            },
            {
              "x": 213.0,
              "y": 270.0
            },
            {
              "x": 218.0,
              "y": 270.0
            },
            {
              "x": 219.0,
              "y": 269.0
            },
            {
              "x": 222.0,
              "y": 269.0
            },
            {
              "x": 224.0,
              "y": 271.0
            },
            {
              "x": 224.0,
              "y": 273.0
            },
            {
              "x": 223.0,
              "y": 274.0
            },
            {
              "x": 223.0,
              "y": 281.0
            },
            {
              "x": 224.0,
              "y": 282.0
            },
            {
              "x": 224.0,
              "y": 289.0
            },
            {
              "x": 225.0,
              "y": 290.0
            },
            {
              "x": 225.0,
              "y": 292.0
            },
            {
              "x": 226.0,
              "y": 292.0
            },
            {
              "x": 228.0,
              "y": 295.0
            },
            {
              "x": 232.0,
              "y": 296.0
            },
            {
              "x": 233.0,
              "y": 297.0
            },
            {
              "x": 242.0,
              "y": 297.0
            },
            {
              "x": 243.0,
              "y": 296.0
            },
            {
              "x": 248.0,
              "y": 296.0
            },
            {
              "x": 250.0,
              "y": 298.0
            },
            {
              "x": 249.0,
              "y": 300.0
            },
            {
              "x": 249.0,
              "y": 311.0
            },
            {
              "x": 250.0,
              "y": 312.0
            },
            {
              "x": 250.0,
              "y": 315.0
            },
            {
              "x": 251.0,
              "y": 316.0
            },
            {
              "x": 251.0,
              "y": 320.0
            },
            {
              "x": 256.0,
              "y": 325.0
            },
            {
              "x": 258.0,
              "y": 325.0
            },
            {
              "x": 259.0,
              "y": 326.0
            },
            {
              "x": 263.0,
              "y": 326.0
            },
            {
              "x": 264.0,
              "y": 327.0
            },
            {
              "x": 270.0,
              "y": 327.0
            },
            {
              "x": 271.0,
              "y": 326.0
            },
            {
              "x": 275.0,
              "y": 326.0
            },
            {
              "x": 277.0,
              "y": 328.0
            },
            {
              "x": 277.0,
              "y": 339.0
            },
            {
              "x": 278.0,
              "y": 340.0
            },
            {
              "x": 278.0,
              "y": 346.0
            },
            {
              "x": 282.0,
              "y": 354.0
            },
            {
              "x": 287.0,
              "y": 357.0
            },
            {
              "x": 289.0,
              "y": 357.0
            },
            {
              "x": 291.0,
              "y": 359.0
            },
            {
              "x": 301.0,
              "y": 359.0
            },
            {
              "x": 303.0,
              "y": 361.0
            },
            {
              "x": 303.0,
              "y": 363.0
            },
            {
              "x": 304.0,
              "y": 364.0
            },
            {
              "x": 304.0,
              "y": 372.0
            },
            {
              "x": 305.0,
              "y": 373.0
            },
            {
              "x": 306.0,
              "y": 378.0
            },
            {
              "x": 309.0,
              "y": 382.0
            },
            {
              "x": 309.0,
              "y": 383.0
            },
            {
              "x": 310.0,
              "y": 383.0
            },
            {
              "x": 312.0,
              "y": 385.0
            },
            {
              "x": 312.0,
              "y": 386.0
            },
            {
              "x": 316.0,
              "y": 388.0
            },
            {
              "x": 318.0,
              "y": 388.0
            },
            {
              "x": 319.0,
              "y": 389.0
            },
            {
              "x": 329.0,
              "y": 389.0
            },
            {
              "x": 331.0,
              "y": 390.0
            },
            {
              "x": 333.0,
              "y": 393.0
            },
            {
              "x": 333.0,
              "y": 396.0
            },
            {
              "x": 335.0,
              "y": 399.0
            },
            {
              "x": 335.0,
              "y": 402.0
            },
            {
              "x": 336.0,
              "y": 404.0
            },
            {
              "x": 338.0,
              "y": 406.0
            },
            {
              "x": 338.0,
              "y": 407.0
            },
            {
              "x": 339.0,
              "y": 407.0
            },
            {
              "x": 341.0,
              "y": 409.0
            },
            {
              "x": 349.0,
              "y": 409.0
            },
            {
              "x": 351.0,
              "y": 407.0
            },
            {
              "x": 352.0,
              "y": 407.0
            },
            {
              "x": 353.0,
              "y": 405.0
            },
            {
              "x": 352.0,
              "y": 403.0
            },
            {
              "x": 352.0,
              "y": 392.0
            },
            {
              "x": 353.0,
              "y": 391.0
            },
            {
              "x": 354.0,
              "y": 387.0
            },
            {
              "x": 357.0,
              "y": 384.0
            },
            {
              "x": 361.0,
              "y": 383.0
            },
            {
              "x": 367.0,
              "y": 380.0
            },
            {
              "x": 370.0,
              "y": 380.0
            },
            {
              "x": 372.0,
              "y": 378.0
            },
            {
              "x": 374.0,
              "y": 378.0
            },
            {
              "x": 376.0,
              "y": 376.0
            },
            {
              "x": 381.0,
              "y": 375.0
            },
            {
              "x": 383.0,
              "y": 373.0
            },
            {
              "x": 387.0,
              "y": 372.0
            },
            {
              "x": 388.0,
              "y": 370.0
            },
            {
              "x": 392.0,
              "y": 368.0
            },
            {
              "x": 398.0,
              "y": 362.0
            },
            {
              "x": 399.0,
              "y": 358.0
            },
            {
              "x": 397.0,
              "y": 355.0
            },
            {
              "x": 397.0,
              "y": 353.0
            },
            {
              "x": 395.0,
              "y": 351.0
            },
            {
              "x": 396.0,
              "y": 350.0
            },
            {
              "x": 396.0,
              "y": 347.0
            },
            {
              "x": 397.0,
              "y": 346.0
            },
            {
              "x": 397.0,
              "y": 335.0
            },
            {
              "x": 395.0,
              "y": 333.0
            },
            {
              "x": 394.0,
              "y": 330.0
            },
            {
              "x": 391.0,
              "y": 327.0
            },
            {
              "x": 388.0,
              "y": 326.0
            },
            {
              "x": 386.0,
              "y": 324.0
            },
            {
              "x": 384.0,
              "y": 324.0
            },
            {
              "x": 382.0,
              "y": 322.0
            },
            {
              "x": 377.0,
              "y": 322.0
            },
            {
              "x": 376.0,
              "y": 321.0
            },
            {
              "x": 368.0,
              "y": 321.0
            },
            {
              "x": 366.0,
              "y": 319.0
            },
            {
              "x": 366.0,
              "y": 306.0
            },
            {
              "x": 365.0,
              "y": 305.0
            },
            {
              "x": 365.0,
              "y": 303.0
            },
            {
              "x": 356.0,
              "y": 295.0
            },
            {
              "x": 353.0,
              "y": 295.0
            },
            {
              "x": 350.0,
              "y": 293.0
            },
            {
              "x": 343.0,
              "y": 293.0
            },
            {
              "x": 339.0,
              "y": 291.0
            },
            {
              "x": 339.0,
              "y": 279.0
            },
            {
              "x": 337.0,
              "y": 276.0
            },
            {
              "x": 336.0,
              "y": 272.0
            },
            {
              "x": 335.0,
              "y": 272.0
            },
            {
              "x": 332.0,
              "y": 268.0
            },
            {
              "x": 331.0,
              "y": 268.0
            },
            {
              "x": 326.0,
              "y": 264.0
            },
            {
              "x": 324.0,
              "y": 264.0
            },
            {
              "x": 323.0,
              "y": 263.0
            },
            {
              "x": 316.0,
              "y": 263.0
            },
            {
              "x": 313.0,
              "y": 260.0
            },
            {
              "x": 313.0,
              "y": 256.0
            },
            {
              "x": 312.0,
              "y": 255.0
            },
            {
              "x": 310.0,
              "y": 247.0
            },
            {
              "x": 308.0,
              "y": 246.0
            },
            {
              "x": 307.0,
              "y": 243.0
            },
            {
              "x": 306.0,
              "y": 243.0
            },
            {
              "x": 303.0,
              "y": 240.0
            },
            {
              "x": 299.0,
              "y": 239.0
            },
            {
              "x": 297.0,
              "y": 237.0
            },
            {
              "x": 293.0,
              "y": 237.0
            },
            {
              "x": 287.0,
              "y": 234.0
            },
            {
              "x": 286.0,
              "y": 222.0
            },
            {
              "x": 284.0,
              "y": 218.0
            },
            {
              "x": 281.0,
              "y": 215.0
            },
            {
              "x": 281.0,
              "y": 214.0
            },
            {
              "x": 280.0,
              "y": 214.0
            },
            {
              "x": 274.0,
              "y": 209.0
            },
            {
              "x": 272.0,
              "y": 209.0
            },
            {
              "x": 271.0,
              "y": 208.0
            },
            {
              "x": 266.0,
              "y": 208.0
            },
            {
              "x": 264.0,
              "y": 207.0
            },
            {
              "x": 261.0,
              "y": 204.0
            },
            {
              "x": 261.0,
              "y": 195.0
            },
            {
              "x": 260.0,
              "y": 194.0
            },
            {
              "x": 260.0,
              "y": 192.0
            },
            {
              "x": 258.0,
              "y": 188.0
            },
            {
              "x": 249.0,
              "y": 180.0
            },
            {
              "x": 245.0,
              "y": 179.0
            },
            {
              "x": 243.0,
              "y": 177.0
            },
            {
              "x": 239.0,
              "y": 177.0
            },
            {
              "x": 237.0,
              "y": 176.0
            },
            {
              "x": 234.0,
              "y": 171.0
            },
            {
              "x": 234.0,
              "y": 169.0
            },
            {
              "x": 233.0,
              "y": 169.0
            },
            {
              "x": 231.0,
              "y": 165.0
            },
            {
              "x": 227.0,
              "y": 163.0
            },
            {
              "x": 226.0,
              "y": 161.0
            },
            {
              "x": 225.0,
              "y": 161.0
            },
            {
              "x": 223.0,
              "y": 159.0
            },
            {
              "x": 218.0,
              "y": 158.0
            },
            {
              "x": 215.0,
              "y": 156.0
            },
            {
              "x": 210.0,
              "y": 155.0
            },
            {
              "x": 207.0,
              "y": 153.0
            },
            {
              "x": 204.0,
              "y": 153.0
            },
            {
              "x": 201.0,
              "y": 151.0
            },
            {
              "x": 196.0,
              "y": 150.0
            },
            {
              "x": 188.0,
              "y": 143.0
            },
            {
              "x": 187.0,
              "y": 143.0
            },
            {
              "x": 184.0,
              "y": 140.0
            },
            {
              "x": 180.0,
              "y": 138.0
            },
            {
              "x": 177.0,
              "y": 138.0
            },
            {
              "x": 174.0,
              "y": 140.0
            },
            {
              "x": 170.0,
              "y": 140.0
            },
            {
              "x": 168.0,
              "y": 138.0
            },
            {
              "x": 165.0,
              "y": 138.0
            },
            {
              "x": 164.0,
              "y": 137.0
            },
            {
              "x": 152.0,
              "y": 137.0
            },
            {
              "x": 151.0,
              "y": 138.0
            }
          ]
        ]
      },
      "properties": [],
      "slot_names": [
        "0"
      ]
    }
  ]
}