{
  "version": "2.0",
  "schema_ref": "https://darwin-public.s3.eu-west-1.amazonaws.com/darwin_json/2.0/schema.json",
  "item": {
    "name": "fusilli.4qegv3ps.ingestion-5fd995d986-fwdsf.jpg",
    "path": "/",
    "source_info": {
      "item_id": "018ea5b6-384e-9bb5-2ba7-44f3ec33b2de",
      "dataset": {
        "name": "Pasta",
        "slug": "pasta",
        "dataset_management_url": "https://darwin.v7labs.com/datasets/735230/dataset-management"
      },
      "team": {
        "name": "Salvino",
        "slug": "salvino"
      },
      "workview_url": "https://darwin.v7labs.com/workview?dataset=735230&item=018ea5b6-384e-9bb5-2ba7-44f3ec33b2de"
    },
    "slots": [
      {
        "type": "image",
        "slot_name": "0",
        "width": 512,
        "height": 512,
        "thumbnail_url": "https://darwin.v7labs.com/api/v2/teams/salvino/files/f4d47fd7-73ba-49c6-98fc-0829558767ce/thumbnail",
        "source_files": [
          {
            "file_name": "fusilli.4qegv3ps.ingestion-5fd995d986-fwdsf.jpg",
            "url": "https://darwin.v7labs.com/api/v2/teams/salvino/uploads/0553a79e-a8b0-4e37-af9d-0da9bdba4cad"
          }
        ]
      }
    ]
  },
  "annotations": [
    {
      "bounding_box": {
        "h": 300.0,
        "w": 272.0,
        "x": 147.0,
        "y": 55.0
      },
      "id": "7bfbdd82-57fd-4b9e-82b4-3b30aafc0cc9",
      "name": "Fusilli",
      "polygon": {
        "paths": [
          [
            {
              "x": 411.0,
              "y": 76.0
            },
            {
              "x": 410.0,
              "y": 75.0
            },
            {
              "x": 406.0,
              "y": 74.0
            },
            {
              "x": 405.0,
              "y": 75.0
            },
            {
              "x": 402.0,
              "y": 75.0
            },
            {
              "x": 399.0,
              "y": 77.0
            },
            {
              "x": 397.0,
              "y": 77.0
            },
            {
              "x": 394.0,
              "y": 79.0
            },
            {
              "x": 392.0,
              "y": 79.0
            },
            {
              "x": 390.0,
              "y": 81.0
            },
            {
              "x": 388.0,
              "y": 81.0
            },
            {
              "x": 387.0,
              "y": 82.0
            },
            {
              "x": 381.0,
              "y": 82.0
            },
            {
              "x": 376.0,
              "y": 76.0
            },
            {
              "x": 376.0,
              "y": 67.0
            },
            {
              "x": 375.0,
              "y": 66.0
            },
            {
              "x": 374.0,
              "y": 61.0
            },
            {
              "x": 368.0,
              "y": 56.0
            },
            {
              "x": 365.0,
              "y": 56.0
            },
            {
              "x": 364.0,
              "y": 55.0
            },
            {
              "x": 362.0,
              "y": 56.0
            },
            {
              "x": 359.0,
              "y": 56.0
            },
            {
              "x": 354.0,
              "y": 66.0
            },
            {
              "x": 354.0,
              "y": 81.0
            },
            {
              "x": 355.0,
              "y": 82.0
            },
            {
              "x": 355.0,
              "y": 84.0
            },
            {
              "x": 354.0,
              "y": 85.0
            },
            {
              "x": 354.0,
              "y": 88.0
            },
            {
              "x": 353.0,
              "y": 89.0
            },
            {
              "x": 351.0,
              "y": 89.0
            },
            {
              "x": 347.0,
              "y": 86.0
            },
            {
              "x": 345.0,
              "y": 86.0
            },
            {
              "x": 343.0,
              "y": 84.0
            },
            {
              "x": 339.0,
              "y": 82.0
            },
            {
              "x": 335.0,
              "y": 82.0
            },
            {
              "x": 334.0,
              "y": 81.0
            },
            {
              "x": 330.0,
              "y": 81.0
            },
            {
              "x": 328.0,
              "y": 82.0
            },
            {
              "x": 324.0,
              "y": 86.0
            },
            {
              "x": 324.0,
              "y": 91.0
            },
            {
              "x": 323.0,
              "y": 92.0
            },
            {
              "x": 323.0,
              "y": 104.0
            },
            {
              "x": 324.0,
              "y": 105.0
            },
            {
              "x": 324.0,
              "y": 112.0
            },
            {
              "x": 322.0,
              "y": 116.0
            },
            {
              "x": 319.0,
              "y": 116.0
            },
            {
              "x": 317.0,
              "y": 114.0
            },
            {
              "x": 311.0,
              "y": 111.0
            },
            {
              "x": 308.0,
              "y": 111.0
            },
            {
              "x": 306.0,
              "y": 109.0
            },
            {
              "x": 301.0,
              "y": 109.0
            },
            {
              "x": 300.0,
              "y": 108.0
            },
            {
              "x": 298.0,
              "y": 109.0
            },
            {
              "x": 295.0,
              "y": 109.0
            },
            {
              "x": 292.0,
              "y": 112.0
            },
            {
              "x": 292.0,
              "y": 114.0
            },
            {
              "x": 291.0,
              "y": 115.0
            },
            {
              "x": 291.0,
              "y": 122.0
            },
            {
              "x": 290.0,
              "y": 123.0
            },
            {
              "x": 290.0,
              "y": 130.0
            },
            {
              "x": 291.0,
              "y": 131.0
            },
            {
              "x": 291.0,
              "y": 136.0
            },
            {
              "x": 292.0,
              "y": 137.0
            },
            {
              "x": 292.0,
              "y": 141.0
            },
            {
              "x": 291.0,
              "y": 143.0
            },
            {
              "x": 290.0,
              "y": 144.0
            },
            {
              "x": 288.0,
              "y": 144.0
            },
            {
              "x": 282.0,
              "y": 141.0
            },
            {
              "x": 278.0,
              "y": 141.0
            },
            {
              "x": 275.0,
              "y": 139.0
            },
            {
              "x": 265.0,
              "y": 139.0
            },
            {
              "x": 263.0,
              "y": 141.0
            },
            {
              "x": 262.0,
              "y": 141.0
            },
            {
              "x": 262.0,
              "y": 142.0
            },
            {
              "x": 259.0,
              "y": 145.0
            },
            {
              "x": 259.0,
              "y": 161.0
            },
            {
              "x": 261.0,
              "y": 165.0
            },
            {
              "x": 262.0,
              "y": 173.0
            },
            {
              "x": 261.0,
              "y": 174.0
            },
            {
              "x": 255.0,
              "y": 174.0
            },
            {
              "x": 254.0,
              "y": 173.0
            },
            {
              "x": 250.0,
              "y": 173.0
            },
            {
              "x": 249.0,
              "y": 172.0
            },
            {
              "x": 245.0,
              "y": 172.0
            },
            {
              "x": 243.0,
              "y": 171.0
            },
            {
              "x": 242.0,
              "y": 172.0
            },
            {
              "x": 236.0,
              "y": 173.0
            },
            {
              "x": 234.0,
              "y": 175.0
            },
            {
              "x": 234.0,
              "y": 176.0
            },
            {
              "x": 232.0,
              "y": 178.0
            },
            {
              "x": 232.0,
              "y": 196.0
            },
            {
              "x": 234.0,
              "y": 199.0
            },
            {
              "x": 234.0,
              "y": 206.0
            },
            {
              "x": 233.0,
              "y": 207.0
            },
            {
              "x": 230.0,
              "y": 207.0
            },
            {
              "x": 229.0,
              "y": 206.0
            },
            {
              "x": 211.0,
              "y": 206.0
            },
            {
              "x": 209.0,
              "y": 207.0
            },
            {
              "x": 207.0,
              "y": 210.0
            },
            {
              "x": 206.0,
              "y": 210.0
            },
            {
              "x": 206.0,
              "y": 211.0
            },
            {
              "x": 204.0,
              "y": 213.0
            },
            {
              "x": 204.0,
              "y": 234.0
            },
            {
              "x": 202.0,
              "y": 236.0
            },
            {
              "x": 198.0,
              "y": 238.0
            },
            {
              "x": 193.0,
              "y": 238.0
            },
            {
              "x": 190.0,
              "y": 240.0
            },
            {
              "x": 186.0,
              "y": 241.0
            },
            {
              "x": 181.0,
              "y": 251.0
            },
            {
              "x": 181.0,
              "y": 267.0
            },
            {
              "x": 172.0,
              "y": 275.0
            },
            {
              "x": 171.0,
              "y": 275.0
            },
            {
              "x": 166.0,
              "y": 280.0
            },
            {
              "x": 165.0,
              "y": 280.0
            },
            {
              "x": 164.0,
              "y": 282.0
            },
            {
              "x": 163.0,
              "y": 282.0
            },
            {
              "x": 162.0,
              "y": 285.0
            },
            {
              "x": 160.0,
              "y": 287.0
            },
            {
              "x": 160.0,
              "y": 289.0
            },
            {
              "x": 158.0,
              "y": 291.0
            },
            {
              "x": 158.0,
              "y": 293.0
            },
            {
              "x": 156.0,
              "y": 294.0
            },
            {
              "x": 156.0,
              "y": 296.0
            },
            {
              "x": 154.0,
              "y": 298.0
            },
            {
              "x": 153.0,
              "y": 304.0
            },
            {
              "x": 151.0,
              "y": 307.0
            },
            {
              "x": 151.0,
              "y": 309.0
            },
            {
              "x": 149.0,
              "y": 312.0
            },
            {
              "x": 149.0,
              "y": 314.0
            },
            {
              "x": 147.0,
              "y": 318.0
            },
            {
              "x": 147.0,
              "y": 326.0
            },
            {
              "x": 151.0,
              "y": 329.0
            },
            {
              "x": 159.0,
              "y": 329.0
            },
            {
              "x": 163.0,
              "y": 327.0
            },
            {
              "x": 167.0,
              "y": 327.0
            },
            {
              "x": 170.0,
              "y": 325.0
            },
            {
              "x": 177.0,
              "y": 325.0
            },
            {
              "x": 179.0,
              "y": 328.0
            },
            {
              "x": 179.0,
              "y": 336.0
            },
            {
              "x": 181.0,
              "y": 340.0
            },
            {
              "x": 181.0,
              "y": 344.0
            },
            {
              "x": 183.0,
              "y": 346.0
            },
            {
              "x": 185.0,
              "y": 350.0
            },
            {
              "x": 188.0,
              "y": 353.0
            },
            {
              "x": 192.0,
              "y": 355.0
            },
            {
              "x": 197.0,
              "y": 355.0
            },
            {
              "x": 203.0,
              "y": 352.0
            },
            {
              "x": 205.0,
              "y": 350.0
            },
            {
              "x": 205.0,
              "y": 349.0
            },
            {
              "x": 207.0,
              "y": 348.0
            },
            {
              "x": 208.0,
              "y": 345.0
            },
            {
              "x": 210.0,
              "y": 343.0
            },
            {
              "x": 212.0,
              "y": 339.0
            },
            {
              "x": 214.0,
              "y": 338.0
            },
            {
              "x": 214.0,
              "y": 337.0
            },
            {
              "x": 225.0,
              "y": 327.0
            },
            {
              "x": 226.0,
              "y": 327.0
            },
            {
              "x": 230.0,
              "y": 324.0
            },
            {
              "x": 232.0,
              "y": 324.0
            },
            {
              "x": 234.0,
              "y": 322.0
            },
            {
              "x": 239.0,
              "y": 320.0
            },
            {
              "x": 244.0,
              "y": 316.0
            },
            {
              "x": 250.0,
              "y": 313.0
            },
            {
              "x": 256.0,
              "y": 306.0
            },
            {
              "x": 256.0,
              "y": 303.0
            },
            {
              "x": 257.0,
              "y": 302.0
            },
            {
              "x": 256.0,
              "y": 292.0
            },
            {
              "x": 255.0,
              "y": 291.0
            },
            {
              "x": 256.0,
              "y": 289.0
            },
            {
              "x": 260.0,
              "y": 286.0
            },
            {
              "x": 267.0,
              "y": 285.0
            },
            {
              "x": 269.0,
              "y": 283.0
            },
            {
              "x": 273.0,
              "y": 281.0
            },
            {
              "x": 276.0,
              "y": 278.0
            },
            {
              "x": 277.0,
              "y": 275.0
            },
            {
              "x": 279.0,
              "y": 273.0
            },
            {
              "x": 279.0,
              "y": 270.0
            },
            {
              "x": 280.0,
              "y": 269.0
            },
            {
              "x": 280.0,
              "y": 259.0
            },
            {
              "x": 281.0,
              "y": 257.0
            },
            {
              "x": 283.0,
              "y": 255.0
            },
            {
              "x": 286.0,
              "y": 255.0
            },
            {
              "x": 289.0,
              "y": 253.0
            },
            {
              "x": 291.0,
              "y": 253.0
            },
            {
              "x": 298.0,
              "y": 247.0
            },
            {
              "x": 302.0,
              "y": 240.0
            },
            {
              "x": 302.0,
              "y": 233.0
            },
            {
              "x": 303.0,
              "y": 232.0
            },
            {
              "x": 303.0,
              "y": 227.0
            },
            {
              "x": 306.0,
              "y": 224.0
            },
            {
              "x": 308.0,
              "y": 223.0
            },
            {
              "x": 311.0,
              "y": 223.0
            },
            {
              "x": 315.0,
              "y": 220.0
            },
            {
              "x": 318.0,
              "y": 219.0
            },
            {
              "x": 318.0,
              "y": 218.0
            },
            {
              "x": 320.0,
              "y": 217.0
            },
            {
              "x": 322.0,
              "y": 214.0
            },
            {
              "x": 323.0,
              "y": 214.0
            },
            {
              "x": 324.0,
              "y": 211.0
            },
            {
              "x": 327.0,
              "y": 207.0
            },
            {
              "x": 328.0,
              "y": 199.0
            },
            {
              "x": 331.0,
              "y": 196.0
            },
            {
              "x": 338.0,
              "y": 195.0
            },
            {
              "x": 340.0,
              "y": 193.0
            },
            {
              "x": 341.0,
              "y": 193.0
            },
            {
              "x": 350.0,
              "y": 184.0
            },
            {
              "x": 351.0,
              "y": 181.0
            },
            {
              "x": 353.0,
              "y": 179.0
            },
            {
              "x": 353.0,
              "y": 177.0
            },
            {
              "x": 357.0,
              "y": 172.0
            },
            {
              "x": 361.0,
              "y": 171.0
            },
            {
              "x": 362.0,
              "y": 170.0
            },
            {
              "x": 366.0,
              "y": 170.0
            },
            {
              "x": 371.0,
              "y": 166.0
            },
            {
              "x": 373.0,
              "y": 166.0
            },
            {
              "x": 373.0,
              "y": 165.0
            },
            {
              "x": 375.0,
              "y": 164.0
            },
            {
              "x": 379.0,
              "y": 159.0
            },
            {
              "x": 380.0,
              "y": 159.0
            },
            {
              "x": 381.0,
              "y": 156.0
            },
            {
              "x": 383.0,
              "y": 154.0
            },
            {
              "x": 383.0,
              "y": 151.0
            },
            {
              "x": 387.0,
              "y": 146.0
            },
            {
              "x": 389.0,
              "y": 145.0
            },
            {
              "x": 394.0,
              "y": 145.0
            },
            {
              "x": 397.0,
              "y": 143.0
            },
            {
              "x": 402.0,
              "y": 142.0
            },
            {
              "x": 411.0,
              "y": 133.0
            },
            {
              "x": 413.0,
              "y": 128.0
            },
            {
              "x": 415.0,
              "y": 126.0
            },
            {
              "x": 417.0,
              "y": 122.0
            },
            {
              "x": 417.0,
              "y": 119.0
            },
            {
              "x": 419.0,
              "y": 115.0
            },
            {
              "x": 419.0,
              "y": 98.0
            },
            {
              "x": 417.0,
              "y": 94.0
            },
            {
              "x": 417.0,
              "y": 90.0
            },
            {
              "x": 415.0,
              "y": 87.0
            },
            {
              "x": 415.0,
              "y": 84.0
            },
            {
              "x": 413.0,
              "y": 81.0
            },
            {
              "x": 413.0,
              "y": 79.0
            },
            {
              "x": 411.0,
              "y": 77.0
            }
          ]
        ]
      },
      "properties": [],
      "slot_names": [
        "0"
      ]
    }
  ]
}