{
  "version": "2.0",
  "schema_ref": "https://darwin-public.s3.eu-west-1.amazonaws.com/darwin_json/2.0/schema.json",
  "item": {
    "name": "fusilli.4qegtob7.ingestion-5fd995d986-9zbdz.jpg",
    "path": "/",
    "source_info": {
      "item_id": "018ea5b6-384d-1a8a-e484-984bb68938b6",
      "dataset": {
        "name": "Pasta",
        "slug": "pasta",
        "dataset_management_url": "https://darwin.v7labs.com/datasets/735230/dataset-management"
      },
      "team": {
        "name": "Salvino",
        "slug": "salvino"
      },
      "workview_url": "https://darwin.v7labs.com/workview?dataset=735230&item=018ea5b6-384d-1a8a-e484-984bb68938b6"
    },
    "slots": [
      {
        "type": "image",
        "slot_name": "0",
        "width": 512,
        "height": 512,
        "thumbnail_url": "https://darwin.v7labs.com/api/v2/teams/salvino/files/e0f495ca-e4b9-4be6-9327-d33b0e67b5f6/thumbnail",
        "source_files": [
          {
            "file_name": "fusilli.4qegtob7.ingestion-5fd995d986-9zbdz.jpg",
            "url": "https://darwin.v7labs.com/api/v2/teams/salvino/uploads/7d589cf4-5a1b-4328-a95b-11dd32ed0e23"
          }
        ]
      }
    ]
  },
  "annotations": [
    {
      "bounding_box": {
        "h": 122.0,
        "w": 155.0,
        "x": 194.0,
        "y": 203.0
      },
      "id": "6d3c95cf-88e2-4d9b-a860-983124f60e99",
      "name": "Fusilli",
      "polygon": {
        "paths": [
          [
            {
              "x": 196.0,
              "y": 206.0
            },
            {
              "x": 196.0,
              "y": 209.0
            },
            {
              "x": 198.0,
              "y": 211.0
            },
            {
              "x": 203.0,
              "y": 212.0
            },
            {
              "x": 205.0,
              "y": 216.0
            },
            {
              "x": 203.0,
              "y": 218.0
            },
            {
              "x": 203.0,
              "y": 219.0
            },
            {
              "x": 195.0,
              "y": 227.0
            },
            {
              "x": 194.0,
              "y": 229.0
            },
            {
              "x": 194.0,
              "y": 233.0
            },
            {
              "x": 195.0,
              "y": 234.0
            },
            {
              "x": 195.0,
              "y": 236.0
            },
            {
              "x": 196.0,
              "y": 236.0
            },
            {
              "x": 202.0,
              "y": 242.0
            },
            {
              "x": 204.0,
              "y": 243.0
            },
            {
              "x": 207.0,
              "y": 243.0
            },
            {
              "x": 208.0,
              "y": 244.0
            },
            {
              "x": 214.0,
              "y": 244.0
            },
            {
              "x": 215.0,
              "y": 243.0
            },
            {
              "x": 217.0,
              "y": 243.0
            },
            {
              "x": 219.0,
              "y": 245.0
            },
            {
              "x": 219.0,
              "y": 249.0
            },
            {
              "x": 221.0,
              "y": 253.0
            },
            {
              "x": 223.0,
              "y": 255.0
            },
            {
              "x": 230.0,
              "y": 255.0
            },
            {
              "x": 232.0,
              "y": 254.0
            },
            {
              "x": 233.0,
              "y": 255.0
            },
            {
              "x": 233.0,
              "y": 258.0
            },
            {
              "x": 235.0,
              "y": 261.0
            },
            {
              "x": 236.0,
              "y": 265.0
            },
            {
              "x": 240.0,
              "y": 268.0
            },
            {
              "x": 242.0,
              "y": 268.0
            },
            {
              "x": 243.0,
              "y": 267.0
            },
            {
              "x": 247.0,
              "y": 267.0
            },
            {
              "x": 249.0,
              "y": 270.0
            },
            {
              "x": 249.0,
              "y": 274.0
            },
            {
              "x": 253.0,
              "y": 279.0
            },
            {
              "x": 259.0,
              "y": 279.0
            },
            {
              "x": 261.0,
              "y": 277.0
            },
            {
              "x": 264.0,
              "y": 277.0
            },
            {
              "x": 266.0,
              "y": 281.0
            },
            {
              "x": 267.0,
              "y": 287.0
            },
            {
              "x": 269.0,
              "y": 290.0
            },
            {
              "x": 271.0,
              "y": 291.0
            },
            {
              "x": 277.0,
              "y": 291.0
            },
            {
              "x": 278.0,
              "y": 290.0
            },
            {
              "x": 282.0,
              "y": 289.0
            },
            {
              "x": 284.0,
              "y": 293.0
            },
            {
              "x": 284.0,
              "y": 296.0
            },
            {
              "x": 288.0,
              "y": 303.0
            },
            {
              "x": 290.0,
              "y": 303.0
            },
            {
              "x": 291.0,
              "y": 304.0
            },
            {
              "x": 300.0,
              "y": 303.0
            },
            {
              "x": 302.0,
              "y": 305.0
            },
            {
              "x": 302.0,
              "y": 308.0
            },
            {
              "x": 306.0,
              "y": 315.0
            },
            {
              "x": 308.0,
              "y": 316.0
            },
            {
              "x": 313.0,
              "y": 316.0
            },
            {
              "x": 314.0,
              "y": 315.0
            },
            {
              "x": 317.0,
              "y": 315.0
            },
            {
              "x": 318.0,
              "y": 314.0
            },
            {
              "x": 321.0,
              "y": 317.0
            },
            {
              "x": 322.0,
              "y": 321.0
            },
            {
              "x": 325.0,
              "y": 324.0
            },
            {
              "x": 327.0,
              "y": 324.0
            },
            {
              "x": 328.0,
              "y": 325.0
            },
            {
              "x": 331.0,
              "y": 324.0
            },
            {
              "x": 332.0,
              "y": 322.0
            },
            {
              "x": 332.0,
              "y": 320.0
            },
            {
              "x": 331.0,
              "y": 319.0
            },
            {
              "x": 331.0,
              "y": 311.0
            },
            {
              "x": 333.0,
              "y": 307.0
            },
            {
              "x": 336.0,
              "y": 303.0
            },
            {
              "x": 337.0,
              "y": 303.0
            },
            {
              "x": 340.0,
              "y": 300.0
            },
            {
              "x": 345.0,
              "y": 298.0
            },
            {
              "x": 349.0,
              "y": 293.0
            },
            {
              "x": 349.0,
              "y": 285.0
            },
            {
              "x": 348.0,
              "y": 284.0
            },
            {
              "x": 348.0,
              "y": 281.0
            },
            {
              "x": 342.0,
              "y": 275.0
            },
            {
              "x": 331.0,
              "y": 275.0
            },
            {
              "x": 329.0,
              "y": 273.0
            },
            {
              "x": 329.0,
              "y": 271.0
            },
            {
              "x": 326.0,
              "y": 266.0
            },
            {
              "x": 322.0,
              "y": 264.0
            },
            {
              "x": 313.0,
              "y": 264.0
            },
            {
              "x": 311.0,
              "y": 262.0
            },
            {
              "x": 311.0,
              "y": 259.0
            },
            {
              "x": 308.0,
              "y": 255.0
            },
            {
              "x": 308.0,
              "y": 254.0
            },
            {
              "x": 302.0,
              "y": 251.0
            },
            {
              "x": 296.0,
              "y": 251.0
            },
            {
              "x": 293.0,
              "y": 248.0
            },
            {
              "x": 292.0,
              "y": 245.0
            },
            {
              "x": 287.0,
              "y": 241.0
            },
            {
              "x": 280.0,
              "y": 241.0
            },
            {
              "x": 278.0,
              "y": 240.0
            },
            {
              "x": 277.0,
              "y": 239.0
            },
            {
              "x": 276.0,
              "y": 234.0
            },
            {
              "x": 273.0,
              "y": 231.0
            },
            {
              "x": 272.0,
              "y": 231.0
            },
            {
              "x": 270.0,
              "y": 229.0
            },
            {
              "x": 265.0,
              "y": 229.0
            },
            {
              "x": 264.0,
              "y": 228.0
            },
            {
              "x": 261.0,
              "y": 228.0
            },
            {
              "x": 260.0,
              "y": 227.0
            },
            {
              "x": 259.0,
              "y": 222.0
            },
            {
              "x": 256.0,
              "y": 218.0
            },
            {
              "x": 252.0,
              "y": 216.0
            },
            {
              "x": 246.0,
              "y": 216.0
            },
            {
              "x": 244.0,
              "y": 215.0
            },
            {
              "x": 241.0,
              "y": 212.0
            },
            {
              "x": 241.0,
              "y": 211.0
            },
            {
              "x": 240.0,
              "y": 211.0
            },
            {
              "x": 238.0,
              "y": 209.0
            },
            {
              "x": 230.0,
              "y": 208.0
            },
            {
              "x": 229.0,
              "y": 207.0
            },
            {
              "x": 217.0,
              "y": 206.0
            },
            {
              "x": 212.0,
              "y": 203.0
            },
            {
              "x": 202.0,
              "y": 203.0
            },
            {
              "x": 201.0,
              "y": 204.0
            },
            {
              "x": 199.0,
              "y": 204.0
            },
            {
              "x": 197.0,
              "y": 206.0
            }
          ]
        ]
      },
      "properties": [],
      "slot_names": [
        "0"
      ]
    }
  ]
}