{
  "version": "2.0",
  "schema_ref": "https://darwin-public.s3.eu-west-1.amazonaws.com/darwin_json/2.0/schema.json",
  "item": {
    "name": "fusilli.4qegv9tt.ingestion-5fd995d986-9zbdz.jpg",
    "path": "/",
    "source_info": {
      "item_id": "018ea5b6-384e-8b3b-8597-4bb02458b058",
      "dataset": {
        "name": "Pasta",
        "slug": "pasta",
        "dataset_management_url": "https://darwin.v7labs.com/datasets/735230/dataset-management"
      },
      "team": {
        "name": "Salvino",
        "slug": "salvino"
      },
      "workview_url": "https://darwin.v7labs.com/workview?dataset=735230&item=018ea5b6-384e-8b3b-8597-4bb02458b058"
    },
    "slots": [
      {
        "type": "image",
        "slot_name": "0",
        "width": 512,
        "height": 512,
        "thumbnail_url": "https://darwin.v7labs.com/api/v2/teams/salvino/files/c1a0c20e-1050-4e01-9d38-fbf23b40e124/thumbnail",
        "source_files": [
          {
            "file_name": "fusilli.4qegv9tt.ingestion-5fd995d986-9zbdz.jpg",
            "url": "https://darwin.v7labs.com/api/v2/teams/salvino/uploads/c4594d18-440f-4ca2-ab10-afc1f636d23c"
          }
        ]
      }
    ]
  },
  "annotations": [
    {
      "bounding_box": {
        "h": 315.0,
        "w": 253.0,
        "x": 124.0,
        "y": 119.0
      },
      "id": "68b175b5-6b51-4e5e-b889-eb5c4f604560",
      "name": "Fusilli",
      "polygon": {
        "paths": [
          [
            {
              "x": 136.0,
              "y": 137.0
            },
            {
              "x": 131.0,
              "y": 142.0
            },
            {
              "x": 130.0,
              "y": 144.0
            },
            {
              "x": 130.0,
              "y": 150.0
            },
            {
              "x": 131.0,
              "y": 151.0
            },
            {
              "x": 131.0,
              "y": 154.0
            },
            {
              "x": 130.0,
              "y": 156.0
            },
            {
              "x": 126.0,
              "y": 159.0
            },
            {
              "x": 124.0,
              "y": 163.0
            },
            {
              "x": 125.0,
              "y": 167.0
            },
            {
              "x": 126.0,
              "y": 168.0
            },
            {
              "x": 126.0,
              "y": 172.0
            },
            {
              "x": 128.0,
              "y": 175.0
            },
            {
              "x": 128.0,
              "y": 181.0
            },
            {
              "x": 129.0,
              "y": 182.0
            },
            {
              "x": 129.0,
              "y": 185.0
            },
            {
              "x": 130.0,
              "y": 186.0
            },
            {
              "x": 130.0,
              "y": 192.0
            },
            {
              "x": 131.0,
              "y": 193.0
            },
            {
              "x": 131.0,
              "y": 196.0
            },
            {
              "x": 132.0,
              "y": 197.0
            },
            {
              "x": 132.0,
              "y": 204.0
            },
            {
              "x": 134.0,
              "y": 207.0
            },
            {
              "x": 134.0,
              "y": 209.0
            },
            {
              "x": 136.0,
              "y": 210.0
            },
            {
              "x": 137.0,
              "y": 212.0
            },
            {
              "x": 141.0,
              "y": 214.0
            },
            {
              "x": 154.0,
              "y": 214.0
            },
            {
              "x": 155.0,
              "y": 215.0
            },
            {
              "x": 155.0,
              "y": 217.0
            },
            {
              "x": 156.0,
              "y": 218.0
            },
            {
              "x": 152.0,
              "y": 223.0
            },
            {
              "x": 150.0,
              "y": 227.0
            },
            {
              "x": 150.0,
              "y": 231.0
            },
            {
              "x": 149.0,
              "y": 232.0
            },
            {
              "x": 149.0,
              "y": 240.0
            },
            {
              "x": 150.0,
              "y": 241.0
            },
            {
              "x": 150.0,
              "y": 243.0
            },
            {
              "x": 151.0,
              "y": 243.0
            },
            {
              "x": 153.0,
              "y": 246.0
            },
            {
              "x": 155.0,
              "y": 246.0
            },
            {
              "x": 159.0,
              "y": 248.0
            },
            {
              "x": 172.0,
              "y": 248.0
            },
            {
              "x": 173.0,
              "y": 249.0
            },
            {
              "x": 173.0,
              "y": 252.0
            },
            {
              "x": 170.0,
              "y": 256.0
            },
            {
              "x": 170.0,
              "y": 259.0
            },
            {
              "x": 168.0,
              "y": 263.0
            },
            {
              "x": 168.0,
              "y": 275.0
            },
            {
              "x": 173.0,
              "y": 280.0
            },
            {
              "x": 177.0,
              "y": 282.0
            },
            {
              "x": 198.0,
              "y": 282.0
            },
            {
              "x": 199.0,
              "y": 283.0
            },
            {
              "x": 196.0,
              "y": 289.0
            },
            {
              "x": 196.0,
              "y": 291.0
            },
            {
              "x": 195.0,
              "y": 292.0
            },
            {
              "x": 195.0,
              "y": 298.0
            },
            {
              "x": 194.0,
              "y": 299.0
            },
            {
              "x": 194.0,
              "y": 306.0
            },
            {
              "x": 195.0,
              "y": 307.0
            },
            {
              "x": 195.0,
              "y": 311.0
            },
            {
              "x": 197.0,
              "y": 313.0
            },
            {
              "x": 197.0,
              "y": 314.0
            },
            {
              "x": 204.0,
              "y": 319.0
            },
            {
              "x": 207.0,
              "y": 319.0
            },
            {
              "x": 208.0,
              "y": 320.0
            },
            {
              "x": 218.0,
              "y": 320.0
            },
            {
              "x": 219.0,
              "y": 319.0
            },
            {
              "x": 221.0,
              "y": 319.0
            },
            {
              "x": 223.0,
              "y": 321.0
            },
            {
              "x": 223.0,
              "y": 326.0
            },
            {
              "x": 222.0,
              "y": 327.0
            },
            {
              "x": 222.0,
              "y": 343.0
            },
            {
              "x": 225.0,
              "y": 349.0
            },
            {
              "x": 231.0,
              "y": 354.0
            },
            {
              "x": 235.0,
              "y": 355.0
            },
            {
              "x": 236.0,
              "y": 356.0
            },
            {
              "x": 238.0,
              "y": 356.0
            },
            {
              "x": 239.0,
              "y": 357.0
            },
            {
              "x": 245.0,
              "y": 358.0
            },
            {
              "x": 247.0,
              "y": 360.0
            },
            {
              "x": 248.0,
              "y": 362.0
            },
            {
              "x": 248.0,
              "y": 375.0
            },
            {
              "x": 249.0,
              "y": 376.0
            },
            {
              "x": 249.0,
              "y": 379.0
            },
            {
              "x": 250.0,
              "y": 381.0
            },
            {
              "x": 257.0,
              "y": 389.0
            },
            {
              "x": 258.0,
              "y": 389.0
            },
            {
              "x": 263.0,
              "y": 393.0
            },
            {
              "x": 270.0,
              "y": 394.0
            },
            {
              "x": 275.0,
              "y": 397.0
            },
            {
              "x": 275.0,
              "y": 400.0
            },
            {
              "x": 276.0,
              "y": 401.0
            },
            {
              "x": 276.0,
              "y": 411.0
            },
            {
              "x": 278.0,
              "y": 414.0
            },
            {
              "x": 278.0,
              "y": 416.0
            },
            {
              "x": 280.0,
              "y": 417.0
            },
            {
              "x": 280.0,
              "y": 418.0
            },
            {
              "x": 284.0,
              "y": 422.0
            },
            {
              "x": 284.0,
              "y": 423.0
            },
            {
              "x": 286.0,
              "y": 423.0
            },
            {
              "x": 287.0,
              "y": 425.0
            },
            {
              "x": 293.0,
              "y": 428.0
            },
            {
              "x": 299.0,
              "y": 429.0
            },
            {
              "x": 309.0,
              "y": 434.0
            },
            {
              "x": 315.0,
              "y": 434.0
            },
            {
              "x": 318.0,
              "y": 432.0
            },
            {
              "x": 324.0,
              "y": 432.0
            },
            {
              "x": 325.0,
              "y": 431.0
            },
            {
              "x": 329.0,
              "y": 431.0
            },
            {
              "x": 333.0,
              "y": 429.0
            },
            {
              "x": 336.0,
              "y": 429.0
            },
            {
              "x": 338.0,
              "y": 427.0
            },
            {
              "x": 341.0,
              "y": 427.0
            },
            {
              "x": 343.0,
              "y": 425.0
            },
            {
              "x": 346.0,
              "y": 425.0
            },
            {
              "x": 348.0,
              "y": 423.0
            },
            {
              "x": 350.0,
              "y": 423.0
            },
            {
              "x": 352.0,
              "y": 421.0
            },
            {
              "x": 355.0,
              "y": 420.0
            },
            {
              "x": 359.0,
              "y": 416.0
            },
            {
              "x": 360.0,
              "y": 412.0
            },
            {
              "x": 357.0,
              "y": 407.0
            },
            {
              "x": 357.0,
              "y": 405.0
            },
            {
              "x": 353.0,
              "y": 397.0
            },
            {
              "x": 351.0,
              "y": 395.0
            },
            {
              "x": 351.0,
              "y": 392.0
            },
            {
              "x": 353.0,
              "y": 390.0
            },
            {
              "x": 362.0,
              "y": 390.0
            },
            {
              "x": 363.0,
              "y": 389.0
            },
            {
              "x": 366.0,
              "y": 389.0
            },
            {
              "x": 373.0,
              "y": 383.0
            },
            {
              "x": 377.0,
              "y": 376.0
            },
            {
              "x": 377.0,
              "y": 368.0
            },
            {
              "x": 375.0,
              "y": 364.0
            },
            {
              "x": 369.0,
              "y": 359.0
            },
            {
              "x": 365.0,
              "y": 359.0
            },
            {
              "x": 359.0,
              "y": 356.0
            },
            {
              "x": 350.0,
              "y": 356.0
            },
            {
              "x": 348.0,
              "y": 354.0
            },
            {
              "x": 348.0,
              "y": 350.0
            },
            {
              "x": 350.0,
              "y": 346.0
            },
            {
              "x": 350.0,
              "y": 336.0
            },
            {
              "x": 348.0,
              "y": 332.0
            },
            {
              "x": 343.0,
              "y": 327.0
            },
            {
              "x": 341.0,
              "y": 327.0
            },
            {
              "x": 338.0,
              "y": 325.0
            },
            {
              "x": 334.0,
              "y": 325.0
            },
            {
              "x": 330.0,
              "y": 323.0
            },
            {
              "x": 325.0,
              "y": 323.0
            },
            {
              "x": 321.0,
              "y": 320.0
            },
            {
              "x": 322.0,
              "y": 318.0
            },
            {
              "x": 322.0,
              "y": 301.0
            },
            {
              "x": 320.0,
              "y": 299.0
            },
            {
              "x": 319.0,
              "y": 296.0
            },
            {
              "x": 318.0,
              "y": 296.0
            },
            {
              "x": 317.0,
              "y": 294.0
            },
            {
              "x": 315.0,
              "y": 293.0
            },
            {
              "x": 315.0,
              "y": 292.0
            },
            {
              "x": 309.0,
              "y": 289.0
            },
            {
              "x": 307.0,
              "y": 289.0
            },
            {
              "x": 304.0,
              "y": 287.0
            },
            {
              "x": 298.0,
              "y": 287.0
            },
            {
              "x": 297.0,
              "y": 285.0
            },
            {
              "x": 295.0,
              "y": 284.0
            },
            {
              "x": 296.0,
              "y": 274.0
            },
            {
              "x": 295.0,
              "y": 273.0
            },
            {
              "x": 295.0,
              "y": 268.0
            },
            {
              "x": 293.0,
              "y": 266.0
            },
            {
              "x": 292.0,
              "y": 263.0
            },
            {
              "x": 288.0,
              "y": 259.0
            },
            {
              "x": 285.0,
              "y": 258.0
            },
            {
              "x": 283.0,
              "y": 256.0
            },
            {
              "x": 277.0,
              "y": 253.0
            },
            {
              "x": 274.0,
              "y": 253.0
            },
            {
              "x": 272.0,
              "y": 251.0
            },
            {
              "x": 271.0,
              "y": 245.0
            },
            {
              "x": 270.0,
              "y": 244.0
            },
            {
              "x": 270.0,
              "y": 240.0
            },
            {
              "x": 266.0,
              "y": 235.0
            },
            {
              "x": 266.0,
              "y": 233.0
            },
            {
              "x": 262.0,
              "y": 231.0
            },
            {
              "x": 261.0,
              "y": 229.0
            },
            {
              "x": 260.0,
              "y": 229.0
            },
            {
              "x": 258.0,
              "y": 227.0
            },
            {
              "x": 256.0,
              "y": 227.0
            },
            {
              "x": 254.0,
              "y": 225.0
            },
            {
              "x": 251.0,
              "y": 224.0
            },
            {
              "x": 248.0,
              "y": 221.0
            },
            {
              "x": 248.0,
              "y": 211.0
            },
            {
              "x": 245.0,
              "y": 206.0
            },
            {
              "x": 245.0,
              "y": 204.0
            },
            {
              "x": 243.0,
              "y": 203.0
            },
            {
              "x": 243.0,
              "y": 202.0
            },
            {
              "x": 239.0,
              "y": 198.0
            },
            {
              "x": 239.0,
              "y": 197.0
            },
            {
              "x": 231.0,
              "y": 193.0
            },
            {
              "x": 228.0,
              "y": 190.0
            },
            {
              "x": 227.0,
              "y": 188.0
            },
            {
              "x": 227.0,
              "y": 178.0
            },
            {
              "x": 225.0,
              "y": 176.0
            },
            {
              "x": 225.0,
              "y": 174.0
            },
            {
              "x": 223.0,
              "y": 172.0
            },
            {
              "x": 223.0,
              "y": 171.0
            },
            {
              "x": 222.0,
              "y": 171.0
            },
            {
              "x": 218.0,
              "y": 166.0
            },
            {
              "x": 217.0,
              "y": 166.0
            },
            {
              "x": 212.0,
              "y": 162.0
            },
            {
              "x": 209.0,
              "y": 161.0
            },
            {
              "x": 207.0,
              "y": 159.0
            },
            {
              "x": 205.0,
              "y": 159.0
            },
            {
              "x": 201.0,
              "y": 156.0
            },
            {
              "x": 201.0,
              "y": 153.0
            },
            {
              "x": 198.0,
              "y": 149.0
            },
            {
              "x": 198.0,
              "y": 146.0
            },
            {
              "x": 194.0,
              "y": 138.0
            },
            {
              "x": 192.0,
              "y": 136.0
            },
            {
              "x": 191.0,
              "y": 133.0
            },
            {
              "x": 189.0,
              "y": 132.0
            },
            {
              "x": 189.0,
              "y": 130.0
            },
            {
              "x": 188.0,
              "y": 130.0
            },
            {
              "x": 187.0,
              "y": 128.0
            },
            {
              "x": 186.0,
              "y": 128.0
            },
            {
              "x": 185.0,
              "y": 126.0
            },
            {
              "x": 184.0,
              "y": 126.0
            },
            {
              "x": 183.0,
              "y": 124.0
            },
            {
              "x": 180.0,
              "y": 122.0
            },
            {
              "x": 180.0,
              "y": 121.0
            },
            {
              "x": 176.0,
              "y": 120.0
            },
            {
              "x": 175.0,
              "y": 119.0
            },
            {
              "x": 171.0,
              "y": 121.0
            },
            {
              "x": 168.0,
              "y": 125.0
            },
            {
              "x": 166.0,
              "y": 129.0
            },
            {
              "x": 166.0,
              "y": 131.0
            },
            {
              "x": 164.0,
              "y": 134.0
            },
            {
              "x": 164.0,
              "y": 136.0
            },
            {
              "x": 163.0,
              "y": 137.0
            },
            {
              "x": 158.0,
              "y": 137.0
            },
            {
              "x": 156.0,
              "y": 135.0
            },
            {
              "x": 152.0,
              "y": 135.0
            },
            {
              "x": 151.0,
              "y": 134.0
            },
            {
              "x": 143.0,
              "y": 134.0
            },
            {
              "x": 142.0,
              "y": 135.0
            },
            {
              "x": 139.0,
              "y": 135.0
            },
            {
              "x": 137.0,
              "y": 137.0
            }
          ]
        ]
      },
      "properties": [],
      "slot_names": [
        "0"
      ]
    }
  ]
}