{
  "version": "2.0",
  "schema_ref": "https://darwin-public.s3.eu-west-1.amazonaws.com/darwin_json/2.0/schema.json",
  "item": {
    "name": "sedani.4qekpugq.ingestion-5fd995d986-fwdsf.jpg",
    "path": "/",
    "source_info": {
      "item_id": "018ea5b6-3852-434d-2434-9bb2b1eb490a",
      "dataset": {
        "name": "Pasta",
        "slug": "pasta",
        "dataset_management_url": "https://darwin.v7labs.com/datasets/735230/dataset-management"
      },
      "team": {
        "name": "Salvino",
        "slug": "salvino"
      },
      "workview_url": "https://darwin.v7labs.com/workview?dataset=735230&item=018ea5b6-3852-434d-2434-9bb2b1eb490a"
    },
    "slots": [
      {
        "type": "image",
        "slot_name": "0",
        "width": 512,
        "height": 512,
        "thumbnail_url": "https://darwin.v7labs.com/api/v2/teams/salvino/files/a89581c4-6c60-473f-89b9-5d572b969d81/thumbnail",
        "source_files": [
          {
            "file_name": "sedani.4qekpugq.ingestion-5fd995d986-fwdsf.jpg",
            "url": "https://darwin.v7labs.com/api/v2/teams/salvino/uploads/bba4d783-7697-47d3-854c-f7323097cd38"
          }
        ]
      }
    ]
  },
  "annotations": [
    {
      "bounding_box": {
        "h": 320.0,
        "w": 284.0,
        "x": 82.0,
        "y": 141.0
      },
      "id": "ef61f018-e1b9-4184-aa27-f04fc67c216e",
      "name": "Sedani",
      "polygon": {
        "paths": [
          [
            {
              "x": 355.0,
              "y": 160.0
            },
            {
              "x": 354.0,
              "y": 160.0
            },
            {
              "x": 348.0,
              "y": 155.0
            },
            {
              "x": 346.0,
              "y": 155.0
            },
            {
              "x": 344.0,
              "y": 153.0
            },
            {
              "x": 342.0,
              "y": 153.0
            },
            {
              "x": 341.0,
              "y": 151.0
            },
            {
              "x": 339.0,
              "y": 151.0
            },
            {
              "x": 337.0,
              "y": 149.0
            },
            {
              "x": 333.0,
              "y": 147.0
            },
            {
              "x": 331.0,
              "y": 147.0
            },
            {
              "x": 328.0,
              "y": 145.0
            },
            {
              "x": 325.0,
              "y": 145.0
            },
            {
              "x": 322.0,
              "y": 143.0
            },
            {
              "x": 319.0,
              "y": 143.0
            },
            {
              "x": 318.0,
              "y": 142.0
            },
            {
              "x": 315.0,
              "y": 142.0
            },
            {
              "x": 314.0,
              "y": 141.0
            },
            {
              "x": 307.0,
              "y": 141.0
            },
            {
              "x": 305.0,
              "y": 143.0
            },
            {
              "x": 304.0,
              "y": 143.0
            },
            {
              "x": 300.0,
              "y": 147.0
            },
            {
              "x": 300.0,
              "y": 148.0
            },
            {
              "x": 298.0,
              "y": 150.0
            },
            {
              "x": 298.0,
              "y": 152.0
            },
            {
              "x": 294.0,
              "y": 157.0
            },
            {
              "x": 294.0,
              "y": 160.0
            },
            {
              "x": 292.0,
              "y": 162.0
            },
            {
              "x": 292.0,
              "y": 164.0
            },
            {
              "x": 290.0,
              "y": 166.0
            },
            {
              "x": 290.0,
              "y": 168.0
            },
            {
              "x": 288.0,
              "y": 171.0
            },
            {
              "x": 288.0,
              "y": 173.0
            },
            {
              "x": 286.0,
              "y": 175.0
            },
            {
              "x": 286.0,
              "y": 177.0
            },
            {
              "x": 284.0,
              "y": 180.0
            },
            {
              "x": 284.0,
              "y": 182.0
            },
            {
              "x": 282.0,
              "y": 184.0
            },
            {
              "x": 279.0,
              "y": 191.0
            },
            {
              "x": 276.0,
              "y": 194.0
            },
            {
              "x": 276.0,
              "y": 196.0
            },
            {
              "x": 274.0,
              "y": 198.0
            },
            {
              "x": 273.0,
              "y": 202.0
            },
            {
              "x": 270.0,
              "y": 205.0
            },
            {
              "x": 269.0,
              "y": 209.0
            },
            {
              "x": 267.0,
              "y": 211.0
            },
            {
              "x": 267.0,
              "y": 212.0
            },
            {
              "x": 265.0,
              "y": 214.0
            },
            {
              "x": 265.0,
              "y": 215.0
            },
            {
              "x": 263.0,
              "y": 217.0
            },
            {
              "x": 263.0,
              "y": 218.0
            },
            {
              "x": 261.0,
              "y": 220.0
            },
            {
              "x": 257.0,
              "y": 227.0
            },
            {
              "x": 255.0,
              "y": 228.0
            },
            {
              "x": 254.0,
              "y": 231.0
            },
            {
              "x": 251.0,
              "y": 234.0
            },
            {
              "x": 251.0,
              "y": 235.0
            },
            {
              "x": 249.0,
              "y": 236.0
            },
            {
              "x": 247.0,
              "y": 241.0
            },
            {
              "x": 245.0,
              "y": 242.0
            },
            {
              "x": 241.0,
              "y": 249.0
            },
            {
              "x": 239.0,
              "y": 250.0
            },
            {
              "x": 238.0,
              "y": 253.0
            },
            {
              "x": 234.0,
              "y": 257.0
            },
            {
              "x": 234.0,
              "y": 258.0
            },
            {
              "x": 232.0,
              "y": 259.0
            },
            {
              "x": 232.0,
              "y": 260.0
            },
            {
              "x": 228.0,
              "y": 264.0
            },
            {
              "x": 228.0,
              "y": 265.0
            },
            {
              "x": 224.0,
              "y": 269.0
            },
            {
              "x": 224.0,
              "y": 270.0
            },
            {
              "x": 222.0,
              "y": 271.0
            },
            {
              "x": 222.0,
              "y": 272.0
            },
            {
              "x": 216.0,
              "y": 278.0
            },
            {
              "x": 216.0,
              "y": 279.0
            },
            {
              "x": 210.0,
              "y": 285.0
            },
            {
              "x": 210.0,
              "y": 286.0
            },
            {
              "x": 207.0,
              "y": 288.0
            },
            {
              "x": 207.0,
              "y": 289.0
            },
            {
              "x": 200.0,
              "y": 296.0
            },
            {
              "x": 200.0,
              "y": 297.0
            },
            {
              "x": 195.0,
              "y": 301.0
            },
            {
              "x": 193.0,
              "y": 305.0
            },
            {
              "x": 191.0,
              "y": 306.0
            },
            {
              "x": 191.0,
              "y": 307.0
            },
            {
              "x": 189.0,
              "y": 308.0
            },
            {
              "x": 189.0,
              "y": 309.0
            },
            {
              "x": 187.0,
              "y": 310.0
            },
            {
              "x": 187.0,
              "y": 311.0
            },
            {
              "x": 185.0,
              "y": 312.0
            },
            {
              "x": 185.0,
              "y": 313.0
            },
            {
              "x": 183.0,
              "y": 314.0
            },
            {
              "x": 183.0,
              "y": 315.0
            },
            {
              "x": 181.0,
              "y": 316.0
            },
            {
              "x": 181.0,
              "y": 317.0
            },
            {
              "x": 177.0,
              "y": 321.0
            },
            {
              "x": 176.0,
              "y": 321.0
            },
            {
              "x": 176.0,
              "y": 322.0
            },
            {
              "x": 174.0,
              "y": 323.0
            },
            {
              "x": 174.0,
              "y": 324.0
            },
            {
              "x": 172.0,
              "y": 325.0
            },
            {
              "x": 172.0,
              "y": 326.0
            },
            {
              "x": 170.0,
              "y": 327.0
            },
            {
              "x": 170.0,
              "y": 328.0
            },
            {
              "x": 168.0,
              "y": 329.0
            },
            {
              "x": 168.0,
              "y": 330.0
            },
            {
              "x": 166.0,
              "y": 331.0
            },
            {
              "x": 166.0,
              "y": 332.0
            },
            {
              "x": 164.0,
              "y": 333.0
            },
            {
              "x": 163.0,
              "y": 335.0
            },
            {
              "x": 162.0,
              "y": 335.0
            },
            {
              "x": 154.0,
              "y": 343.0
            },
            {
              "x": 153.0,
              "y": 343.0
            },
            {
              "x": 146.0,
              "y": 350.0
            },
            {
              "x": 145.0,
              "y": 350.0
            },
            {
              "x": 144.0,
              "y": 352.0
            },
            {
              "x": 140.0,
              "y": 354.0
            },
            {
              "x": 137.0,
              "y": 358.0
            },
            {
              "x": 133.0,
              "y": 360.0
            },
            {
              "x": 133.0,
              "y": 361.0
            },
            {
              "x": 131.0,
              "y": 362.0
            },
            {
              "x": 131.0,
              "y": 363.0
            },
            {
              "x": 129.0,
              "y": 364.0
            },
            {
              "x": 128.0,
              "y": 366.0
            },
            {
              "x": 127.0,
              "y": 366.0
            },
            {
              "x": 123.0,
              "y": 370.0
            },
            {
              "x": 119.0,
              "y": 372.0
            },
            {
              "x": 118.0,
              "y": 374.0
            },
            {
              "x": 114.0,
              "y": 376.0
            },
            {
              "x": 109.0,
              "y": 381.0
            },
            {
              "x": 108.0,
              "y": 381.0
            },
            {
              "x": 107.0,
              "y": 383.0
            },
            {
              "x": 100.0,
              "y": 387.0
            },
            {
              "x": 99.0,
              "y": 389.0
            },
            {
              "x": 92.0,
              "y": 393.0
            },
            {
              "x": 91.0,
              "y": 395.0
            },
            {
              "x": 88.0,
              "y": 396.0
            },
            {
              "x": 85.0,
              "y": 399.0
            },
            {
              "x": 82.0,
              "y": 406.0
            },
            {
              "x": 84.0,
              "y": 410.0
            },
            {
              "x": 86.0,
              "y": 412.0
            },
            {
              "x": 90.0,
              "y": 421.0
            },
            {
              "x": 92.0,
              "y": 423.0
            },
            {
              "x": 94.0,
              "y": 427.0
            },
            {
              "x": 96.0,
              "y": 428.0
            },
            {
              "x": 97.0,
              "y": 431.0
            },
            {
              "x": 100.0,
              "y": 434.0
            },
            {
              "x": 100.0,
              "y": 435.0
            },
            {
              "x": 116.0,
              "y": 451.0
            },
            {
              "x": 116.0,
              "y": 452.0
            },
            {
              "x": 125.0,
              "y": 460.0
            },
            {
              "x": 127.0,
              "y": 461.0
            },
            {
              "x": 130.0,
              "y": 461.0
            },
            {
              "x": 134.0,
              "y": 459.0
            },
            {
              "x": 137.0,
              "y": 456.0
            },
            {
              "x": 138.0,
              "y": 456.0
            },
            {
              "x": 138.0,
              "y": 455.0
            },
            {
              "x": 140.0,
              "y": 454.0
            },
            {
              "x": 141.0,
              "y": 452.0
            },
            {
              "x": 145.0,
              "y": 450.0
            },
            {
              "x": 146.0,
              "y": 448.0
            },
            {
              "x": 147.0,
              "y": 448.0
            },
            {
              "x": 150.0,
              "y": 445.0
            },
            {
              "x": 151.0,
              "y": 445.0
            },
            {
              "x": 155.0,
              "y": 441.0
            },
            {
              "x": 159.0,
              "y": 439.0
            },
            {
              "x": 159.0,
              "y": 438.0
            },
            {
              "x": 161.0,
              "y": 437.0
            },
            {
              "x": 162.0,
              "y": 435.0
            },
            {
              "x": 163.0,
              "y": 435.0
            },
            {
              "x": 170.0,
              "y": 429.0
            },
            {
              "x": 171.0,
              "y": 429.0
            },
            {
              "x": 171.0,
              "y": 428.0
            },
            {
              "x": 173.0,
              "y": 427.0
            },
            {
              "x": 173.0,
              "y": 426.0
            },
            {
              "x": 175.0,
              "y": 425.0
            },
            {
              "x": 175.0,
              "y": 424.0
            },
            {
              "x": 178.0,
              "y": 421.0
            },
            {
              "x": 182.0,
              "y": 419.0
            },
            {
              "x": 182.0,
              "y": 418.0
            },
            {
              "x": 184.0,
              "y": 417.0
            },
            {
              "x": 184.0,
              "y": 416.0
            },
            {
              "x": 186.0,
              "y": 415.0
            },
            {
              "x": 187.0,
              "y": 413.0
            },
            {
              "x": 188.0,
              "y": 413.0
            },
            {
              "x": 195.0,
              "y": 406.0
            },
            {
              "x": 196.0,
              "y": 406.0
            },
            {
              "x": 196.0,
              "y": 405.0
            },
            {
              "x": 198.0,
              "y": 404.0
            },
            {
              "x": 198.0,
              "y": 403.0
            },
            {
              "x": 200.0,
              "y": 402.0
            },
            {
              "x": 200.0,
              "y": 401.0
            },
            {
              "x": 202.0,
              "y": 400.0
            },
            {
              "x": 202.0,
              "y": 399.0
            },
            {
              "x": 204.0,
              "y": 398.0
            },
            {
              "x": 212.0,
              "y": 390.0
            },
            {
              "x": 212.0,
              "y": 389.0
            },
            {
              "x": 220.0,
              "y": 381.0
            },
            {
              "x": 221.0,
              "y": 381.0
            },
            {
              "x": 223.0,
              "y": 379.0
            },
            {
              "x": 223.0,
              "y": 378.0
            },
            {
              "x": 225.0,
              "y": 377.0
            },
            {
              "x": 225.0,
              "y": 376.0
            },
            {
              "x": 227.0,
              "y": 375.0
            },
            {
              "x": 227.0,
              "y": 374.0
            },
            {
              "x": 229.0,
              "y": 373.0
            },
            {
              "x": 230.0,
              "y": 371.0
            },
            {
              "x": 231.0,
              "y": 371.0
            },
            {
              "x": 232.0,
              "y": 369.0
            },
            {
              "x": 233.0,
              "y": 369.0
            },
            {
              "x": 234.0,
              "y": 367.0
            },
            {
              "x": 235.0,
              "y": 367.0
            },
            {
              "x": 235.0,
              "y": 366.0
            },
            {
              "x": 238.0,
              "y": 363.0
            },
            {
              "x": 238.0,
              "y": 362.0
            },
            {
              "x": 240.0,
              "y": 361.0
            },
            {
              "x": 241.0,
              "y": 359.0
            },
            {
              "x": 242.0,
              "y": 359.0
            },
            {
              "x": 242.0,
              "y": 358.0
            },
            {
              "x": 249.0,
              "y": 351.0
            },
            {
              "x": 249.0,
              "y": 350.0
            },
            {
              "x": 251.0,
              "y": 348.0
            },
            {
              "x": 252.0,
              "y": 348.0
            },
            {
              "x": 252.0,
              "y": 347.0
            },
            {
              "x": 256.0,
              "y": 343.0
            },
            {
              "x": 256.0,
              "y": 342.0
            },
            {
              "x": 264.0,
              "y": 334.0
            },
            {
              "x": 264.0,
              "y": 333.0
            },
            {
              "x": 266.0,
              "y": 332.0
            },
            {
              "x": 266.0,
              "y": 331.0
            },
            {
              "x": 269.0,
              "y": 328.0
            },
            {
              "x": 269.0,
              "y": 327.0
            },
            {
              "x": 271.0,
              "y": 326.0
            },
            {
              "x": 272.0,
              "y": 324.0
            },
            {
              "x": 273.0,
              "y": 324.0
            },
            {
              "x": 274.0,
              "y": 321.0
            },
            {
              "x": 278.0,
              "y": 317.0
            },
            {
              "x": 278.0,
              "y": 316.0
            },
            {
              "x": 281.0,
              "y": 313.0
            },
            {
              "x": 281.0,
              "y": 312.0
            },
            {
              "x": 283.0,
              "y": 311.0
            },
            {
              "x": 287.0,
              "y": 304.0
            },
            {
              "x": 289.0,
              "y": 303.0
            },
            {
              "x": 291.0,
              "y": 299.0
            },
            {
              "x": 299.0,
              "y": 290.0
            },
            {
              "x": 300.0,
              "y": 287.0
            },
            {
              "x": 302.0,
              "y": 286.0
            },
            {
              "x": 302.0,
              "y": 284.0
            },
            {
              "x": 304.0,
              "y": 282.0
            },
            {
              "x": 304.0,
              "y": 281.0
            },
            {
              "x": 306.0,
              "y": 280.0
            },
            {
              "x": 310.0,
              "y": 273.0
            },
            {
              "x": 313.0,
              "y": 270.0
            },
            {
              "x": 314.0,
              "y": 267.0
            },
            {
              "x": 316.0,
              "y": 266.0
            },
            {
              "x": 316.0,
              "y": 264.0
            },
            {
              "x": 318.0,
              "y": 262.0
            },
            {
              "x": 320.0,
              "y": 258.0
            },
            {
              "x": 323.0,
              "y": 255.0
            },
            {
              "x": 324.0,
              "y": 252.0
            },
            {
              "x": 326.0,
              "y": 251.0
            },
            {
              "x": 326.0,
              "y": 249.0
            },
            {
              "x": 332.0,
              "y": 241.0
            },
            {
              "x": 335.0,
              "y": 234.0
            },
            {
              "x": 337.0,
              "y": 233.0
            },
            {
              "x": 337.0,
              "y": 231.0
            },
            {
              "x": 339.0,
              "y": 229.0
            },
            {
              "x": 340.0,
              "y": 226.0
            },
            {
              "x": 344.0,
              "y": 222.0
            },
            {
              "x": 345.0,
              "y": 219.0
            },
            {
              "x": 349.0,
              "y": 214.0
            },
            {
              "x": 351.0,
              "y": 209.0
            },
            {
              "x": 353.0,
              "y": 208.0
            },
            {
              "x": 353.0,
              "y": 206.0
            },
            {
              "x": 358.0,
              "y": 200.0
            },
            {
              "x": 359.0,
              "y": 197.0
            },
            {
              "x": 361.0,
              "y": 195.0
            },
            {
              "x": 361.0,
              "y": 193.0
            },
            {
              "x": 363.0,
              "y": 191.0
            },
            {
              "x": 364.0,
              "y": 187.0
            },
            {
              "x": 366.0,
              "y": 184.0
            },
            {
              "x": 366.0,
              "y": 174.0
            },
            {
              "x": 363.0,
              "y": 168.0
            },
            {
              "x": 362.0,
              "y": 168.0
            },
            {
              "x": 361.0,
              "y": 166.0
            },
            {
              "x": 359.0,
              "y": 165.0
            },
            {
              "x": 359.0,
              "y": 164.0
            }
          ]
        ]
      },
      "properties": [],
      "slot_names": [
        "0"
      ]
    }
  ]
}