{
  "version": "2.0",
  "schema_ref": "https://darwin-public.s3.eu-west-1.amazonaws.com/darwin_json/2.0/schema.json",
  "item": {
    "name": "sedani.4qekpo64.ingestion-5fd995d986-l5rgx.jpg",
    "path": "/",
    "source_info": {
      "item_id": "018ea5b6-3852-f2da-8740-f8c50f9eb31a",
      "dataset": {
        "name": "Pasta",
        "slug": "pasta",
        "dataset_management_url": "https://darwin.v7labs.com/datasets/735230/dataset-management"
      },
      "team": {
        "name": "Salvino",
        "slug": "salvino"
      },
      "workview_url": "https://darwin.v7labs.com/workview?dataset=735230&item=018ea5b6-3852-f2da-8740-f8c50f9eb31a"
    },
    "slots": [
      {
        "type": "image",
        "slot_name": "0",
        "width": 512,
        "height": 512,
        "thumbnail_url": "https://darwin.v7labs.com/api/v2/teams/salvino/files/5263b64b-6d61-43b4-9edb-3c820cd2e828/thumbnail",
        "source_files": [
          {
            "file_name": "sedani.4qekpo64.ingestion-5fd995d986-l5rgx.jpg",
            "url": "https://darwin.v7labs.com/api/v2/teams/salvino/uploads/26ea0c7d-6dd6-4705-b15a-865d92358eee"
          }
        ]
      }
    ]
  },
  "annotations": [
    {
      "bounding_box": {
        "h": 213.0,
        "w": 107.0,
        "x": 191.0,
        "y": 136.0
      },
      "id": "fda0dccf-9b26-4db0-a36e-32c95e1b875a",
      "name": "Sedani",
      "polygon": {
        "paths": [
          [
            {
              "x": 209.0,
              "y": 137.0
            },
            {
              "x": 199.0,
              "y": 142.0
            },
            {
              "x": 199.0,
              "y": 143.0
            },
            {
              "x": 195.0,
              "y": 145.0
            },
            {
              "x": 195.0,
              "y": 146.0
            },
            {
              "x": 192.0,
              "y": 149.0
            },
            {
              "x": 191.0,
              "y": 151.0
            },
            {
              "x": 191.0,
              "y": 162.0
            },
            {
              "x": 194.0,
              "y": 166.0
            },
            {
              "x": 195.0,
              "y": 169.0
            },
            {
              "x": 199.0,
              "y": 173.0
            },
            {
              "x": 199.0,
              "y": 175.0
            },
            {
              "x": 206.0,
              "y": 185.0
            },
            {
              "x": 206.0,
              "y": 187.0
            },
            {
              "x": 208.0,
              "y": 189.0
            },
            {
              "x": 211.0,
              "y": 196.0
            },
            {
              "x": 213.0,
              "y": 198.0
            },
            {
              "x": 213.0,
              "y": 200.0
            },
            {
              "x": 220.0,
              "y": 213.0
            },
            {
              "x": 221.0,
              "y": 218.0
            },
            {
              "x": 224.0,
              "y": 224.0
            },
            {
              "x": 224.0,
              "y": 227.0
            },
            {
              "x": 226.0,
              "y": 230.0
            },
            {
              "x": 227.0,
              "y": 237.0
            },
            {
              "x": 228.0,
              "y": 238.0
            },
            {
              "x": 229.0,
              "y": 244.0
            },
            {
              "x": 231.0,
              "y": 248.0
            },
            {
              "x": 231.0,
              "y": 252.0
            },
            {
              "x": 233.0,
              "y": 256.0
            },
            {
              "x": 234.0,
              "y": 266.0
            },
            {
              "x": 235.0,
              "y": 267.0
            },
            {
              "x": 235.0,
              "y": 270.0
            },
            {
              "x": 236.0,
              "y": 271.0
            },
            {
              "x": 236.0,
              "y": 276.0
            },
            {
              "x": 237.0,
              "y": 277.0
            },
            {
              "x": 237.0,
              "y": 282.0
            },
            {
              "x": 238.0,
              "y": 283.0
            },
            {
              "x": 239.0,
              "y": 301.0
            },
            {
              "x": 240.0,
              "y": 302.0
            },
            {
              "x": 240.0,
              "y": 311.0
            },
            {
              "x": 241.0,
              "y": 312.0
            },
            {
              "x": 241.0,
              "y": 314.0
            },
            {
              "x": 240.0,
              "y": 315.0
            },
            {
              "x": 240.0,
              "y": 319.0
            },
            {
              "x": 241.0,
              "y": 320.0
            },
            {
              "x": 241.0,
              "y": 330.0
            },
            {
              "x": 244.0,
              "y": 336.0
            },
            {
              "x": 244.0,
              "y": 338.0
            },
            {
              "x": 245.0,
              "y": 340.0
            },
            {
              "x": 248.0,
              "y": 341.0
            },
            {
              "x": 249.0,
              "y": 343.0
            },
            {
              "x": 253.0,
              "y": 346.0
            },
            {
              "x": 256.0,
              "y": 346.0
            },
            {
              "x": 259.0,
              "y": 348.0
            },
            {
              "x": 268.0,
              "y": 348.0
            },
            {
              "x": 269.0,
              "y": 349.0
            },
            {
              "x": 273.0,
              "y": 349.0
            },
            {
              "x": 274.0,
              "y": 348.0
            },
            {
              "x": 277.0,
              "y": 348.0
            },
            {
              "x": 278.0,
              "y": 347.0
            },
            {
              "x": 283.0,
              "y": 347.0
            },
            {
              "x": 287.0,
              "y": 344.0
            },
            {
              "x": 290.0,
              "y": 344.0
            },
            {
              "x": 290.0,
              "y": 343.0
            },
            {
              "x": 296.0,
              "y": 337.0
            },
            {
              "x": 297.0,
              "y": 331.0
            },
            {
              "x": 298.0,
              "y": 330.0
            },
            {
              "x": 298.0,
              "y": 321.0
            },
            {
              "x": 297.0,
              "y": 320.0
            },
            {
              "x": 297.0,
              "y": 315.0
            },
            {
              "x": 296.0,
              "y": 314.0
            },
            {
              "x": 296.0,
              "y": 309.0
            },
            {
              "x": 295.0,
              "y": 308.0
            },
            {
              "x": 295.0,
              "y": 303.0
            },
            {
              "x": 294.0,
              "y": 302.0
            },
            {
              "x": 294.0,
              "y": 295.0
            },
            {
              "x": 293.0,
              "y": 294.0
            },
            {
              "x": 292.0,
              "y": 287.0
            },
            {
              "x": 290.0,
              "y": 283.0
            },
            {
              "x": 290.0,
              "y": 277.0
            },
            {
              "x": 289.0,
              "y": 276.0
            },
            {
              "x": 289.0,
              "y": 273.0
            },
            {
              "x": 287.0,
              "y": 269.0
            },
            {
              "x": 286.0,
              "y": 261.0
            },
            {
              "x": 285.0,
              "y": 260.0
            },
            {
              "x": 285.0,
              "y": 258.0
            },
            {
              "x": 283.0,
              "y": 254.0
            },
            {
              "x": 283.0,
              "y": 250.0
            },
            {
              "x": 280.0,
              "y": 244.0
            },
            {
              "x": 279.0,
              "y": 236.0
            },
            {
              "x": 276.0,
              "y": 230.0
            },
            {
              "x": 276.0,
              "y": 228.0
            },
            {
              "x": 274.0,
              "y": 225.0
            },
            {
              "x": 273.0,
              "y": 220.0
            },
            {
              "x": 269.0,
              "y": 213.0
            },
            {
              "x": 269.0,
              "y": 210.0
            },
            {
              "x": 265.0,
              "y": 203.0
            },
            {
              "x": 265.0,
              "y": 201.0
            },
            {
              "x": 262.0,
              "y": 195.0
            },
            {
              "x": 262.0,
              "y": 193.0
            },
            {
              "x": 259.0,
              "y": 189.0
            },
            {
              "x": 255.0,
              "y": 181.0
            },
            {
              "x": 254.0,
              "y": 177.0
            },
            {
              "x": 252.0,
              "y": 175.0
            },
            {
              "x": 250.0,
              "y": 170.0
            },
            {
              "x": 248.0,
              "y": 168.0
            },
            {
              "x": 248.0,
              "y": 166.0
            },
            {
              "x": 245.0,
              "y": 163.0
            },
            {
              "x": 244.0,
              "y": 160.0
            },
            {
              "x": 242.0,
              "y": 158.0
            },
            {
              "x": 237.0,
              "y": 148.0
            },
            {
              "x": 231.0,
              "y": 141.0
            },
            {
              "x": 224.0,
              "y": 137.0
            },
            {
              "x": 217.0,
              "y": 137.0
            },
            {
              "x": 216.0,
              "y": 136.0
            },
            {
              "x": 214.0,
              "y": 137.0
            }
          ]
        ]
      },
      "properties": [],
      "slot_names": [
        "0"
      ]
    }
  ]
}