{
  "version": "2.0",
  "schema_ref": "https://darwin-public.s3.eu-west-1.amazonaws.com/darwin_json/2.0/schema.json",
  "item": {
    "name": "sedani.4qekljta.ingestion-5fd995d986-9zbdz.jpg",
    "path": "/",
    "source_info": {
      "item_id": "018ea5b6-3850-c9c7-5792-8202659e1fa2",
      "dataset": {
        "name": "Pasta",
        "slug": "pasta",
        "dataset_management_url": "https://darwin.v7labs.com/datasets/735230/dataset-management"
      },
      "team": {
        "name": "Salvino",
        "slug": "salvino"
      },
      "workview_url": "https://darwin.v7labs.com/workview?dataset=735230&item=018ea5b6-3850-c9c7-5792-8202659e1fa2"
    },
    "slots": [
      {
        "type": "image",
        "slot_name": "0",
        "width": 512,
        "height": 512,
        "thumbnail_url": "https://darwin.v7labs.com/api/v2/teams/salvino/files/e9ef027c-746a-4cb3-b34c-2939f1993864/thumbnail",
        "source_files": [
          {
            "file_name": "sedani.4qekljta.ingestion-5fd995d986-9zbdz.jpg",
            "url": "https://darwin.v7labs.com/api/v2/teams/salvino/uploads/3453ed3b-4542-4b42-afe9-00544b43cd8a"
          }
        ]
      }
    ]
  },
  "annotations": [
    {
      "bounding_box": {
        "h": 329.0,
        "w": 341.0,
        "x": 90.0,
        "y": 8.0
      },
      "id": "bbd497ae-d95f-47b6-80dc-9ab64a3ccead",
      "name": "Sedani",
      "polygon": {
        "paths": [
          [
            {
              "x": 95.0,
              "y": 28.0
            },
            {
              "x": 95.0,
              "y": 29.0
            },
            {
              "x": 92.0,
              "y": 33.0
            },
            {
              "x": 92.0,
              "y": 35.0
            },
            {
              "x": 90.0,
              "y": 37.0
            },
            {
              "x": 90.0,
              "y": 53.0
            },
            {
              "x": 92.0,
              "y": 55.0
            },
            {
              "x": 92.0,
              "y": 57.0
            },
            {
              "x": 94.0,
              "y": 59.0
            },
            {
              "x": 95.0,
              "y": 62.0
            },
            {
              "x": 100.0,
              "y": 68.0
            },
            {
              "x": 100.0,
              "y": 69.0
            },
            {
              "x": 105.0,
              "y": 75.0
            },
            {
              "x": 105.0,
              "y": 76.0
            },
            {
              "x": 107.0,
              "y": 77.0
            },
            {
              "x": 107.0,
              "y": 78.0
            },
            {
              "x": 118.0,
              "y": 90.0
            },
            {
              "x": 118.0,
              "y": 91.0
            },
            {
              "x": 123.0,
              "y": 96.0
            },
            {
              "x": 123.0,
              "y": 97.0
            },
            {
              "x": 124.0,
              "y": 97.0
            },
            {
              "x": 125.0,
              "y": 99.0
            },
            {
              "x": 126.0,
              "y": 99.0
            },
            {
              "x": 128.0,
              "y": 101.0
            },
            {
              "x": 128.0,
              "y": 102.0
            },
            {
              "x": 129.0,
              "y": 102.0
            },
            {
              "x": 131.0,
              "y": 104.0
            },
            {
              "x": 131.0,
              "y": 105.0
            },
            {
              "x": 143.0,
              "y": 117.0
            },
            {
              "x": 143.0,
              "y": 118.0
            },
            {
              "x": 145.0,
              "y": 119.0
            },
            {
              "x": 146.0,
              "y": 121.0
            },
            {
              "x": 148.0,
              "y": 122.0
            },
            {
              "x": 149.0,
              "y": 124.0
            },
            {
              "x": 154.0,
              "y": 128.0
            },
            {
              "x": 154.0,
              "y": 129.0
            },
            {
              "x": 166.0,
              "y": 141.0
            },
            {
              "x": 166.0,
              "y": 142.0
            },
            {
              "x": 168.0,
              "y": 143.0
            },
            {
              "x": 169.0,
              "y": 145.0
            },
            {
              "x": 170.0,
              "y": 145.0
            },
            {
              "x": 172.0,
              "y": 147.0
            },
            {
              "x": 172.0,
              "y": 148.0
            },
            {
              "x": 174.0,
              "y": 149.0
            },
            {
              "x": 174.0,
              "y": 150.0
            },
            {
              "x": 179.0,
              "y": 155.0
            },
            {
              "x": 179.0,
              "y": 156.0
            },
            {
              "x": 180.0,
              "y": 156.0
            },
            {
              "x": 184.0,
              "y": 160.0
            },
            {
              "x": 184.0,
              "y": 161.0
            },
            {
              "x": 210.0,
              "y": 187.0
            },
            {
              "x": 210.0,
              "y": 188.0
            },
            {
              "x": 212.0,
              "y": 189.0
            },
            {
              "x": 213.0,
              "y": 191.0
            },
            {
              "x": 216.0,
              "y": 194.0
            },
            {
              "x": 217.0,
              "y": 194.0
            },
            {
              "x": 218.0,
              "y": 196.0
            },
            {
              "x": 221.0,
              "y": 199.0
            },
            {
              "x": 222.0,
              "y": 199.0
            },
            {
              "x": 223.0,
              "y": 201.0
            },
            {
              "x": 226.0,
              "y": 204.0
            },
            {
              "x": 227.0,
              "y": 204.0
            },
            {
              "x": 228.0,
              "y": 206.0
            },
            {
              "x": 230.0,
              "y": 207.0
            },
            {
              "x": 231.0,
              "y": 209.0
            },
            {
              "x": 232.0,
              "y": 209.0
            },
            {
              "x": 233.0,
              "y": 211.0
            },
            {
              "x": 235.0,
              "y": 212.0
            },
            {
              "x": 236.0,
              "y": 214.0
            },
            {
              "x": 239.0,
              "y": 217.0
            },
            {
              "x": 240.0,
              "y": 217.0
            },
            {
              "x": 241.0,
              "y": 219.0
            },
            {
              "x": 244.0,
              "y": 222.0
            },
            {
              "x": 245.0,
              "y": 222.0
            },
            {
              "x": 246.0,
              "y": 224.0
            },
            {
              "x": 249.0,
              "y": 227.0
            },
            {
              "x": 250.0,
              "y": 227.0
            },
            {
              "x": 251.0,
              "y": 229.0
            },
            {
              "x": 253.0,
              "y": 230.0
            },
            {
              "x": 254.0,
              "y": 232.0
            },
            {
              "x": 256.0,
              "y": 233.0
            },
            {
              "x": 272.0,
              "y": 249.0
            },
            {
              "x": 272.0,
              "y": 250.0
            },
            {
              "x": 273.0,
              "y": 250.0
            },
            {
              "x": 297.0,
              "y": 274.0
            },
            {
              "x": 298.0,
              "y": 274.0
            },
            {
              "x": 302.0,
              "y": 278.0
            },
            {
              "x": 302.0,
              "y": 279.0
            },
            {
              "x": 303.0,
              "y": 279.0
            },
            {
              "x": 307.0,
              "y": 283.0
            },
            {
              "x": 307.0,
              "y": 284.0
            },
            {
              "x": 308.0,
              "y": 284.0
            },
            {
              "x": 318.0,
              "y": 294.0
            },
            {
              "x": 319.0,
              "y": 294.0
            },
            {
              "x": 320.0,
              "y": 295.0
            },
            {
              "x": 320.0,
              "y": 297.0
            },
            {
              "x": 322.0,
              "y": 297.0
            },
            {
              "x": 323.0,
              "y": 299.0
            },
            {
              "x": 324.0,
              "y": 299.0
            },
            {
              "x": 325.0,
              "y": 301.0
            },
            {
              "x": 327.0,
              "y": 302.0
            },
            {
              "x": 328.0,
              "y": 304.0
            },
            {
              "x": 329.0,
              "y": 304.0
            },
            {
              "x": 330.0,
              "y": 306.0
            },
            {
              "x": 332.0,
              "y": 307.0
            },
            {
              "x": 333.0,
              "y": 309.0
            },
            {
              "x": 334.0,
              "y": 309.0
            },
            {
              "x": 336.0,
              "y": 311.0
            },
            {
              "x": 336.0,
              "y": 312.0
            },
            {
              "x": 337.0,
              "y": 312.0
            },
            {
              "x": 338.0,
              "y": 314.0
            },
            {
              "x": 340.0,
              "y": 315.0
            },
            {
              "x": 341.0,
              "y": 317.0
            },
            {
              "x": 342.0,
              "y": 317.0
            },
            {
              "x": 343.0,
              "y": 319.0
            },
            {
              "x": 348.0,
              "y": 323.0
            },
            {
              "x": 349.0,
              "y": 325.0
            },
            {
              "x": 350.0,
              "y": 325.0
            },
            {
              "x": 361.0,
              "y": 335.0
            },
            {
              "x": 365.0,
              "y": 337.0
            },
            {
              "x": 371.0,
              "y": 337.0
            },
            {
              "x": 381.0,
              "y": 332.0
            },
            {
              "x": 383.0,
              "y": 332.0
            },
            {
              "x": 384.0,
              "y": 330.0
            },
            {
              "x": 386.0,
              "y": 330.0
            },
            {
              "x": 387.0,
              "y": 328.0
            },
            {
              "x": 393.0,
              "y": 325.0
            },
            {
              "x": 398.0,
              "y": 320.0
            },
            {
              "x": 399.0,
              "y": 320.0
            },
            {
              "x": 399.0,
              "y": 318.0
            },
            {
              "x": 403.0,
              "y": 315.0
            },
            {
              "x": 404.0,
              "y": 315.0
            },
            {
              "x": 409.0,
              "y": 310.0
            },
            {
              "x": 409.0,
              "y": 309.0
            },
            {
              "x": 416.0,
              "y": 302.0
            },
            {
              "x": 417.0,
              "y": 302.0
            },
            {
              "x": 417.0,
              "y": 301.0
            },
            {
              "x": 419.0,
              "y": 299.0
            },
            {
              "x": 419.0,
              "y": 298.0
            },
            {
              "x": 421.0,
              "y": 297.0
            },
            {
              "x": 422.0,
              "y": 294.0
            },
            {
              "x": 425.0,
              "y": 291.0
            },
            {
              "x": 425.0,
              "y": 290.0
            },
            {
              "x": 427.0,
              "y": 289.0
            },
            {
              "x": 427.0,
              "y": 287.0
            },
            {
              "x": 429.0,
              "y": 284.0
            },
            {
              "x": 429.0,
              "y": 282.0
            },
            {
              "x": 431.0,
              "y": 278.0
            },
            {
              "x": 429.0,
              "y": 274.0
            },
            {
              "x": 429.0,
              "y": 272.0
            },
            {
              "x": 426.0,
              "y": 269.0
            },
            {
              "x": 425.0,
              "y": 269.0
            },
            {
              "x": 424.0,
              "y": 267.0
            },
            {
              "x": 423.0,
              "y": 267.0
            },
            {
              "x": 422.0,
              "y": 265.0
            },
            {
              "x": 419.0,
              "y": 263.0
            },
            {
              "x": 419.0,
              "y": 262.0
            },
            {
              "x": 418.0,
              "y": 262.0
            },
            {
              "x": 413.0,
              "y": 257.0
            },
            {
              "x": 412.0,
              "y": 257.0
            },
            {
              "x": 410.0,
              "y": 254.0
            },
            {
              "x": 409.0,
              "y": 254.0
            },
            {
              "x": 401.0,
              "y": 246.0
            },
            {
              "x": 400.0,
              "y": 246.0
            },
            {
              "x": 399.0,
              "y": 244.0
            },
            {
              "x": 398.0,
              "y": 244.0
            },
            {
              "x": 396.0,
              "y": 242.0
            },
            {
              "x": 396.0,
              "y": 241.0
            },
            {
              "x": 395.0,
              "y": 241.0
            },
            {
              "x": 394.0,
              "y": 239.0
            },
            {
              "x": 393.0,
              "y": 239.0
            },
            {
              "x": 391.0,
              "y": 237.0
            },
            {
              "x": 391.0,
              "y": 236.0
            },
            {
              "x": 389.0,
              "y": 236.0
            },
            {
              "x": 388.0,
              "y": 234.0
            },
            {
              "x": 387.0,
              "y": 234.0
            },
            {
              "x": 386.0,
              "y": 232.0
            },
            {
              "x": 384.0,
              "y": 231.0
            },
            {
              "x": 373.0,
              "y": 220.0
            },
            {
              "x": 372.0,
              "y": 220.0
            },
            {
              "x": 368.0,
              "y": 216.0
            },
            {
              "x": 367.0,
              "y": 216.0
            },
            {
              "x": 365.0,
              "y": 214.0
            },
            {
              "x": 365.0,
              "y": 213.0
            },
            {
              "x": 364.0,
              "y": 213.0
            },
            {
              "x": 363.0,
              "y": 211.0
            },
            {
              "x": 361.0,
              "y": 210.0
            },
            {
              "x": 360.0,
              "y": 208.0
            },
            {
              "x": 359.0,
              "y": 208.0
            },
            {
              "x": 358.0,
              "y": 206.0
            },
            {
              "x": 356.0,
              "y": 205.0
            },
            {
              "x": 355.0,
              "y": 203.0
            },
            {
              "x": 354.0,
              "y": 203.0
            },
            {
              "x": 353.0,
              "y": 201.0
            },
            {
              "x": 350.0,
              "y": 199.0
            },
            {
              "x": 350.0,
              "y": 198.0
            },
            {
              "x": 348.0,
              "y": 198.0
            },
            {
              "x": 347.0,
              "y": 196.0
            },
            {
              "x": 344.0,
              "y": 193.0
            },
            {
              "x": 343.0,
              "y": 193.0
            },
            {
              "x": 342.0,
              "y": 191.0
            },
            {
              "x": 340.0,
              "y": 190.0
            },
            {
              "x": 296.0,
              "y": 146.0
            },
            {
              "x": 295.0,
              "y": 146.0
            },
            {
              "x": 294.0,
              "y": 144.0
            },
            {
              "x": 291.0,
              "y": 141.0
            },
            {
              "x": 290.0,
              "y": 141.0
            },
            {
              "x": 286.0,
              "y": 137.0
            },
            {
              "x": 286.0,
              "y": 136.0
            },
            {
              "x": 285.0,
              "y": 136.0
            },
            {
              "x": 281.0,
              "y": 132.0
            },
            {
              "x": 281.0,
              "y": 131.0
            },
            {
              "x": 280.0,
              "y": 131.0
            },
            {
              "x": 278.0,
              "y": 129.0
            },
            {
              "x": 278.0,
              "y": 128.0
            },
            {
              "x": 277.0,
              "y": 128.0
            },
            {
              "x": 276.0,
              "y": 126.0
            },
            {
              "x": 275.0,
              "y": 126.0
            },
            {
              "x": 273.0,
              "y": 124.0
            },
            {
              "x": 273.0,
              "y": 123.0
            },
            {
              "x": 272.0,
              "y": 123.0
            },
            {
              "x": 271.0,
              "y": 121.0
            },
            {
              "x": 270.0,
              "y": 121.0
            },
            {
              "x": 268.0,
              "y": 119.0
            },
            {
              "x": 268.0,
              "y": 118.0
            },
            {
              "x": 267.0,
              "y": 118.0
            },
            {
              "x": 263.0,
              "y": 114.0
            },
            {
              "x": 263.0,
              "y": 113.0
            },
            {
              "x": 262.0,
              "y": 113.0
            },
            {
              "x": 258.0,
              "y": 109.0
            },
            {
              "x": 258.0,
              "y": 108.0
            },
            {
              "x": 257.0,
              "y": 108.0
            },
            {
              "x": 255.0,
              "y": 106.0
            },
            {
              "x": 255.0,
              "y": 105.0
            },
            {
              "x": 254.0,
              "y": 105.0
            },
            {
              "x": 253.0,
              "y": 103.0
            },
            {
              "x": 252.0,
              "y": 103.0
            },
            {
              "x": 250.0,
              "y": 101.0
            },
            {
              "x": 250.0,
              "y": 100.0
            },
            {
              "x": 249.0,
              "y": 100.0
            },
            {
              "x": 245.0,
              "y": 96.0
            },
            {
              "x": 245.0,
              "y": 95.0
            },
            {
              "x": 244.0,
              "y": 95.0
            },
            {
              "x": 240.0,
              "y": 91.0
            },
            {
              "x": 240.0,
              "y": 90.0
            },
            {
              "x": 239.0,
              "y": 90.0
            },
            {
              "x": 237.0,
              "y": 88.0
            },
            {
              "x": 237.0,
              "y": 87.0
            },
            {
              "x": 235.0,
              "y": 86.0
            },
            {
              "x": 235.0,
              "y": 85.0
            },
            {
              "x": 233.0,
              "y": 85.0
            },
            {
              "x": 230.0,
              "y": 81.0
            },
            {
              "x": 230.0,
              "y": 80.0
            },
            {
              "x": 229.0,
              "y": 80.0
            },
            {
              "x": 227.0,
              "y": 78.0
            },
            {
              "x": 227.0,
              "y": 77.0
            },
            {
              "x": 226.0,
              "y": 77.0
            },
            {
              "x": 222.0,
              "y": 73.0
            },
            {
              "x": 222.0,
              "y": 72.0
            },
            {
              "x": 221.0,
              "y": 72.0
            },
            {
              "x": 216.0,
              "y": 67.0
            },
            {
              "x": 215.0,
              "y": 67.0
            },
            {
              "x": 214.0,
              "y": 65.0
            },
            {
              "x": 211.0,
              "y": 62.0
            },
            {
              "x": 210.0,
              "y": 62.0
            },
            {
              "x": 209.0,
              "y": 60.0
            },
            {
              "x": 207.0,
              "y": 59.0
            },
            {
              "x": 206.0,
              "y": 57.0
            },
            {
              "x": 205.0,
              "y": 57.0
            },
            {
              "x": 204.0,
              "y": 55.0
            },
            {
              "x": 202.0,
              "y": 54.0
            },
            {
              "x": 201.0,
              "y": 52.0
            },
            {
              "x": 200.0,
              "y": 52.0
            },
            {
              "x": 199.0,
              "y": 50.0
            },
            {
              "x": 197.0,
              "y": 49.0
            },
            {
              "x": 196.0,
              "y": 47.0
            },
            {
              "x": 193.0,
              "y": 44.0
            },
            {
              "x": 192.0,
              "y": 44.0
            },
            {
              "x": 191.0,
              "y": 42.0
            },
            {
              "x": 188.0,
              "y": 39.0
            },
            {
              "x": 187.0,
              "y": 39.0
            },
            {
              "x": 186.0,
              "y": 37.0
            },
            {
              "x": 184.0,
              "y": 36.0
            },
            {
              "x": 180.0,
              "y": 31.0
            },
            {
              "x": 178.0,
              "y": 30.0
            },
            {
              "x": 178.0,
              "y": 29.0
            },
            {
              "x": 177.0,
              "y": 29.0
            },
            {
              "x": 173.0,
              "y": 25.0
            },
            {
              "x": 172.0,
              "y": 25.0
            },
            {
              "x": 171.0,
              "y": 23.0
            },
            {
              "x": 167.0,
              "y": 21.0
            },
            {
              "x": 164.0,
              "y": 18.0
            },
            {
              "x": 160.0,
              "y": 16.0
            },
            {
              "x": 154.0,
              "y": 11.0
            },
            {
              "x": 152.0,
              "y": 11.0
            },
            {
              "x": 148.0,
              "y": 9.0
            },
            {
              "x": 144.0,
              "y": 9.0
            },
            {
              "x": 143.0,
              "y": 8.0
            },
            {
              "x": 132.0,
              "y": 8.0
            },
            {
              "x": 128.0,
              "y": 10.0
            },
            {
              "x": 121.0,
              "y": 11.0
            },
            {
              "x": 119.0,
              "y": 13.0
            },
            {
              "x": 117.0,
              "y": 13.0
            },
            {
              "x": 114.0,
              "y": 16.0
            },
            {
              "x": 111.0,
              "y": 16.0
            },
            {
              "x": 109.0,
              "y": 18.0
            },
            {
              "x": 106.0,
              "y": 19.0
            },
            {
              "x": 102.0,
              "y": 23.0
            },
            {
              "x": 101.0,
              "y": 23.0
            },
            {
              "x": 99.0,
              "y": 26.0
            },
            {
              "x": 97.0,
              "y": 26.0
            }
          ]
        ]
      },
      "properties": [],
      "slot_names": [
        "0"
      ]
    }
  ]
}