{
  "version": "2.0",
  "schema_ref": "https://darwin-public.s3.eu-west-1.amazonaws.com/darwin_json/2.0/schema.json",
  "item": {
    "name": "sedani.4qekm1eo.ingestion-5fd995d986-l5rgx.jpg",
    "path": "/",
    "source_info": {
      "item_id": "018ea5b6-3850-c77c-0b96-0c95dd9fee2c",
      "dataset": {
        "name": "Pasta",
        "slug": "pasta",
        "dataset_management_url": "https://darwin.v7labs.com/datasets/735230/dataset-management"
      },
      "team": {
        "name": "Salvino",
        "slug": "salvino"
      },
      "workview_url": "https://darwin.v7labs.com/workview?dataset=735230&item=018ea5b6-3850-c77c-0b96-0c95dd9fee2c"
    },
    "slots": [
      {
        "type": "image",
        "slot_name": "0",
        "width": 512,
        "height": 512,
        "thumbnail_url": "https://darwin.v7labs.com/api/v2/teams/salvino/files/2f389beb-ce89-464f-ad0e-48b1c7839dd9/thumbnail",
        "source_files": [
          {
            "file_name": "sedani.4qekm1eo.ingestion-5fd995d986-l5rgx.jpg",
            "url": "https://darwin.v7labs.com/api/v2/teams/salvino/uploads/849c597f-1c1c-4ae5-8a90-4a5cc3204c9d"
          }
        ]
      }
    ]
  },
  "annotations": [
    {
      "bounding_box": {
        "h": 335.0,
        "w": 101.0,
        "x": 102.0,
        "y": 20.0
      },
      "id": "6b0926f0-b795-4859-9c09-97f9830ad220",
      "name": "Sedani",
      "polygon": {
        "paths": [
          [
            {
              "x": 135.0,
              "y": 20.0
            },
            {
              "x": 125.0,
              "y": 25.0
            },
            {
              "x": 123.0,
              "y": 25.0
            },
            {
              "x": 121.0,
              "y": 27.0
            },
            {
              "x": 114.0,
              "y": 30.0
            },
            {
              "x": 112.0,
              "y": 32.0
            },
            {
              "x": 112.0,
              "y": 33.0
            },
            {
              "x": 110.0,
              "y": 34.0
            },
            {
              "x": 109.0,
              "y": 36.0
            },
            {
              "x": 105.0,
              "y": 40.0
            },
            {
              "x": 105.0,
              "y": 42.0
            },
            {
              "x": 102.0,
              "y": 48.0
            },
            {
              "x": 102.0,
              "y": 68.0
            },
            {
              "x": 103.0,
              "y": 69.0
            },
            {
              "x": 103.0,
              "y": 78.0
            },
            {
              "x": 104.0,
              "y": 79.0
            },
            {
              "x": 104.0,
              "y": 87.0
            },
            {
              "x": 105.0,
              "y": 88.0
            },
            {
              "x": 105.0,
              "y": 129.0
            },
            {
              "x": 106.0,
              "y": 130.0
            },
            {
              "x": 106.0,
              "y": 138.0
            },
            {
              "x": 107.0,
              "y": 139.0
            },
            {
              "x": 107.0,
              "y": 162.0
            },
            {
              "x": 108.0,
              "y": 163.0
            },
            {
              "x": 108.0,
              "y": 186.0
            },
            {
              "x": 109.0,
              "y": 187.0
            },
            {
              "x": 109.0,
              "y": 219.0
            },
            {
              "x": 110.0,
              "y": 220.0
            },
            {
              "x": 109.0,
              "y": 221.0
            },
            {
              "x": 109.0,
              "y": 228.0
            },
            {
              "x": 110.0,
              "y": 229.0
            },
            {
              "x": 110.0,
              "y": 243.0
            },
            {
              "x": 111.0,
              "y": 244.0
            },
            {
              "x": 111.0,
              "y": 277.0
            },
            {
              "x": 112.0,
              "y": 278.0
            },
            {
              "x": 112.0,
              "y": 286.0
            },
            {
              "x": 111.0,
              "y": 287.0
            },
            {
              "x": 111.0,
              "y": 290.0
            },
            {
              "x": 112.0,
              "y": 291.0
            },
            {
              "x": 112.0,
              "y": 327.0
            },
            {
              "x": 113.0,
              "y": 328.0
            },
            {
              "x": 113.0,
              "y": 332.0
            },
            {
              "x": 114.0,
              "y": 333.0
            },
            {
              "x": 114.0,
              "y": 342.0
            },
            {
              "x": 116.0,
              "y": 346.0
            },
            {
              "x": 116.0,
              "y": 349.0
            },
            {
              "x": 118.0,
              "y": 351.0
            },
            {
              "x": 118.0,
              "y": 352.0
            },
            {
              "x": 122.0,
              "y": 354.0
            },
            {
              "x": 130.0,
              "y": 354.0
            },
            {
              "x": 131.0,
              "y": 355.0
            },
            {
              "x": 158.0,
              "y": 355.0
            },
            {
              "x": 159.0,
              "y": 354.0
            },
            {
              "x": 178.0,
              "y": 354.0
            },
            {
              "x": 179.0,
              "y": 353.0
            },
            {
              "x": 188.0,
              "y": 352.0
            },
            {
              "x": 190.0,
              "y": 350.0
            },
            {
              "x": 194.0,
              "y": 350.0
            },
            {
              "x": 196.0,
              "y": 348.0
            },
            {
              "x": 197.0,
              "y": 348.0
            },
            {
              "x": 201.0,
              "y": 344.0
            },
            {
              "x": 202.0,
              "y": 338.0
            },
            {
              "x": 203.0,
              "y": 337.0
            },
            {
              "x": 203.0,
              "y": 299.0
            },
            {
              "x": 202.0,
              "y": 298.0
            },
            {
              "x": 202.0,
              "y": 290.0
            },
            {
              "x": 201.0,
              "y": 289.0
            },
            {
              "x": 201.0,
              "y": 261.0
            },
            {
              "x": 200.0,
              "y": 260.0
            },
            {
              "x": 200.0,
              "y": 253.0
            },
            {
              "x": 199.0,
              "y": 252.0
            },
            {
              "x": 199.0,
              "y": 242.0
            },
            {
              "x": 198.0,
              "y": 241.0
            },
            {
              "x": 198.0,
              "y": 224.0
            },
            {
              "x": 197.0,
              "y": 223.0
            },
            {
              "x": 197.0,
              "y": 215.0
            },
            {
              "x": 196.0,
              "y": 214.0
            },
            {
              "x": 196.0,
              "y": 197.0
            },
            {
              "x": 195.0,
              "y": 196.0
            },
            {
              "x": 195.0,
              "y": 187.0
            },
            {
              "x": 194.0,
              "y": 186.0
            },
            {
              "x": 194.0,
              "y": 173.0
            },
            {
              "x": 193.0,
              "y": 172.0
            },
            {
              "x": 193.0,
              "y": 166.0
            },
            {
              "x": 192.0,
              "y": 165.0
            },
            {
              "x": 192.0,
              "y": 156.0
            },
            {
              "x": 191.0,
              "y": 155.0
            },
            {
              "x": 191.0,
              "y": 143.0
            },
            {
              "x": 190.0,
              "y": 142.0
            },
            {
              "x": 190.0,
              "y": 136.0
            },
            {
              "x": 189.0,
              "y": 135.0
            },
            {
              "x": 189.0,
              "y": 116.0
            },
            {
              "x": 188.0,
              "y": 115.0
            },
            {
              "x": 188.0,
              "y": 110.0
            },
            {
              "x": 187.0,
              "y": 109.0
            },
            {
              "x": 187.0,
              "y": 96.0
            },
            {
              "x": 186.0,
              "y": 95.0
            },
            {
              "x": 186.0,
              "y": 87.0
            },
            {
              "x": 185.0,
              "y": 86.0
            },
            {
              "x": 185.0,
              "y": 71.0
            },
            {
              "x": 184.0,
              "y": 70.0
            },
            {
              "x": 184.0,
              "y": 59.0
            },
            {
              "x": 183.0,
              "y": 58.0
            },
            {
              "x": 183.0,
              "y": 52.0
            },
            {
              "x": 182.0,
              "y": 51.0
            },
            {
              "x": 182.0,
              "y": 44.0
            },
            {
              "x": 181.0,
              "y": 43.0
            },
            {
              "x": 181.0,
              "y": 40.0
            },
            {
              "x": 180.0,
              "y": 39.0
            },
            {
              "x": 180.0,
              "y": 36.0
            },
            {
              "x": 179.0,
              "y": 34.0
            },
            {
              "x": 173.0,
              "y": 27.0
            },
            {
              "x": 172.0,
              "y": 27.0
            },
            {
              "x": 170.0,
              "y": 25.0
            },
            {
              "x": 167.0,
              "y": 25.0
            },
            {
              "x": 164.0,
              "y": 22.0
            },
            {
              "x": 161.0,
              "y": 22.0
            },
            {
              "x": 160.0,
              "y": 21.0
            },
            {
              "x": 155.0,
              "y": 21.0
            },
            {
              "x": 154.0,
              "y": 20.0
            }
          ]
        ]
      },
      "properties": [],
      "slot_names": [
        "0"
      ]
    }
  ]
}