{
  "version": "2.0",
  "schema_ref": "https://darwin-public.s3.eu-west-1.amazonaws.com/darwin_json/2.0/schema.json",
  "item": {
    "name": "sedani.4qekmn3b.ingestion-5fd995d986-l5rgx.jpg",
    "path": "/",
    "source_info": {
      "item_id": "018ea5b6-3851-02e1-890a-230b6ed6d1e3",
      "dataset": {
        "name": "Pasta",
        "slug": "pasta",
        "dataset_management_url": "https://darwin.v7labs.com/datasets/735230/dataset-management"
      },
      "team": {
        "name": "Salvino",
        "slug": "salvino"
      },
      "workview_url": "https://darwin.v7labs.com/workview?dataset=735230&item=018ea5b6-3851-02e1-890a-230b6ed6d1e3"
    },
    "slots": [
      {
        "type": "image",
        "slot_name": "0",
        "width": 512,
        "height": 512,
        "thumbnail_url": "https://darwin.v7labs.com/api/v2/teams/salvino/files/d9c872e0-8b4a-46f9-9aca-64536e62fe98/thumbnail",
        "source_files": [
          {
            "file_name": "sedani.4qekmn3b.ingestion-5fd995d986-l5rgx.jpg",
            "url": "https://darwin.v7labs.com/api/v2/teams/salvino/uploads/5fc6dfd1-c460-4b4b-ab3b-c07b3dfe7ca0"
          }
        ]
      }
    ]
  },
  "annotations": [
    {
      "bounding_box": {
        "h": 55.0,
        "w": 201.0,
        "x": 28.0,
        "y": 78.0
      },
      "id": "057e85c7-c276-4a3d-b4bb-7dbe7d8afac8",
      "name": "Sedani",
      "polygon": {
        "paths": [
          [
            {
              "x": 28.0,
              "y": 89.0
            },
            {
              "x": 28.0,
              "y": 101.0
            },
            {
              "x": 29.0,
              "y": 102.0
            },
            {
              "x": 29.0,
              "y": 106.0
            },
            {
              "x": 31.0,
              "y": 110.0
            },
            {
              "x": 31.0,
              "y": 113.0
            },
            {
              "x": 35.0,
              "y": 118.0
            },
            {
              "x": 39.0,
              "y": 120.0
            },
            {
              "x": 63.0,
              "y": 120.0
            },
            {
              "x": 64.0,
              "y": 119.0
            },
            {
              "x": 77.0,
              "y": 119.0
            },
            {
              "x": 78.0,
              "y": 118.0
            },
            {
              "x": 109.0,
              "y": 118.0
            },
            {
              "x": 110.0,
              "y": 119.0
            },
            {
              "x": 124.0,
              "y": 119.0
            },
            {
              "x": 125.0,
              "y": 120.0
            },
            {
              "x": 142.0,
              "y": 120.0
            },
            {
              "x": 143.0,
              "y": 121.0
            },
            {
              "x": 150.0,
              "y": 121.0
            },
            {
              "x": 151.0,
              "y": 122.0
            },
            {
              "x": 157.0,
              "y": 122.0
            },
            {
              "x": 158.0,
              "y": 123.0
            },
            {
              "x": 166.0,
              "y": 123.0
            },
            {
              "x": 167.0,
              "y": 124.0
            },
            {
              "x": 171.0,
              "y": 124.0
            },
            {
              "x": 172.0,
              "y": 125.0
            },
            {
              "x": 175.0,
              "y": 125.0
            },
            {
              "x": 176.0,
              "y": 126.0
            },
            {
              "x": 183.0,
              "y": 126.0
            },
            {
              "x": 184.0,
              "y": 127.0
            },
            {
              "x": 188.0,
              "y": 127.0
            },
            {
              "x": 192.0,
              "y": 129.0
            },
            {
              "x": 197.0,
              "y": 129.0
            },
            {
              "x": 198.0,
              "y": 130.0
            },
            {
              "x": 201.0,
              "y": 130.0
            },
            {
              "x": 202.0,
              "y": 131.0
            },
            {
              "x": 205.0,
              "y": 131.0
            },
            {
              "x": 206.0,
              "y": 132.0
            },
            {
              "x": 211.0,
              "y": 132.0
            },
            {
              "x": 212.0,
              "y": 133.0
            },
            {
              "x": 219.0,
              "y": 133.0
            },
            {
              "x": 221.0,
              "y": 132.0
            },
            {
              "x": 223.0,
              "y": 130.0
            },
            {
              "x": 224.0,
              "y": 127.0
            },
            {
              "x": 227.0,
              "y": 123.0
            },
            {
              "x": 228.0,
              "y": 115.0
            },
            {
              "x": 229.0,
              "y": 114.0
            },
            {
              "x": 229.0,
              "y": 102.0
            },
            {
              "x": 226.0,
              "y": 96.0
            },
            {
              "x": 224.0,
              "y": 95.0
            },
            {
              "x": 223.0,
              "y": 93.0
            },
            {
              "x": 217.0,
              "y": 92.0
            },
            {
              "x": 216.0,
              "y": 91.0
            },
            {
              "x": 213.0,
              "y": 91.0
            },
            {
              "x": 212.0,
              "y": 90.0
            },
            {
              "x": 209.0,
              "y": 90.0
            },
            {
              "x": 208.0,
              "y": 89.0
            },
            {
              "x": 202.0,
              "y": 89.0
            },
            {
              "x": 201.0,
              "y": 88.0
            },
            {
              "x": 198.0,
              "y": 88.0
            },
            {
              "x": 197.0,
              "y": 87.0
            },
            {
              "x": 185.0,
              "y": 86.0
            },
            {
              "x": 184.0,
              "y": 85.0
            },
            {
              "x": 179.0,
              "y": 85.0
            },
            {
              "x": 178.0,
              "y": 84.0
            },
            {
              "x": 173.0,
              "y": 84.0
            },
            {
              "x": 172.0,
              "y": 83.0
            },
            {
              "x": 164.0,
              "y": 83.0
            },
            {
              "x": 163.0,
              "y": 82.0
            },
            {
              "x": 157.0,
              "y": 82.0
            },
            {
              "x": 156.0,
              "y": 81.0
            },
            {
              "x": 148.0,
              "y": 81.0
            },
            {
              "x": 147.0,
              "y": 80.0
            },
            {
              "x": 133.0,
              "y": 80.0
            },
            {
              "x": 132.0,
              "y": 79.0
            },
            {
              "x": 112.0,
              "y": 79.0
            },
            {
              "x": 111.0,
              "y": 78.0
            },
            {
              "x": 79.0,
              "y": 78.0
            },
            {
              "x": 78.0,
              "y": 79.0
            },
            {
              "x": 58.0,
              "y": 79.0
            },
            {
              "x": 57.0,
              "y": 80.0
            },
            {
              "x": 44.0,
              "y": 80.0
            },
            {
              "x": 43.0,
              "y": 81.0
            },
            {
              "x": 38.0,
              "y": 81.0
            },
            {
              "x": 37.0,
              "y": 82.0
            },
            {
              "x": 33.0,
              "y": 83.0
            },
            {
              "x": 29.0,
              "y": 87.0
            },
            {
              "x": 29.0,
              "y": 88.0
            }
          ]
        ]
      },
      "properties": [],
      "slot_names": [
        "0"
      ]
    },
    {
      "bounding_box": {
        "h": 154.0,
        "w": 224.0,
        "x": 38.0,
        "y": 196.0
      },
      "id": "d39046f3-28bc-4f32-945b-490e01bdf559",
      "name": "Sedani",
      "polygon": {
        "paths": [
          [
            {
              "x": 255.0,
              "y": 210.0
            },
            {
              "x": 249.0,
              "y": 204.0
            },
            {
              "x": 249.0,
              "y": 203.0
            },
            {
              "x": 243.0,
              "y": 198.0
            },
            {
              "x": 239.0,
              "y": 196.0
            },
            {
              "x": 233.0,
              "y": 196.0
            },
            {
              "x": 225.0,
              "y": 200.0
            },
            {
              "x": 223.0,
              "y": 202.0
            },
            {
              "x": 218.0,
              "y": 204.0
            },
            {
              "x": 216.0,
              "y": 206.0
            },
            {
              "x": 211.0,
              "y": 208.0
            },
            {
              "x": 201.0,
              "y": 215.0
            },
            {
              "x": 188.0,
              "y": 221.0
            },
            {
              "x": 186.0,
              "y": 223.0
            },
            {
              "x": 179.0,
              "y": 226.0
            },
            {
              "x": 172.0,
              "y": 231.0
            },
            {
              "x": 152.0,
              "y": 241.0
            },
            {
              "x": 145.0,
              "y": 246.0
            },
            {
              "x": 143.0,
              "y": 246.0
            },
            {
              "x": 137.0,
              "y": 249.0
            },
            {
              "x": 135.0,
              "y": 251.0
            },
            {
              "x": 126.0,
              "y": 255.0
            },
            {
              "x": 119.0,
              "y": 260.0
            },
            {
              "x": 102.0,
              "y": 268.0
            },
            {
              "x": 100.0,
              "y": 270.0
            },
            {
              "x": 92.0,
              "y": 274.0
            },
            {
              "x": 90.0,
              "y": 274.0
            },
            {
              "x": 88.0,
              "y": 276.0
            },
            {
              "x": 67.0,
              "y": 286.0
            },
            {
              "x": 65.0,
              "y": 288.0
            },
            {
              "x": 53.0,
              "y": 294.0
            },
            {
              "x": 51.0,
              "y": 294.0
            },
            {
              "x": 45.0,
              "y": 297.0
            },
            {
              "x": 43.0,
              "y": 299.0
            },
            {
              "x": 42.0,
              "y": 299.0
            },
            {
              "x": 38.0,
              "y": 304.0
            },
            {
              "x": 38.0,
              "y": 308.0
            },
            {
              "x": 42.0,
              "y": 316.0
            },
            {
              "x": 42.0,
              "y": 318.0
            },
            {
              "x": 47.0,
              "y": 328.0
            },
            {
              "x": 49.0,
              "y": 330.0
            },
            {
              "x": 51.0,
              "y": 335.0
            },
            {
              "x": 53.0,
              "y": 337.0
            },
            {
              "x": 56.0,
              "y": 343.0
            },
            {
              "x": 63.0,
              "y": 350.0
            },
            {
              "x": 67.0,
              "y": 350.0
            },
            {
              "x": 68.0,
              "y": 349.0
            },
            {
              "x": 70.0,
              "y": 349.0
            },
            {
              "x": 84.0,
              "y": 342.0
            },
            {
              "x": 86.0,
              "y": 340.0
            },
            {
              "x": 89.0,
              "y": 339.0
            },
            {
              "x": 97.0,
              "y": 333.0
            },
            {
              "x": 100.0,
              "y": 332.0
            },
            {
              "x": 102.0,
              "y": 330.0
            },
            {
              "x": 105.0,
              "y": 329.0
            },
            {
              "x": 112.0,
              "y": 324.0
            },
            {
              "x": 117.0,
              "y": 322.0
            },
            {
              "x": 119.0,
              "y": 320.0
            },
            {
              "x": 122.0,
              "y": 319.0
            },
            {
              "x": 124.0,
              "y": 317.0
            },
            {
              "x": 127.0,
              "y": 316.0
            },
            {
              "x": 129.0,
              "y": 314.0
            },
            {
              "x": 132.0,
              "y": 313.0
            },
            {
              "x": 134.0,
              "y": 311.0
            },
            {
              "x": 137.0,
              "y": 310.0
            },
            {
              "x": 139.0,
              "y": 308.0
            },
            {
              "x": 142.0,
              "y": 307.0
            },
            {
              "x": 149.0,
              "y": 302.0
            },
            {
              "x": 156.0,
              "y": 299.0
            },
            {
              "x": 163.0,
              "y": 294.0
            },
            {
              "x": 168.0,
              "y": 292.0
            },
            {
              "x": 173.0,
              "y": 288.0
            },
            {
              "x": 178.0,
              "y": 286.0
            },
            {
              "x": 183.0,
              "y": 282.0
            },
            {
              "x": 188.0,
              "y": 280.0
            },
            {
              "x": 195.0,
              "y": 275.0
            },
            {
              "x": 204.0,
              "y": 271.0
            },
            {
              "x": 207.0,
              "y": 268.0
            },
            {
              "x": 217.0,
              "y": 263.0
            },
            {
              "x": 219.0,
              "y": 261.0
            },
            {
              "x": 222.0,
              "y": 260.0
            },
            {
              "x": 224.0,
              "y": 258.0
            },
            {
              "x": 230.0,
              "y": 255.0
            },
            {
              "x": 235.0,
              "y": 251.0
            },
            {
              "x": 238.0,
              "y": 250.0
            },
            {
              "x": 240.0,
              "y": 248.0
            },
            {
              "x": 243.0,
              "y": 247.0
            },
            {
              "x": 245.0,
              "y": 245.0
            },
            {
              "x": 248.0,
              "y": 244.0
            },
            {
              "x": 250.0,
              "y": 242.0
            },
            {
              "x": 256.0,
              "y": 239.0
            },
            {
              "x": 261.0,
              "y": 234.0
            },
            {
              "x": 262.0,
              "y": 232.0
            },
            {
              "x": 262.0,
              "y": 226.0
            },
            {
              "x": 261.0,
              "y": 225.0
            },
            {
              "x": 260.0,
              "y": 218.0
            },
            {
              "x": 255.0,
              "y": 211.0
            }
          ]
        ]
      },
      "properties": [],
      "slot_names": [
        "0"
      ]
    },
    {
      "bounding_box": {
        "h": 172.0,
        "w": 79.0,
        "x": 371.0,
        "y": 67.0
      },
      "id": "38cdf885-3ea0-468e-8099-eddfd894bef6",
      "name": "Sedani",
      "polygon": {
        "paths": [
          [
            {
              "x": 384.0,
              "y": 67.0
            },
            {
              "x": 383.0,
              "y": 68.0
            },
            {
              "x": 379.0,
              "y": 69.0
            },
            {
              "x": 373.0,
              "y": 75.0
            },
            {
              "x": 373.0,
              "y": 77.0
            },
            {
              "x": 371.0,
              "y": 81.0
            },
            {
              "x": 371.0,
              "y": 89.0
            },
            {
              "x": 372.0,
              "y": 90.0
            },
            {
              "x": 372.0,
              "y": 95.0
            },
            {
              "x": 373.0,
              "y": 96.0
            },
            {
              "x": 373.0,
              "y": 100.0
            },
            {
              "x": 374.0,
              "y": 101.0
            },
            {
              "x": 374.0,
              "y": 104.0
            },
            {
              "x": 375.0,
              "y": 105.0
            },
            {
              "x": 375.0,
              "y": 108.0
            },
            {
              "x": 376.0,
              "y": 109.0
            },
            {
              "x": 377.0,
              "y": 117.0
            },
            {
              "x": 379.0,
              "y": 121.0
            },
            {
              "x": 380.0,
              "y": 128.0
            },
            {
              "x": 381.0,
              "y": 129.0
            },
            {
              "x": 382.0,
              "y": 135.0
            },
            {
              "x": 384.0,
              "y": 139.0
            },
            {
              "x": 385.0,
              "y": 147.0
            },
            {
              "x": 387.0,
              "y": 151.0
            },
            {
              "x": 388.0,
              "y": 159.0
            },
            {
              "x": 389.0,
              "y": 160.0
            },
            {
              "x": 389.0,
              "y": 163.0
            },
            {
              "x": 390.0,
              "y": 164.0
            },
            {
              "x": 390.0,
              "y": 167.0
            },
            {
              "x": 391.0,
              "y": 168.0
            },
            {
              "x": 392.0,
              "y": 178.0
            },
            {
              "x": 393.0,
              "y": 179.0
            },
            {
              "x": 393.0,
              "y": 183.0
            },
            {
              "x": 394.0,
              "y": 184.0
            },
            {
              "x": 394.0,
              "y": 188.0
            },
            {
              "x": 395.0,
              "y": 189.0
            },
            {
              "x": 396.0,
              "y": 201.0
            },
            {
              "x": 397.0,
              "y": 202.0
            },
            {
              "x": 398.0,
              "y": 219.0
            },
            {
              "x": 399.0,
              "y": 220.0
            },
            {
              "x": 399.0,
              "y": 223.0
            },
            {
              "x": 400.0,
              "y": 224.0
            },
            {
              "x": 400.0,
              "y": 228.0
            },
            {
              "x": 401.0,
              "y": 230.0
            },
            {
              "x": 402.0,
              "y": 230.0
            },
            {
              "x": 404.0,
              "y": 232.0
            },
            {
              "x": 404.0,
              "y": 233.0
            },
            {
              "x": 406.0,
              "y": 234.0
            },
            {
              "x": 406.0,
              "y": 235.0
            },
            {
              "x": 411.0,
              "y": 236.0
            },
            {
              "x": 414.0,
              "y": 238.0
            },
            {
              "x": 423.0,
              "y": 238.0
            },
            {
              "x": 424.0,
              "y": 239.0
            },
            {
              "x": 430.0,
              "y": 238.0
            },
            {
              "x": 431.0,
              "y": 237.0
            },
            {
              "x": 435.0,
              "y": 237.0
            },
            {
              "x": 437.0,
              "y": 235.0
            },
            {
              "x": 442.0,
              "y": 233.0
            },
            {
              "x": 443.0,
              "y": 231.0
            },
            {
              "x": 447.0,
              "y": 228.0
            },
            {
              "x": 447.0,
              "y": 226.0
            },
            {
              "x": 450.0,
              "y": 220.0
            },
            {
              "x": 450.0,
              "y": 218.0
            },
            {
              "x": 449.0,
              "y": 217.0
            },
            {
              "x": 449.0,
              "y": 212.0
            },
            {
              "x": 448.0,
              "y": 211.0
            },
            {
              "x": 448.0,
              "y": 208.0
            },
            {
              "x": 447.0,
              "y": 207.0
            },
            {
              "x": 447.0,
              "y": 202.0
            },
            {
              "x": 446.0,
              "y": 201.0
            },
            {
              "x": 446.0,
              "y": 198.0
            },
            {
              "x": 445.0,
              "y": 197.0
            },
            {
              "x": 445.0,
              "y": 194.0
            },
            {
              "x": 444.0,
              "y": 193.0
            },
            {
              "x": 444.0,
              "y": 190.0
            },
            {
              "x": 443.0,
              "y": 189.0
            },
            {
              "x": 443.0,
              "y": 185.0
            },
            {
              "x": 441.0,
              "y": 181.0
            },
            {
              "x": 440.0,
              "y": 173.0
            },
            {
              "x": 438.0,
              "y": 169.0
            },
            {
              "x": 437.0,
              "y": 161.0
            },
            {
              "x": 435.0,
              "y": 158.0
            },
            {
              "x": 435.0,
              "y": 155.0
            },
            {
              "x": 434.0,
              "y": 154.0
            },
            {
              "x": 434.0,
              "y": 151.0
            },
            {
              "x": 432.0,
              "y": 147.0
            },
            {
              "x": 432.0,
              "y": 144.0
            },
            {
              "x": 431.0,
              "y": 143.0
            },
            {
              "x": 431.0,
              "y": 141.0
            },
            {
              "x": 430.0,
              "y": 140.0
            },
            {
              "x": 430.0,
              "y": 138.0
            },
            {
              "x": 428.0,
              "y": 134.0
            },
            {
              "x": 428.0,
              "y": 131.0
            },
            {
              "x": 426.0,
              "y": 128.0
            },
            {
              "x": 426.0,
              "y": 125.0
            },
            {
              "x": 423.0,
              "y": 119.0
            },
            {
              "x": 422.0,
              "y": 113.0
            },
            {
              "x": 420.0,
              "y": 110.0
            },
            {
              "x": 420.0,
              "y": 108.0
            },
            {
              "x": 419.0,
              "y": 107.0
            },
            {
              "x": 417.0,
              "y": 99.0
            },
            {
              "x": 414.0,
              "y": 94.0
            },
            {
              "x": 414.0,
              "y": 92.0
            },
            {
              "x": 410.0,
              "y": 84.0
            },
            {
              "x": 410.0,
              "y": 82.0
            },
            {
              "x": 408.0,
              "y": 80.0
            },
            {
              "x": 406.0,
              "y": 76.0
            },
            {
              "x": 404.0,
              "y": 75.0
            },
            {
              "x": 403.0,
              "y": 73.0
            },
            {
              "x": 399.0,
              "y": 70.0
            },
            {
              "x": 395.0,
              "y": 68.0
            },
            {
              "x": 393.0,
              "y": 68.0
            },
            {
              "x": 392.0,
              "y": 67.0
            }
          ]
        ]
      },
      "properties": [],
      "slot_names": [
        "0"
      ]
    }
  ]
}