{
  "version": "2.0",
  "schema_ref": "https://darwin-public.s3.eu-west-1.amazonaws.com/darwin_json/2.0/schema.json",
  "item": {
    "name": "sedani.4qekpc2q.ingestion-5fd995d986-9zbdz.jpg",
    "path": "/",
    "source_info": {
      "item_id": "018ea5b6-3851-4101-1168-d034b21bbb39",
      "dataset": {
        "name": "Pasta",
        "slug": "pasta",
        "dataset_management_url": "https://darwin.v7labs.com/datasets/735230/dataset-management"
      },
      "team": {
        "name": "Salvino",
        "slug": "salvino"
      },
      "workview_url": "https://darwin.v7labs.com/workview?dataset=735230&item=018ea5b6-3851-4101-1168-d034b21bbb39"
    },
    "slots": [
      {
        "type": "image",
        "slot_name": "0",
        "width": 512,
        "height": 512,
        "thumbnail_url": "https://darwin.v7labs.com/api/v2/teams/salvino/files/2e86202b-0a29-4b4b-b38c-baafabfeacac/thumbnail",
        "source_files": [
          {
            "file_name": "sedani.4qekpc2q.ingestion-5fd995d986-9zbdz.jpg",
            "url": "https://darwin.v7labs.com/api/v2/teams/salvino/uploads/0b2a52f9-5673-43db-a881-1d01bd157140"
          }
        ]
      }
    ]
  },
  "annotations": [
    {
      "bounding_box": {
        "h": 271.0,
        "w": 160.0,
        "x": 206.0,
        "y": 77.0
      },
      "id": "deaeb403-5a4e-4b54-8835-aae30724f49f",
      "name": "Sedani",
      "polygon": {
        "paths": [
          [
            {
              "x": 338.0,
              "y": 78.0
            },
            {
              "x": 323.0,
              "y": 77.0
            },
            {
              "x": 322.0,
              "y": 78.0
            },
            {
              "x": 318.0,
              "y": 78.0
            },
            {
              "x": 314.0,
              "y": 80.0
            },
            {
              "x": 312.0,
              "y": 82.0
            },
            {
              "x": 305.0,
              "y": 96.0
            },
            {
              "x": 305.0,
              "y": 108.0
            },
            {
              "x": 304.0,
              "y": 109.0
            },
            {
              "x": 304.0,
              "y": 116.0
            },
            {
              "x": 303.0,
              "y": 117.0
            },
            {
              "x": 303.0,
              "y": 122.0
            },
            {
              "x": 302.0,
              "y": 123.0
            },
            {
              "x": 301.0,
              "y": 134.0
            },
            {
              "x": 299.0,
              "y": 137.0
            },
            {
              "x": 298.0,
              "y": 145.0
            },
            {
              "x": 296.0,
              "y": 148.0
            },
            {
              "x": 296.0,
              "y": 151.0
            },
            {
              "x": 293.0,
              "y": 157.0
            },
            {
              "x": 292.0,
              "y": 163.0
            },
            {
              "x": 290.0,
              "y": 165.0
            },
            {
              "x": 289.0,
              "y": 170.0
            },
            {
              "x": 286.0,
              "y": 175.0
            },
            {
              "x": 286.0,
              "y": 178.0
            },
            {
              "x": 284.0,
              "y": 179.0
            },
            {
              "x": 283.0,
              "y": 184.0
            },
            {
              "x": 281.0,
              "y": 186.0
            },
            {
              "x": 281.0,
              "y": 188.0
            },
            {
              "x": 278.0,
              "y": 192.0
            },
            {
              "x": 277.0,
              "y": 197.0
            },
            {
              "x": 272.0,
              "y": 204.0
            },
            {
              "x": 272.0,
              "y": 206.0
            },
            {
              "x": 270.0,
              "y": 208.0
            },
            {
              "x": 270.0,
              "y": 210.0
            },
            {
              "x": 268.0,
              "y": 212.0
            },
            {
              "x": 267.0,
              "y": 216.0
            },
            {
              "x": 265.0,
              "y": 217.0
            },
            {
              "x": 264.0,
              "y": 220.0
            },
            {
              "x": 262.0,
              "y": 222.0
            },
            {
              "x": 261.0,
              "y": 226.0
            },
            {
              "x": 258.0,
              "y": 229.0
            },
            {
              "x": 258.0,
              "y": 230.0
            },
            {
              "x": 256.0,
              "y": 232.0
            },
            {
              "x": 252.0,
              "y": 239.0
            },
            {
              "x": 249.0,
              "y": 242.0
            },
            {
              "x": 247.0,
              "y": 246.0
            },
            {
              "x": 242.0,
              "y": 251.0
            },
            {
              "x": 240.0,
              "y": 255.0
            },
            {
              "x": 236.0,
              "y": 259.0
            },
            {
              "x": 236.0,
              "y": 260.0
            },
            {
              "x": 233.0,
              "y": 263.0
            },
            {
              "x": 233.0,
              "y": 264.0
            },
            {
              "x": 231.0,
              "y": 265.0
            },
            {
              "x": 231.0,
              "y": 266.0
            },
            {
              "x": 227.0,
              "y": 270.0
            },
            {
              "x": 227.0,
              "y": 271.0
            },
            {
              "x": 224.0,
              "y": 273.0
            },
            {
              "x": 224.0,
              "y": 274.0
            },
            {
              "x": 219.0,
              "y": 279.0
            },
            {
              "x": 219.0,
              "y": 280.0
            },
            {
              "x": 215.0,
              "y": 284.0
            },
            {
              "x": 215.0,
              "y": 285.0
            },
            {
              "x": 212.0,
              "y": 288.0
            },
            {
              "x": 210.0,
              "y": 292.0
            },
            {
              "x": 207.0,
              "y": 295.0
            },
            {
              "x": 207.0,
              "y": 299.0
            },
            {
              "x": 206.0,
              "y": 300.0
            },
            {
              "x": 206.0,
              "y": 309.0
            },
            {
              "x": 209.0,
              "y": 315.0
            },
            {
              "x": 209.0,
              "y": 318.0
            },
            {
              "x": 210.0,
              "y": 320.0
            },
            {
              "x": 215.0,
              "y": 325.0
            },
            {
              "x": 216.0,
              "y": 329.0
            },
            {
              "x": 219.0,
              "y": 332.0
            },
            {
              "x": 222.0,
              "y": 333.0
            },
            {
              "x": 228.0,
              "y": 340.0
            },
            {
              "x": 230.0,
              "y": 340.0
            },
            {
              "x": 236.0,
              "y": 343.0
            },
            {
              "x": 240.0,
              "y": 346.0
            },
            {
              "x": 246.0,
              "y": 346.0
            },
            {
              "x": 249.0,
              "y": 348.0
            },
            {
              "x": 255.0,
              "y": 348.0
            },
            {
              "x": 257.0,
              "y": 346.0
            },
            {
              "x": 261.0,
              "y": 346.0
            },
            {
              "x": 265.0,
              "y": 343.0
            },
            {
              "x": 266.0,
              "y": 343.0
            },
            {
              "x": 267.0,
              "y": 341.0
            },
            {
              "x": 269.0,
              "y": 340.0
            },
            {
              "x": 270.0,
              "y": 337.0
            },
            {
              "x": 273.0,
              "y": 334.0
            },
            {
              "x": 274.0,
              "y": 331.0
            },
            {
              "x": 276.0,
              "y": 330.0
            },
            {
              "x": 276.0,
              "y": 329.0
            },
            {
              "x": 279.0,
              "y": 326.0
            },
            {
              "x": 280.0,
              "y": 323.0
            },
            {
              "x": 283.0,
              "y": 320.0
            },
            {
              "x": 286.0,
              "y": 314.0
            },
            {
              "x": 294.0,
              "y": 304.0
            },
            {
              "x": 295.0,
              "y": 301.0
            },
            {
              "x": 297.0,
              "y": 299.0
            },
            {
              "x": 301.0,
              "y": 291.0
            },
            {
              "x": 305.0,
              "y": 286.0
            },
            {
              "x": 305.0,
              "y": 284.0
            },
            {
              "x": 307.0,
              "y": 283.0
            },
            {
              "x": 307.0,
              "y": 281.0
            },
            {
              "x": 310.0,
              "y": 277.0
            },
            {
              "x": 311.0,
              "y": 273.0
            },
            {
              "x": 313.0,
              "y": 272.0
            },
            {
              "x": 314.0,
              "y": 268.0
            },
            {
              "x": 317.0,
              "y": 264.0
            },
            {
              "x": 317.0,
              "y": 262.0
            },
            {
              "x": 322.0,
              "y": 255.0
            },
            {
              "x": 323.0,
              "y": 250.0
            },
            {
              "x": 325.0,
              "y": 248.0
            },
            {
              "x": 325.0,
              "y": 246.0
            },
            {
              "x": 327.0,
              "y": 242.0
            },
            {
              "x": 329.0,
              "y": 240.0
            },
            {
              "x": 329.0,
              "y": 238.0
            },
            {
              "x": 332.0,
              "y": 233.0
            },
            {
              "x": 332.0,
              "y": 231.0
            },
            {
              "x": 334.0,
              "y": 229.0
            },
            {
              "x": 335.0,
              "y": 224.0
            },
            {
              "x": 338.0,
              "y": 219.0
            },
            {
              "x": 339.0,
              "y": 213.0
            },
            {
              "x": 341.0,
              "y": 211.0
            },
            {
              "x": 342.0,
              "y": 205.0
            },
            {
              "x": 344.0,
              "y": 203.0
            },
            {
              "x": 344.0,
              "y": 200.0
            },
            {
              "x": 347.0,
              "y": 194.0
            },
            {
              "x": 348.0,
              "y": 187.0
            },
            {
              "x": 351.0,
              "y": 181.0
            },
            {
              "x": 351.0,
              "y": 177.0
            },
            {
              "x": 353.0,
              "y": 175.0
            },
            {
              "x": 353.0,
              "y": 170.0
            },
            {
              "x": 354.0,
              "y": 169.0
            },
            {
              "x": 354.0,
              "y": 166.0
            },
            {
              "x": 356.0,
              "y": 162.0
            },
            {
              "x": 357.0,
              "y": 152.0
            },
            {
              "x": 359.0,
              "y": 148.0
            },
            {
              "x": 360.0,
              "y": 137.0
            },
            {
              "x": 362.0,
              "y": 133.0
            },
            {
              "x": 362.0,
              "y": 130.0
            },
            {
              "x": 363.0,
              "y": 129.0
            },
            {
              "x": 363.0,
              "y": 124.0
            },
            {
              "x": 364.0,
              "y": 123.0
            },
            {
              "x": 365.0,
              "y": 115.0
            },
            {
              "x": 366.0,
              "y": 114.0
            },
            {
              "x": 365.0,
              "y": 102.0
            },
            {
              "x": 363.0,
              "y": 100.0
            },
            {
              "x": 359.0,
              "y": 92.0
            },
            {
              "x": 358.0,
              "y": 92.0
            },
            {
              "x": 357.0,
              "y": 90.0
            },
            {
              "x": 355.0,
              "y": 89.0
            },
            {
              "x": 350.0,
              "y": 84.0
            },
            {
              "x": 346.0,
              "y": 83.0
            },
            {
              "x": 344.0,
              "y": 81.0
            },
            {
              "x": 339.0,
              "y": 79.0
            }
          ]
        ]
      },
      "properties": [],
      "slot_names": [
        "0"
      ]
    }
  ]
}