{
  "version": "2.0",
  "schema_ref": "https://darwin-public.s3.eu-west-1.amazonaws.com/darwin_json/2.0/schema.json",
  "item": {
    "name": "sedani.4qekn9cb.ingestion-5fd995d986-fwdsf.jpg",
    "path": "/",
    "source_info": {
      "item_id": "018ea5b6-3851-c579-68b5-7557ed30efcd",
      "dataset": {
        "name": "Pasta",
        "slug": "pasta",
        "dataset_management_url": "https://darwin.v7labs.com/datasets/735230/dataset-management"
      },
      "team": {
        "name": "Salvino",
        "slug": "salvino"
      },
      "workview_url": "https://darwin.v7labs.com/workview?dataset=735230&item=018ea5b6-3851-c579-68b5-7557ed30efcd"
    },
    "slots": [
      {
        "type": "image",
        "slot_name": "0",
        "width": 512,
        "height": 512,
        "thumbnail_url": "https://darwin.v7labs.com/api/v2/teams/salvino/files/2dda846d-e0bf-452f-83b7-ee331a431cbe/thumbnail",
        "source_files": [
          {
            "file_name": "sedani.4qekn9cb.ingestion-5fd995d986-fwdsf.jpg",
            "url": "https://darwin.v7labs.com/api/v2/teams/salvino/uploads/0c3c07cd-c6b2-4c8f-9602-e992b57f4d14"
          }
        ]
      }
    ]
  },
  "annotations": [
    {
      "bounding_box": {
        "h": 244.0,
        "w": 247.0,
        "x": 186.0,
        "y": 65.0
      },
      "id": "fef5c6b4-d8dd-4b25-bc3e-eac3105453b6",
      "name": "Sedani",
      "polygon": {
        "paths": [
          [
            {
              "x": 420.0,
              "y": 69.0
            },
            {
              "x": 416.0,
              "y": 67.0
            },
            {
              "x": 411.0,
              "y": 66.0
            },
            {
              "x": 410.0,
              "y": 65.0
            },
            {
              "x": 399.0,
              "y": 65.0
            },
            {
              "x": 398.0,
              "y": 66.0
            },
            {
              "x": 394.0,
              "y": 67.0
            },
            {
              "x": 387.0,
              "y": 73.0
            },
            {
              "x": 386.0,
              "y": 73.0
            },
            {
              "x": 385.0,
              "y": 75.0
            },
            {
              "x": 378.0,
              "y": 82.0
            },
            {
              "x": 377.0,
              "y": 82.0
            },
            {
              "x": 371.0,
              "y": 88.0
            },
            {
              "x": 371.0,
              "y": 89.0
            },
            {
              "x": 354.0,
              "y": 106.0
            },
            {
              "x": 354.0,
              "y": 107.0
            },
            {
              "x": 348.0,
              "y": 112.0
            },
            {
              "x": 346.0,
              "y": 116.0
            },
            {
              "x": 338.0,
              "y": 124.0
            },
            {
              "x": 337.0,
              "y": 124.0
            },
            {
              "x": 333.0,
              "y": 128.0
            },
            {
              "x": 333.0,
              "y": 129.0
            },
            {
              "x": 323.0,
              "y": 139.0
            },
            {
              "x": 322.0,
              "y": 139.0
            },
            {
              "x": 322.0,
              "y": 140.0
            },
            {
              "x": 296.0,
              "y": 166.0
            },
            {
              "x": 295.0,
              "y": 166.0
            },
            {
              "x": 292.0,
              "y": 169.0
            },
            {
              "x": 291.0,
              "y": 171.0
            },
            {
              "x": 290.0,
              "y": 171.0
            },
            {
              "x": 282.0,
              "y": 179.0
            },
            {
              "x": 281.0,
              "y": 179.0
            },
            {
              "x": 276.0,
              "y": 185.0
            },
            {
              "x": 275.0,
              "y": 185.0
            },
            {
              "x": 271.0,
              "y": 189.0
            },
            {
              "x": 270.0,
              "y": 189.0
            },
            {
              "x": 260.0,
              "y": 199.0
            },
            {
              "x": 259.0,
              "y": 199.0
            },
            {
              "x": 256.0,
              "y": 202.0
            },
            {
              "x": 255.0,
              "y": 202.0
            },
            {
              "x": 244.0,
              "y": 213.0
            },
            {
              "x": 243.0,
              "y": 213.0
            },
            {
              "x": 240.0,
              "y": 216.0
            },
            {
              "x": 239.0,
              "y": 216.0
            },
            {
              "x": 236.0,
              "y": 219.0
            },
            {
              "x": 235.0,
              "y": 219.0
            },
            {
              "x": 230.0,
              "y": 224.0
            },
            {
              "x": 229.0,
              "y": 224.0
            },
            {
              "x": 220.0,
              "y": 232.0
            },
            {
              "x": 216.0,
              "y": 234.0
            },
            {
              "x": 210.0,
              "y": 240.0
            },
            {
              "x": 209.0,
              "y": 240.0
            },
            {
              "x": 204.0,
              "y": 245.0
            },
            {
              "x": 201.0,
              "y": 246.0
            },
            {
              "x": 194.0,
              "y": 253.0
            },
            {
              "x": 192.0,
              "y": 254.0
            },
            {
              "x": 192.0,
              "y": 255.0
            },
            {
              "x": 188.0,
              "y": 259.0
            },
            {
              "x": 186.0,
              "y": 263.0
            },
            {
              "x": 186.0,
              "y": 276.0
            },
            {
              "x": 191.0,
              "y": 287.0
            },
            {
              "x": 196.0,
              "y": 293.0
            },
            {
              "x": 196.0,
              "y": 294.0
            },
            {
              "x": 209.0,
              "y": 306.0
            },
            {
              "x": 213.0,
              "y": 308.0
            },
            {
              "x": 215.0,
              "y": 308.0
            },
            {
              "x": 216.0,
              "y": 309.0
            },
            {
              "x": 242.0,
              "y": 309.0
            },
            {
              "x": 246.0,
              "y": 307.0
            },
            {
              "x": 247.0,
              "y": 305.0
            },
            {
              "x": 249.0,
              "y": 304.0
            },
            {
              "x": 249.0,
              "y": 303.0
            },
            {
              "x": 251.0,
              "y": 301.0
            },
            {
              "x": 252.0,
              "y": 301.0
            },
            {
              "x": 257.0,
              "y": 296.0
            },
            {
              "x": 258.0,
              "y": 296.0
            },
            {
              "x": 261.0,
              "y": 293.0
            },
            {
              "x": 262.0,
              "y": 293.0
            },
            {
              "x": 264.0,
              "y": 291.0
            },
            {
              "x": 264.0,
              "y": 290.0
            },
            {
              "x": 267.0,
              "y": 287.0
            },
            {
              "x": 268.0,
              "y": 287.0
            },
            {
              "x": 286.0,
              "y": 269.0
            },
            {
              "x": 287.0,
              "y": 269.0
            },
            {
              "x": 319.0,
              "y": 237.0
            },
            {
              "x": 319.0,
              "y": 236.0
            },
            {
              "x": 333.0,
              "y": 223.0
            },
            {
              "x": 333.0,
              "y": 222.0
            },
            {
              "x": 349.0,
              "y": 206.0
            },
            {
              "x": 349.0,
              "y": 205.0
            },
            {
              "x": 353.0,
              "y": 202.0
            },
            {
              "x": 353.0,
              "y": 201.0
            },
            {
              "x": 360.0,
              "y": 194.0
            },
            {
              "x": 360.0,
              "y": 193.0
            },
            {
              "x": 364.0,
              "y": 189.0
            },
            {
              "x": 366.0,
              "y": 188.0
            },
            {
              "x": 366.0,
              "y": 187.0
            },
            {
              "x": 370.0,
              "y": 183.0
            },
            {
              "x": 370.0,
              "y": 182.0
            },
            {
              "x": 382.0,
              "y": 170.0
            },
            {
              "x": 382.0,
              "y": 169.0
            },
            {
              "x": 386.0,
              "y": 165.0
            },
            {
              "x": 386.0,
              "y": 164.0
            },
            {
              "x": 394.0,
              "y": 156.0
            },
            {
              "x": 394.0,
              "y": 155.0
            },
            {
              "x": 397.0,
              "y": 152.0
            },
            {
              "x": 397.0,
              "y": 151.0
            },
            {
              "x": 413.0,
              "y": 132.0
            },
            {
              "x": 417.0,
              "y": 125.0
            },
            {
              "x": 423.0,
              "y": 118.0
            },
            {
              "x": 425.0,
              "y": 113.0
            },
            {
              "x": 427.0,
              "y": 111.0
            },
            {
              "x": 430.0,
              "y": 105.0
            },
            {
              "x": 430.0,
              "y": 103.0
            },
            {
              "x": 432.0,
              "y": 101.0
            },
            {
              "x": 432.0,
              "y": 98.0
            },
            {
              "x": 433.0,
              "y": 97.0
            },
            {
              "x": 432.0,
              "y": 85.0
            },
            {
              "x": 430.0,
              "y": 83.0
            },
            {
              "x": 427.0,
              "y": 76.0
            }
          ]
        ]
      },
      "properties": [],
      "slot_names": [
        "0"
      ]
    }
  ]
}