{
  "version": "2.0",
  "schema_ref": "https://darwin-public.s3.eu-west-1.amazonaws.com/darwin_json/2.0/schema.json",
  "item": {
    "name": "sedani.4qekndmk.ingestion-5fd995d986-fwdsf.jpg",
    "path": "/",
    "source_info": {
      "item_id": "018ea5b6-3851-8417-ffd5-cc2449bdb5d3",
      "dataset": {
        "name": "Pasta",
        "slug": "pasta",
        "dataset_management_url": "https://darwin.v7labs.com/datasets/735230/dataset-management"
      },
      "team": {
        "name": "Salvino",
        "slug": "salvino"
      },
      "workview_url": "https://darwin.v7labs.com/workview?dataset=735230&item=018ea5b6-3851-8417-ffd5-cc2449bdb5d3"
    },
    "slots": [
      {
        "type": "image",
        "slot_name": "0",
        "width": 512,
        "height": 512,
        "thumbnail_url": "https://darwin.v7labs.com/api/v2/teams/salvino/files/175d40c6-ad14-482a-8de6-f1581aa8b5e3/thumbnail",
        "source_files": [
          {
            "file_name": "sedani.4qekndmk.ingestion-5fd995d986-fwdsf.jpg",
            "url": "https://darwin.v7labs.com/api/v2/teams/salvino/uploads/5821130b-526a-4495-ba3b-8653b295b97c"
          }
        ]
      }
    ]
  },
  "annotations": [
    {
      "bounding_box": {
        "h": 211.0,
        "w": 335.0,
        "x": 165.0,
        "y": 78.0
      },
      "id": "8f3fcf07-9fa6-414d-8663-9cde77b0b64e",
      "name": "Sedani",
      "polygon": {
        "paths": [
          [
            {
              "x": 496.0,
              "y": 91.0
            },
            {
              "x": 494.0,
              "y": 90.0
            },
            {
              "x": 494.0,
              "y": 88.0
            },
            {
              "x": 490.0,
              "y": 84.0
            },
            {
              "x": 489.0,
              "y": 84.0
            },
            {
              "x": 482.0,
              "y": 79.0
            },
            {
              "x": 480.0,
              "y": 79.0
            },
            {
              "x": 479.0,
              "y": 78.0
            },
            {
              "x": 465.0,
              "y": 78.0
            },
            {
              "x": 464.0,
              "y": 79.0
            },
            {
              "x": 461.0,
              "y": 79.0
            },
            {
              "x": 456.0,
              "y": 82.0
            },
            {
              "x": 454.0,
              "y": 82.0
            },
            {
              "x": 452.0,
              "y": 84.0
            },
            {
              "x": 450.0,
              "y": 84.0
            },
            {
              "x": 447.0,
              "y": 86.0
            },
            {
              "x": 445.0,
              "y": 86.0
            },
            {
              "x": 443.0,
              "y": 88.0
            },
            {
              "x": 441.0,
              "y": 88.0
            },
            {
              "x": 438.0,
              "y": 91.0
            },
            {
              "x": 436.0,
              "y": 91.0
            },
            {
              "x": 434.0,
              "y": 93.0
            },
            {
              "x": 432.0,
              "y": 93.0
            },
            {
              "x": 427.0,
              "y": 97.0
            },
            {
              "x": 425.0,
              "y": 97.0
            },
            {
              "x": 424.0,
              "y": 99.0
            },
            {
              "x": 418.0,
              "y": 102.0
            },
            {
              "x": 416.0,
              "y": 102.0
            },
            {
              "x": 411.0,
              "y": 106.0
            },
            {
              "x": 409.0,
              "y": 106.0
            },
            {
              "x": 406.0,
              "y": 109.0
            },
            {
              "x": 401.0,
              "y": 111.0
            },
            {
              "x": 399.0,
              "y": 113.0
            },
            {
              "x": 391.0,
              "y": 117.0
            },
            {
              "x": 389.0,
              "y": 117.0
            },
            {
              "x": 388.0,
              "y": 119.0
            },
            {
              "x": 382.0,
              "y": 122.0
            },
            {
              "x": 380.0,
              "y": 122.0
            },
            {
              "x": 375.0,
              "y": 126.0
            },
            {
              "x": 373.0,
              "y": 126.0
            },
            {
              "x": 369.0,
              "y": 129.0
            },
            {
              "x": 367.0,
              "y": 129.0
            },
            {
              "x": 365.0,
              "y": 131.0
            },
            {
              "x": 363.0,
              "y": 131.0
            },
            {
              "x": 361.0,
              "y": 133.0
            },
            {
              "x": 359.0,
              "y": 133.0
            },
            {
              "x": 357.0,
              "y": 135.0
            },
            {
              "x": 355.0,
              "y": 135.0
            },
            {
              "x": 353.0,
              "y": 137.0
            },
            {
              "x": 347.0,
              "y": 140.0
            },
            {
              "x": 345.0,
              "y": 140.0
            },
            {
              "x": 343.0,
              "y": 142.0
            },
            {
              "x": 341.0,
              "y": 142.0
            },
            {
              "x": 339.0,
              "y": 144.0
            },
            {
              "x": 336.0,
              "y": 144.0
            },
            {
              "x": 334.0,
              "y": 146.0
            },
            {
              "x": 324.0,
              "y": 151.0
            },
            {
              "x": 322.0,
              "y": 151.0
            },
            {
              "x": 320.0,
              "y": 153.0
            },
            {
              "x": 318.0,
              "y": 153.0
            },
            {
              "x": 316.0,
              "y": 155.0
            },
            {
              "x": 312.0,
              "y": 156.0
            },
            {
              "x": 310.0,
              "y": 158.0
            },
            {
              "x": 307.0,
              "y": 158.0
            },
            {
              "x": 305.0,
              "y": 160.0
            },
            {
              "x": 303.0,
              "y": 160.0
            },
            {
              "x": 300.0,
              "y": 162.0
            },
            {
              "x": 298.0,
              "y": 162.0
            },
            {
              "x": 295.0,
              "y": 164.0
            },
            {
              "x": 293.0,
              "y": 164.0
            },
            {
              "x": 288.0,
              "y": 167.0
            },
            {
              "x": 286.0,
              "y": 167.0
            },
            {
              "x": 283.0,
              "y": 169.0
            },
            {
              "x": 281.0,
              "y": 169.0
            },
            {
              "x": 279.0,
              "y": 171.0
            },
            {
              "x": 276.0,
              "y": 171.0
            },
            {
              "x": 274.0,
              "y": 173.0
            },
            {
              "x": 271.0,
              "y": 173.0
            },
            {
              "x": 267.0,
              "y": 176.0
            },
            {
              "x": 264.0,
              "y": 176.0
            },
            {
              "x": 256.0,
              "y": 180.0
            },
            {
              "x": 253.0,
              "y": 180.0
            },
            {
              "x": 251.0,
              "y": 182.0
            },
            {
              "x": 248.0,
              "y": 182.0
            },
            {
              "x": 244.0,
              "y": 185.0
            },
            {
              "x": 241.0,
              "y": 185.0
            },
            {
              "x": 238.0,
              "y": 187.0
            },
            {
              "x": 235.0,
              "y": 187.0
            },
            {
              "x": 227.0,
              "y": 191.0
            },
            {
              "x": 221.0,
              "y": 192.0
            },
            {
              "x": 219.0,
              "y": 194.0
            },
            {
              "x": 215.0,
              "y": 194.0
            },
            {
              "x": 212.0,
              "y": 196.0
            },
            {
              "x": 209.0,
              "y": 196.0
            },
            {
              "x": 206.0,
              "y": 198.0
            },
            {
              "x": 203.0,
              "y": 198.0
            },
            {
              "x": 200.0,
              "y": 200.0
            },
            {
              "x": 197.0,
              "y": 200.0
            },
            {
              "x": 194.0,
              "y": 202.0
            },
            {
              "x": 189.0,
              "y": 203.0
            },
            {
              "x": 186.0,
              "y": 205.0
            },
            {
              "x": 183.0,
              "y": 205.0
            },
            {
              "x": 181.0,
              "y": 207.0
            },
            {
              "x": 177.0,
              "y": 209.0
            },
            {
              "x": 170.0,
              "y": 216.0
            },
            {
              "x": 170.0,
              "y": 217.0
            },
            {
              "x": 168.0,
              "y": 219.0
            },
            {
              "x": 168.0,
              "y": 224.0
            },
            {
              "x": 165.0,
              "y": 229.0
            },
            {
              "x": 165.0,
              "y": 235.0
            },
            {
              "x": 166.0,
              "y": 236.0
            },
            {
              "x": 166.0,
              "y": 245.0
            },
            {
              "x": 167.0,
              "y": 246.0
            },
            {
              "x": 168.0,
              "y": 251.0
            },
            {
              "x": 170.0,
              "y": 254.0
            },
            {
              "x": 170.0,
              "y": 257.0
            },
            {
              "x": 172.0,
              "y": 260.0
            },
            {
              "x": 172.0,
              "y": 262.0
            },
            {
              "x": 174.0,
              "y": 264.0
            },
            {
              "x": 174.0,
              "y": 265.0
            },
            {
              "x": 177.0,
              "y": 267.0
            },
            {
              "x": 177.0,
              "y": 269.0
            },
            {
              "x": 179.0,
              "y": 273.0
            },
            {
              "x": 180.0,
              "y": 273.0
            },
            {
              "x": 181.0,
              "y": 275.0
            },
            {
              "x": 182.0,
              "y": 275.0
            },
            {
              "x": 183.0,
              "y": 277.0
            },
            {
              "x": 188.0,
              "y": 281.0
            },
            {
              "x": 188.0,
              "y": 282.0
            },
            {
              "x": 197.0,
              "y": 287.0
            },
            {
              "x": 201.0,
              "y": 287.0
            },
            {
              "x": 202.0,
              "y": 288.0
            },
            {
              "x": 205.0,
              "y": 288.0
            },
            {
              "x": 206.0,
              "y": 289.0
            },
            {
              "x": 222.0,
              "y": 289.0
            },
            {
              "x": 225.0,
              "y": 287.0
            },
            {
              "x": 227.0,
              "y": 287.0
            },
            {
              "x": 229.0,
              "y": 285.0
            },
            {
              "x": 233.0,
              "y": 284.0
            },
            {
              "x": 236.0,
              "y": 282.0
            },
            {
              "x": 238.0,
              "y": 282.0
            },
            {
              "x": 240.0,
              "y": 280.0
            },
            {
              "x": 242.0,
              "y": 280.0
            },
            {
              "x": 244.0,
              "y": 278.0
            },
            {
              "x": 247.0,
              "y": 278.0
            },
            {
              "x": 249.0,
              "y": 276.0
            },
            {
              "x": 255.0,
              "y": 273.0
            },
            {
              "x": 257.0,
              "y": 273.0
            },
            {
              "x": 259.0,
              "y": 271.0
            },
            {
              "x": 261.0,
              "y": 271.0
            },
            {
              "x": 264.0,
              "y": 269.0
            },
            {
              "x": 266.0,
              "y": 269.0
            },
            {
              "x": 268.0,
              "y": 267.0
            },
            {
              "x": 272.0,
              "y": 266.0
            },
            {
              "x": 274.0,
              "y": 264.0
            },
            {
              "x": 276.0,
              "y": 264.0
            },
            {
              "x": 278.0,
              "y": 262.0
            },
            {
              "x": 280.0,
              "y": 262.0
            },
            {
              "x": 282.0,
              "y": 260.0
            },
            {
              "x": 284.0,
              "y": 260.0
            },
            {
              "x": 286.0,
              "y": 258.0
            },
            {
              "x": 288.0,
              "y": 258.0
            },
            {
              "x": 292.0,
              "y": 255.0
            },
            {
              "x": 294.0,
              "y": 255.0
            },
            {
              "x": 296.0,
              "y": 253.0
            },
            {
              "x": 298.0,
              "y": 253.0
            },
            {
              "x": 300.0,
              "y": 251.0
            },
            {
              "x": 308.0,
              "y": 248.0
            },
            {
              "x": 310.0,
              "y": 246.0
            },
            {
              "x": 312.0,
              "y": 246.0
            },
            {
              "x": 314.0,
              "y": 244.0
            },
            {
              "x": 325.0,
              "y": 239.0
            },
            {
              "x": 327.0,
              "y": 237.0
            },
            {
              "x": 329.0,
              "y": 237.0
            },
            {
              "x": 331.0,
              "y": 235.0
            },
            {
              "x": 335.0,
              "y": 233.0
            },
            {
              "x": 337.0,
              "y": 233.0
            },
            {
              "x": 339.0,
              "y": 231.0
            },
            {
              "x": 341.0,
              "y": 231.0
            },
            {
              "x": 342.0,
              "y": 229.0
            },
            {
              "x": 346.0,
              "y": 228.0
            },
            {
              "x": 351.0,
              "y": 224.0
            },
            {
              "x": 353.0,
              "y": 224.0
            },
            {
              "x": 355.0,
              "y": 222.0
            },
            {
              "x": 357.0,
              "y": 222.0
            },
            {
              "x": 360.0,
              "y": 219.0
            },
            {
              "x": 364.0,
              "y": 217.0
            },
            {
              "x": 366.0,
              "y": 217.0
            },
            {
              "x": 367.0,
              "y": 215.0
            },
            {
              "x": 369.0,
              "y": 215.0
            },
            {
              "x": 371.0,
              "y": 213.0
            },
            {
              "x": 373.0,
              "y": 213.0
            },
            {
              "x": 374.0,
              "y": 211.0
            },
            {
              "x": 376.0,
              "y": 211.0
            },
            {
              "x": 379.0,
              "y": 208.0
            },
            {
              "x": 384.0,
              "y": 206.0
            },
            {
              "x": 386.0,
              "y": 204.0
            },
            {
              "x": 388.0,
              "y": 204.0
            },
            {
              "x": 389.0,
              "y": 202.0
            },
            {
              "x": 391.0,
              "y": 202.0
            },
            {
              "x": 394.0,
              "y": 199.0
            },
            {
              "x": 406.0,
              "y": 193.0
            },
            {
              "x": 409.0,
              "y": 190.0
            },
            {
              "x": 411.0,
              "y": 190.0
            },
            {
              "x": 419.0,
              "y": 184.0
            },
            {
              "x": 422.0,
              "y": 183.0
            },
            {
              "x": 423.0,
              "y": 181.0
            },
            {
              "x": 425.0,
              "y": 181.0
            },
            {
              "x": 430.0,
              "y": 177.0
            },
            {
              "x": 435.0,
              "y": 175.0
            },
            {
              "x": 436.0,
              "y": 173.0
            },
            {
              "x": 439.0,
              "y": 172.0
            },
            {
              "x": 444.0,
              "y": 168.0
            },
            {
              "x": 449.0,
              "y": 166.0
            },
            {
              "x": 450.0,
              "y": 164.0
            },
            {
              "x": 453.0,
              "y": 163.0
            },
            {
              "x": 453.0,
              "y": 162.0
            },
            {
              "x": 457.0,
              "y": 159.0
            },
            {
              "x": 462.0,
              "y": 157.0
            },
            {
              "x": 463.0,
              "y": 155.0
            },
            {
              "x": 464.0,
              "y": 155.0
            },
            {
              "x": 467.0,
              "y": 152.0
            },
            {
              "x": 474.0,
              "y": 148.0
            },
            {
              "x": 477.0,
              "y": 145.0
            },
            {
              "x": 478.0,
              "y": 145.0
            },
            {
              "x": 479.0,
              "y": 143.0
            },
            {
              "x": 480.0,
              "y": 143.0
            },
            {
              "x": 484.0,
              "y": 139.0
            },
            {
              "x": 485.0,
              "y": 139.0
            },
            {
              "x": 485.0,
              "y": 138.0
            },
            {
              "x": 487.0,
              "y": 137.0
            },
            {
              "x": 487.0,
              "y": 136.0
            },
            {
              "x": 493.0,
              "y": 130.0
            },
            {
              "x": 494.0,
              "y": 130.0
            },
            {
              "x": 494.0,
              "y": 129.0
            },
            {
              "x": 496.0,
              "y": 127.0
            },
            {
              "x": 498.0,
              "y": 123.0
            },
            {
              "x": 498.0,
              "y": 121.0
            },
            {
              "x": 499.0,
              "y": 120.0
            },
            {
              "x": 499.0,
              "y": 117.0
            },
            {
              "x": 500.0,
              "y": 116.0
            },
            {
              "x": 500.0,
              "y": 104.0
            },
            {
              "x": 499.0,
              "y": 103.0
            },
            {
              "x": 498.0,
              "y": 95.0
            },
            {
              "x": 496.0,
              "y": 92.0
            }
          ]
        ]
      },
      "properties": [],
      "slot_names": [
        "0"
      ]
    }
  ]
}