{
  "version": "2.0",
  "schema_ref": "https://darwin-public.s3.eu-west-1.amazonaws.com/darwin_json/2.0/schema.json",
  "item": {
    "name": "sedani.4qekom6s.ingestion-5fd995d986-l5rgx.jpg",
    "path": "/",
    "source_info": {
      "item_id": "018ea5b6-3851-0003-9f46-aee857835383",
      "dataset": {
        "name": "Pasta",
        "slug": "pasta",
        "dataset_management_url": "https://darwin.v7labs.com/datasets/735230/dataset-management"
      },
      "team": {
        "name": "Salvino",
        "slug": "salvino"
      },
      "workview_url": "https://darwin.v7labs.com/workview?dataset=735230&item=018ea5b6-3851-0003-9f46-aee857835383"
    },
    "slots": [
      {
        "type": "image",
        "slot_name": "0",
        "width": 512,
        "height": 512,
        "thumbnail_url": "https://darwin.v7labs.com/api/v2/teams/salvino/files/06739643-46f5-40c8-9f21-2ff195d87dc5/thumbnail",
        "source_files": [
          {
            "file_name": "sedani.4qekom6s.ingestion-5fd995d986-l5rgx.jpg",
            "url": "https://darwin.v7labs.com/api/v2/teams/salvino/uploads/67eea91e-ffe5-4879-ad80-7677f7c380d1"
          }
        ]
      }
    ]
  },
  "annotations": [
    {
      "bounding_box": {
        "h": 170.0,
        "w": 223.0,
        "x": 181.0,
        "y": 4.0
      },
      "id": "03ab16c7-f940-4c64-a28e-32adb0c9f74d",
      "name": "Sedani",
      "polygon": {
        "paths": [
          [
            {
              "x": 399.0,
              "y": 13.0
            },
            {
              "x": 395.0,
              "y": 8.0
            },
            {
              "x": 389.0,
              "y": 5.0
            },
            {
              "x": 387.0,
              "y": 5.0
            },
            {
              "x": 386.0,
              "y": 4.0
            },
            {
              "x": 374.0,
              "y": 4.0
            },
            {
              "x": 373.0,
              "y": 5.0
            },
            {
              "x": 370.0,
              "y": 5.0
            },
            {
              "x": 369.0,
              "y": 6.0
            },
            {
              "x": 366.0,
              "y": 6.0
            },
            {
              "x": 365.0,
              "y": 7.0
            },
            {
              "x": 358.0,
              "y": 8.0
            },
            {
              "x": 352.0,
              "y": 11.0
            },
            {
              "x": 346.0,
              "y": 12.0
            },
            {
              "x": 343.0,
              "y": 14.0
            },
            {
              "x": 338.0,
              "y": 15.0
            },
            {
              "x": 316.0,
              "y": 26.0
            },
            {
              "x": 314.0,
              "y": 26.0
            },
            {
              "x": 307.0,
              "y": 30.0
            },
            {
              "x": 305.0,
              "y": 30.0
            },
            {
              "x": 301.0,
              "y": 33.0
            },
            {
              "x": 293.0,
              "y": 37.0
            },
            {
              "x": 291.0,
              "y": 37.0
            },
            {
              "x": 288.0,
              "y": 40.0
            },
            {
              "x": 285.0,
              "y": 41.0
            },
            {
              "x": 278.0,
              "y": 47.0
            },
            {
              "x": 277.0,
              "y": 47.0
            },
            {
              "x": 275.0,
              "y": 49.0
            },
            {
              "x": 271.0,
              "y": 51.0
            },
            {
              "x": 268.0,
              "y": 54.0
            },
            {
              "x": 264.0,
              "y": 56.0
            },
            {
              "x": 259.0,
              "y": 61.0
            },
            {
              "x": 258.0,
              "y": 61.0
            },
            {
              "x": 249.0,
              "y": 69.0
            },
            {
              "x": 248.0,
              "y": 69.0
            },
            {
              "x": 245.0,
              "y": 72.0
            },
            {
              "x": 244.0,
              "y": 72.0
            },
            {
              "x": 241.0,
              "y": 75.0
            },
            {
              "x": 240.0,
              "y": 75.0
            },
            {
              "x": 219.0,
              "y": 94.0
            },
            {
              "x": 218.0,
              "y": 94.0
            },
            {
              "x": 214.0,
              "y": 98.0
            },
            {
              "x": 213.0,
              "y": 98.0
            },
            {
              "x": 205.0,
              "y": 106.0
            },
            {
              "x": 204.0,
              "y": 106.0
            },
            {
              "x": 197.0,
              "y": 113.0
            },
            {
              "x": 196.0,
              "y": 113.0
            },
            {
              "x": 189.0,
              "y": 121.0
            },
            {
              "x": 188.0,
              "y": 121.0
            },
            {
              "x": 188.0,
              "y": 122.0
            },
            {
              "x": 185.0,
              "y": 125.0
            },
            {
              "x": 181.0,
              "y": 133.0
            },
            {
              "x": 181.0,
              "y": 138.0
            },
            {
              "x": 182.0,
              "y": 139.0
            },
            {
              "x": 182.0,
              "y": 141.0
            },
            {
              "x": 184.0,
              "y": 145.0
            },
            {
              "x": 188.0,
              "y": 149.0
            },
            {
              "x": 188.0,
              "y": 150.0
            },
            {
              "x": 192.0,
              "y": 154.0
            },
            {
              "x": 192.0,
              "y": 155.0
            },
            {
              "x": 194.0,
              "y": 156.0
            },
            {
              "x": 198.0,
              "y": 160.0
            },
            {
              "x": 206.0,
              "y": 164.0
            },
            {
              "x": 211.0,
              "y": 168.0
            },
            {
              "x": 215.0,
              "y": 169.0
            },
            {
              "x": 220.0,
              "y": 172.0
            },
            {
              "x": 223.0,
              "y": 172.0
            },
            {
              "x": 224.0,
              "y": 173.0
            },
            {
              "x": 227.0,
              "y": 173.0
            },
            {
              "x": 228.0,
              "y": 174.0
            },
            {
              "x": 238.0,
              "y": 174.0
            },
            {
              "x": 239.0,
              "y": 173.0
            },
            {
              "x": 241.0,
              "y": 173.0
            },
            {
              "x": 245.0,
              "y": 169.0
            },
            {
              "x": 245.0,
              "y": 168.0
            },
            {
              "x": 250.0,
              "y": 162.0
            },
            {
              "x": 251.0,
              "y": 159.0
            },
            {
              "x": 253.0,
              "y": 157.0
            },
            {
              "x": 255.0,
              "y": 153.0
            },
            {
              "x": 258.0,
              "y": 150.0
            },
            {
              "x": 258.0,
              "y": 149.0
            },
            {
              "x": 264.0,
              "y": 142.0
            },
            {
              "x": 264.0,
              "y": 141.0
            },
            {
              "x": 268.0,
              "y": 137.0
            },
            {
              "x": 268.0,
              "y": 136.0
            },
            {
              "x": 291.0,
              "y": 113.0
            },
            {
              "x": 292.0,
              "y": 113.0
            },
            {
              "x": 296.0,
              "y": 109.0
            },
            {
              "x": 297.0,
              "y": 109.0
            },
            {
              "x": 302.0,
              "y": 104.0
            },
            {
              "x": 303.0,
              "y": 104.0
            },
            {
              "x": 310.0,
              "y": 98.0
            },
            {
              "x": 313.0,
              "y": 97.0
            },
            {
              "x": 315.0,
              "y": 95.0
            },
            {
              "x": 316.0,
              "y": 95.0
            },
            {
              "x": 330.0,
              "y": 85.0
            },
            {
              "x": 335.0,
              "y": 83.0
            },
            {
              "x": 340.0,
              "y": 79.0
            },
            {
              "x": 360.0,
              "y": 69.0
            },
            {
              "x": 362.0,
              "y": 69.0
            },
            {
              "x": 365.0,
              "y": 67.0
            },
            {
              "x": 367.0,
              "y": 67.0
            },
            {
              "x": 375.0,
              "y": 63.0
            },
            {
              "x": 383.0,
              "y": 61.0
            },
            {
              "x": 393.0,
              "y": 56.0
            },
            {
              "x": 398.0,
              "y": 52.0
            },
            {
              "x": 398.0,
              "y": 51.0
            },
            {
              "x": 402.0,
              "y": 46.0
            },
            {
              "x": 402.0,
              "y": 44.0
            },
            {
              "x": 403.0,
              "y": 43.0
            },
            {
              "x": 403.0,
              "y": 39.0
            },
            {
              "x": 404.0,
              "y": 38.0
            },
            {
              "x": 403.0,
              "y": 22.0
            },
            {
              "x": 399.0,
              "y": 14.0
            }
          ]
        ]
      },
      "properties": [],
      "slot_names": [
        "0"
      ]
    }
  ]
}