{
  "version": "2.0",
  "schema_ref": "https://darwin-public.s3.eu-west-1.amazonaws.com/darwin_json/2.0/schema.json",
  "item": {
    "name": "sedani.4qekpet8.ingestion-5fd995d986-9zbdz.jpg",
    "path": "/",
    "source_info": {
      "item_id": "018ea5b6-3851-9e1a-2da1-57f2657aaa0d",
      "dataset": {
        "name": "Pasta",
        "slug": "pasta",
        "dataset_management_url": "https://darwin.v7labs.com/datasets/735230/dataset-management"
      },
      "team": {
        "name": "Salvino",
        "slug": "salvino"
      },
      "workview_url": "https://darwin.v7labs.com/workview?dataset=735230&item=018ea5b6-3851-9e1a-2da1-57f2657aaa0d"
    },
    "slots": [
      {
        "type": "image",
        "slot_name": "0",
        "width": 512,
        "height": 512,
        "thumbnail_url": "https://darwin.v7labs.com/api/v2/teams/salvino/files/25b0317e-99e8-4b9a-acb5-dc4b83085f80/thumbnail",
        "source_files": [
          {
            "file_name": "sedani.4qekpet8.ingestion-5fd995d986-9zbdz.jpg",
            "url": "https://darwin.v7labs.com/api/v2/teams/salvino/uploads/f4b696e1-a306-4ebd-9c7d-8d7e7a1e8bd0"
          }
        ]
      }
    ]
  },
  "annotations": [
    {
      "bounding_box": {
        "h": 257.0,
        "w": 95.0,
        "x": 195.0,
        "y": 125.0
      },
      "id": "b501a374-35ad-4ab2-b8b1-84d448f5b100",
      "name": "Sedani",
      "polygon": {
        "paths": [
          [
            {
              "x": 216.0,
              "y": 126.0
            },
            {
              "x": 205.0,
              "y": 131.0
            },
            {
              "x": 204.0,
              "y": 133.0
            },
            {
              "x": 202.0,
              "y": 133.0
            },
            {
              "x": 196.0,
              "y": 140.0
            },
            {
              "x": 196.0,
              "y": 142.0
            },
            {
              "x": 195.0,
              "y": 143.0
            },
            {
              "x": 195.0,
              "y": 147.0
            },
            {
              "x": 196.0,
              "y": 148.0
            },
            {
              "x": 196.0,
              "y": 151.0
            },
            {
              "x": 197.0,
              "y": 152.0
            },
            {
              "x": 198.0,
              "y": 157.0
            },
            {
              "x": 203.0,
              "y": 167.0
            },
            {
              "x": 205.0,
              "y": 169.0
            },
            {
              "x": 205.0,
              "y": 171.0
            },
            {
              "x": 209.0,
              "y": 179.0
            },
            {
              "x": 211.0,
              "y": 187.0
            },
            {
              "x": 213.0,
              "y": 189.0
            },
            {
              "x": 213.0,
              "y": 191.0
            },
            {
              "x": 214.0,
              "y": 192.0
            },
            {
              "x": 214.0,
              "y": 195.0
            },
            {
              "x": 215.0,
              "y": 196.0
            },
            {
              "x": 216.0,
              "y": 203.0
            },
            {
              "x": 218.0,
              "y": 206.0
            },
            {
              "x": 218.0,
              "y": 210.0
            },
            {
              "x": 219.0,
              "y": 211.0
            },
            {
              "x": 219.0,
              "y": 214.0
            },
            {
              "x": 220.0,
              "y": 215.0
            },
            {
              "x": 220.0,
              "y": 219.0
            },
            {
              "x": 222.0,
              "y": 223.0
            },
            {
              "x": 222.0,
              "y": 228.0
            },
            {
              "x": 223.0,
              "y": 229.0
            },
            {
              "x": 223.0,
              "y": 234.0
            },
            {
              "x": 224.0,
              "y": 235.0
            },
            {
              "x": 224.0,
              "y": 242.0
            },
            {
              "x": 225.0,
              "y": 243.0
            },
            {
              "x": 225.0,
              "y": 246.0
            },
            {
              "x": 226.0,
              "y": 247.0
            },
            {
              "x": 226.0,
              "y": 256.0
            },
            {
              "x": 227.0,
              "y": 257.0
            },
            {
              "x": 227.0,
              "y": 273.0
            },
            {
              "x": 228.0,
              "y": 274.0
            },
            {
              "x": 228.0,
              "y": 322.0
            },
            {
              "x": 227.0,
              "y": 323.0
            },
            {
              "x": 227.0,
              "y": 343.0
            },
            {
              "x": 226.0,
              "y": 344.0
            },
            {
              "x": 226.0,
              "y": 356.0
            },
            {
              "x": 225.0,
              "y": 357.0
            },
            {
              "x": 225.0,
              "y": 359.0
            },
            {
              "x": 226.0,
              "y": 360.0
            },
            {
              "x": 226.0,
              "y": 365.0
            },
            {
              "x": 227.0,
              "y": 366.0
            },
            {
              "x": 227.0,
              "y": 368.0
            },
            {
              "x": 229.0,
              "y": 372.0
            },
            {
              "x": 233.0,
              "y": 374.0
            },
            {
              "x": 236.0,
              "y": 377.0
            },
            {
              "x": 242.0,
              "y": 378.0
            },
            {
              "x": 246.0,
              "y": 381.0
            },
            {
              "x": 254.0,
              "y": 381.0
            },
            {
              "x": 255.0,
              "y": 382.0
            },
            {
              "x": 271.0,
              "y": 382.0
            },
            {
              "x": 272.0,
              "y": 381.0
            },
            {
              "x": 279.0,
              "y": 380.0
            },
            {
              "x": 281.0,
              "y": 378.0
            },
            {
              "x": 282.0,
              "y": 378.0
            },
            {
              "x": 287.0,
              "y": 373.0
            },
            {
              "x": 288.0,
              "y": 371.0
            },
            {
              "x": 288.0,
              "y": 368.0
            },
            {
              "x": 289.0,
              "y": 367.0
            },
            {
              "x": 289.0,
              "y": 354.0
            },
            {
              "x": 290.0,
              "y": 353.0
            },
            {
              "x": 290.0,
              "y": 351.0
            },
            {
              "x": 289.0,
              "y": 350.0
            },
            {
              "x": 289.0,
              "y": 339.0
            },
            {
              "x": 290.0,
              "y": 338.0
            },
            {
              "x": 290.0,
              "y": 335.0
            },
            {
              "x": 289.0,
              "y": 334.0
            },
            {
              "x": 289.0,
              "y": 309.0
            },
            {
              "x": 288.0,
              "y": 308.0
            },
            {
              "x": 288.0,
              "y": 296.0
            },
            {
              "x": 287.0,
              "y": 295.0
            },
            {
              "x": 287.0,
              "y": 284.0
            },
            {
              "x": 286.0,
              "y": 283.0
            },
            {
              "x": 286.0,
              "y": 274.0
            },
            {
              "x": 285.0,
              "y": 273.0
            },
            {
              "x": 285.0,
              "y": 270.0
            },
            {
              "x": 284.0,
              "y": 269.0
            },
            {
              "x": 284.0,
              "y": 262.0
            },
            {
              "x": 283.0,
              "y": 261.0
            },
            {
              "x": 283.0,
              "y": 255.0
            },
            {
              "x": 282.0,
              "y": 254.0
            },
            {
              "x": 282.0,
              "y": 247.0
            },
            {
              "x": 280.0,
              "y": 243.0
            },
            {
              "x": 280.0,
              "y": 239.0
            },
            {
              "x": 279.0,
              "y": 238.0
            },
            {
              "x": 279.0,
              "y": 234.0
            },
            {
              "x": 278.0,
              "y": 233.0
            },
            {
              "x": 278.0,
              "y": 227.0
            },
            {
              "x": 276.0,
              "y": 223.0
            },
            {
              "x": 276.0,
              "y": 220.0
            },
            {
              "x": 275.0,
              "y": 219.0
            },
            {
              "x": 275.0,
              "y": 216.0
            },
            {
              "x": 274.0,
              "y": 215.0
            },
            {
              "x": 273.0,
              "y": 207.0
            },
            {
              "x": 270.0,
              "y": 201.0
            },
            {
              "x": 269.0,
              "y": 194.0
            },
            {
              "x": 266.0,
              "y": 189.0
            },
            {
              "x": 266.0,
              "y": 186.0
            },
            {
              "x": 264.0,
              "y": 182.0
            },
            {
              "x": 264.0,
              "y": 179.0
            },
            {
              "x": 262.0,
              "y": 176.0
            },
            {
              "x": 260.0,
              "y": 168.0
            },
            {
              "x": 257.0,
              "y": 163.0
            },
            {
              "x": 256.0,
              "y": 157.0
            },
            {
              "x": 254.0,
              "y": 155.0
            },
            {
              "x": 254.0,
              "y": 152.0
            },
            {
              "x": 253.0,
              "y": 151.0
            },
            {
              "x": 253.0,
              "y": 148.0
            },
            {
              "x": 251.0,
              "y": 145.0
            },
            {
              "x": 251.0,
              "y": 143.0
            },
            {
              "x": 249.0,
              "y": 141.0
            },
            {
              "x": 249.0,
              "y": 139.0
            },
            {
              "x": 247.0,
              "y": 135.0
            },
            {
              "x": 246.0,
              "y": 135.0
            },
            {
              "x": 245.0,
              "y": 133.0
            },
            {
              "x": 239.0,
              "y": 128.0
            },
            {
              "x": 235.0,
              "y": 126.0
            },
            {
              "x": 231.0,
              "y": 126.0
            },
            {
              "x": 230.0,
              "y": 125.0
            },
            {
              "x": 221.0,
              "y": 125.0
            },
            {
              "x": 220.0,
              "y": 126.0
            }
          ]
        ]
      },
      "properties": [],
      "slot_names": [
        "0"
      ]
    }
  ]
}