{
  "version": "2.0",
  "schema_ref": "https://darwin-public.s3.eu-west-1.amazonaws.com/darwin_json/2.0/schema.json",
  "item": {
    "name": "sedani.4qekmasi.ingestion-5fd995d986-l5rgx.jpg",
    "path": "/",
    "source_info": {
      "item_id": "018ea5b6-3850-8dff-b70e-aa2984171011",
      "dataset": {
        "name": "Pasta",
        "slug": "pasta",
        "dataset_management_url": "https://darwin.v7labs.com/datasets/735230/dataset-management"
      },
      "team": {
        "name": "Salvino",
        "slug": "salvino"
      },
      "workview_url": "https://darwin.v7labs.com/workview?dataset=735230&item=018ea5b6-3850-8dff-b70e-aa2984171011"
    },
    "slots": [
      {
        "type": "image",
        "slot_name": "0",
        "width": 512,
        "height": 512,
        "thumbnail_url": "https://darwin.v7labs.com/api/v2/teams/salvino/files/82441cd0-c5cd-45e8-8a83-8ab4cd9e8a03/thumbnail",
        "source_files": [
          {
            "file_name": "sedani.4qekmasi.ingestion-5fd995d986-l5rgx.jpg",
            "url": "https://darwin.v7labs.com/api/v2/teams/salvino/uploads/220192e7-b53a-4768-9db6-f5d03bd11c15"
          }
        ]
      }
    ]
  },
  "annotations": [
    {
      "bounding_box": {
        "h": 93.0,
        "w": 176.0,
        "x": 254.0,
        "y": 36.0
      },
      "id": "63d856bf-2483-4162-82b9-e956eb824ead",
      "name": "Sedani",
      "polygon": {
        "paths": [
          [
            {
              "x": 254.0,
              "y": 58.0
            },
            {
              "x": 254.0,
              "y": 66.0
            },
            {
              "x": 257.0,
              "y": 68.0
            },
            {
              "x": 259.0,
              "y": 68.0
            },
            {
              "x": 261.0,
              "y": 70.0
            },
            {
              "x": 263.0,
              "y": 70.0
            },
            {
              "x": 268.0,
              "y": 73.0
            },
            {
              "x": 270.0,
              "y": 73.0
            },
            {
              "x": 273.0,
              "y": 75.0
            },
            {
              "x": 275.0,
              "y": 75.0
            },
            {
              "x": 285.0,
              "y": 80.0
            },
            {
              "x": 287.0,
              "y": 80.0
            },
            {
              "x": 288.0,
              "y": 81.0
            },
            {
              "x": 293.0,
              "y": 82.0
            },
            {
              "x": 296.0,
              "y": 84.0
            },
            {
              "x": 301.0,
              "y": 85.0
            },
            {
              "x": 304.0,
              "y": 87.0
            },
            {
              "x": 312.0,
              "y": 89.0
            },
            {
              "x": 314.0,
              "y": 91.0
            },
            {
              "x": 316.0,
              "y": 91.0
            },
            {
              "x": 322.0,
              "y": 94.0
            },
            {
              "x": 327.0,
              "y": 95.0
            },
            {
              "x": 332.0,
              "y": 98.0
            },
            {
              "x": 337.0,
              "y": 99.0
            },
            {
              "x": 340.0,
              "y": 101.0
            },
            {
              "x": 342.0,
              "y": 101.0
            },
            {
              "x": 343.0,
              "y": 102.0
            },
            {
              "x": 348.0,
              "y": 103.0
            },
            {
              "x": 351.0,
              "y": 105.0
            },
            {
              "x": 356.0,
              "y": 106.0
            },
            {
              "x": 359.0,
              "y": 108.0
            },
            {
              "x": 364.0,
              "y": 109.0
            },
            {
              "x": 369.0,
              "y": 112.0
            },
            {
              "x": 374.0,
              "y": 113.0
            },
            {
              "x": 377.0,
              "y": 115.0
            },
            {
              "x": 379.0,
              "y": 115.0
            },
            {
              "x": 387.0,
              "y": 119.0
            },
            {
              "x": 392.0,
              "y": 120.0
            },
            {
              "x": 394.0,
              "y": 122.0
            },
            {
              "x": 396.0,
              "y": 122.0
            },
            {
              "x": 403.0,
              "y": 126.0
            },
            {
              "x": 405.0,
              "y": 126.0
            },
            {
              "x": 408.0,
              "y": 128.0
            },
            {
              "x": 412.0,
              "y": 129.0
            },
            {
              "x": 417.0,
              "y": 124.0
            },
            {
              "x": 422.0,
              "y": 114.0
            },
            {
              "x": 424.0,
              "y": 112.0
            },
            {
              "x": 424.0,
              "y": 110.0
            },
            {
              "x": 427.0,
              "y": 105.0
            },
            {
              "x": 427.0,
              "y": 103.0
            },
            {
              "x": 429.0,
              "y": 100.0
            },
            {
              "x": 429.0,
              "y": 97.0
            },
            {
              "x": 430.0,
              "y": 96.0
            },
            {
              "x": 430.0,
              "y": 95.0
            },
            {
              "x": 427.0,
              "y": 92.0
            },
            {
              "x": 425.0,
              "y": 92.0
            },
            {
              "x": 422.0,
              "y": 90.0
            },
            {
              "x": 414.0,
              "y": 88.0
            },
            {
              "x": 411.0,
              "y": 86.0
            },
            {
              "x": 406.0,
              "y": 85.0
            },
            {
              "x": 403.0,
              "y": 83.0
            },
            {
              "x": 395.0,
              "y": 81.0
            },
            {
              "x": 393.0,
              "y": 79.0
            },
            {
              "x": 388.0,
              "y": 78.0
            },
            {
              "x": 386.0,
              "y": 76.0
            },
            {
              "x": 378.0,
              "y": 74.0
            },
            {
              "x": 375.0,
              "y": 72.0
            },
            {
              "x": 370.0,
              "y": 71.0
            },
            {
              "x": 365.0,
              "y": 68.0
            },
            {
              "x": 363.0,
              "y": 68.0
            },
            {
              "x": 357.0,
              "y": 65.0
            },
            {
              "x": 352.0,
              "y": 64.0
            },
            {
              "x": 349.0,
              "y": 62.0
            },
            {
              "x": 341.0,
              "y": 60.0
            },
            {
              "x": 336.0,
              "y": 57.0
            },
            {
              "x": 333.0,
              "y": 57.0
            },
            {
              "x": 330.0,
              "y": 55.0
            },
            {
              "x": 328.0,
              "y": 55.0
            },
            {
              "x": 322.0,
              "y": 52.0
            },
            {
              "x": 314.0,
              "y": 50.0
            },
            {
              "x": 311.0,
              "y": 48.0
            },
            {
              "x": 309.0,
              "y": 48.0
            },
            {
              "x": 305.0,
              "y": 46.0
            },
            {
              "x": 302.0,
              "y": 46.0
            },
            {
              "x": 299.0,
              "y": 44.0
            },
            {
              "x": 296.0,
              "y": 44.0
            },
            {
              "x": 295.0,
              "y": 43.0
            },
            {
              "x": 293.0,
              "y": 43.0
            },
            {
              "x": 287.0,
              "y": 40.0
            },
            {
              "x": 279.0,
              "y": 39.0
            },
            {
              "x": 275.0,
              "y": 37.0
            },
            {
              "x": 270.0,
              "y": 37.0
            },
            {
              "x": 269.0,
              "y": 36.0
            },
            {
              "x": 265.0,
              "y": 36.0
            },
            {
              "x": 263.0,
              "y": 37.0
            },
            {
              "x": 260.0,
              "y": 42.0
            },
            {
              "x": 260.0,
              "y": 44.0
            },
            {
              "x": 258.0,
              "y": 47.0
            },
            {
              "x": 258.0,
              "y": 49.0
            },
            {
              "x": 255.0,
              "y": 55.0
            },
            {
              "x": 255.0,
              "y": 57.0
            }
          ]
        ]
      },
      "properties": [],
      "slot_names": [
        "0"
      ]
    },
    {
      "bounding_box": {
        "h": 184.0,
        "w": 147.0,
        "x": 90.0,
        "y": 181.0
      },
      "id": "0d0b5c32-25c1-4d79-8b3c-577fad23bc66",
      "name": "Sedani",
      "polygon": {
        "paths": [
          [
            {
              "x": 217.0,
              "y": 183.0
            },
            {
              "x": 211.0,
              "y": 181.0
            },
            {
              "x": 207.0,
              "y": 184.0
            },
            {
              "x": 206.0,
              "y": 184.0
            },
            {
              "x": 200.0,
              "y": 190.0
            },
            {
              "x": 199.0,
              "y": 190.0
            },
            {
              "x": 199.0,
              "y": 191.0
            },
            {
              "x": 197.0,
              "y": 192.0
            },
            {
              "x": 197.0,
              "y": 193.0
            },
            {
              "x": 195.0,
              "y": 194.0
            },
            {
              "x": 195.0,
              "y": 195.0
            },
            {
              "x": 193.0,
              "y": 196.0
            },
            {
              "x": 193.0,
              "y": 197.0
            },
            {
              "x": 189.0,
              "y": 201.0
            },
            {
              "x": 188.0,
              "y": 201.0
            },
            {
              "x": 188.0,
              "y": 202.0
            },
            {
              "x": 186.0,
              "y": 203.0
            },
            {
              "x": 186.0,
              "y": 204.0
            },
            {
              "x": 184.0,
              "y": 205.0
            },
            {
              "x": 184.0,
              "y": 206.0
            },
            {
              "x": 173.0,
              "y": 217.0
            },
            {
              "x": 173.0,
              "y": 218.0
            },
            {
              "x": 160.0,
              "y": 232.0
            },
            {
              "x": 160.0,
              "y": 233.0
            },
            {
              "x": 157.0,
              "y": 236.0
            },
            {
              "x": 157.0,
              "y": 237.0
            },
            {
              "x": 153.0,
              "y": 241.0
            },
            {
              "x": 153.0,
              "y": 242.0
            },
            {
              "x": 144.0,
              "y": 253.0
            },
            {
              "x": 142.0,
              "y": 257.0
            },
            {
              "x": 139.0,
              "y": 260.0
            },
            {
              "x": 138.0,
              "y": 263.0
            },
            {
              "x": 136.0,
              "y": 264.0
            },
            {
              "x": 133.0,
              "y": 270.0
            },
            {
              "x": 130.0,
              "y": 273.0
            },
            {
              "x": 129.0,
              "y": 276.0
            },
            {
              "x": 123.0,
              "y": 284.0
            },
            {
              "x": 121.0,
              "y": 289.0
            },
            {
              "x": 116.0,
              "y": 296.0
            },
            {
              "x": 112.0,
              "y": 305.0
            },
            {
              "x": 108.0,
              "y": 310.0
            },
            {
              "x": 101.0,
              "y": 325.0
            },
            {
              "x": 99.0,
              "y": 327.0
            },
            {
              "x": 99.0,
              "y": 329.0
            },
            {
              "x": 97.0,
              "y": 331.0
            },
            {
              "x": 96.0,
              "y": 335.0
            },
            {
              "x": 94.0,
              "y": 337.0
            },
            {
              "x": 94.0,
              "y": 339.0
            },
            {
              "x": 92.0,
              "y": 341.0
            },
            {
              "x": 92.0,
              "y": 343.0
            },
            {
              "x": 90.0,
              "y": 346.0
            },
            {
              "x": 90.0,
              "y": 352.0
            },
            {
              "x": 94.0,
              "y": 354.0
            },
            {
              "x": 99.0,
              "y": 355.0
            },
            {
              "x": 102.0,
              "y": 357.0
            },
            {
              "x": 104.0,
              "y": 357.0
            },
            {
              "x": 105.0,
              "y": 358.0
            },
            {
              "x": 107.0,
              "y": 358.0
            },
            {
              "x": 108.0,
              "y": 359.0
            },
            {
              "x": 110.0,
              "y": 359.0
            },
            {
              "x": 111.0,
              "y": 360.0
            },
            {
              "x": 113.0,
              "y": 360.0
            },
            {
              "x": 117.0,
              "y": 362.0
            },
            {
              "x": 120.0,
              "y": 362.0
            },
            {
              "x": 124.0,
              "y": 364.0
            },
            {
              "x": 132.0,
              "y": 365.0
            },
            {
              "x": 135.0,
              "y": 363.0
            },
            {
              "x": 135.0,
              "y": 361.0
            },
            {
              "x": 137.0,
              "y": 358.0
            },
            {
              "x": 137.0,
              "y": 356.0
            },
            {
              "x": 139.0,
              "y": 352.0
            },
            {
              "x": 139.0,
              "y": 349.0
            },
            {
              "x": 141.0,
              "y": 346.0
            },
            {
              "x": 141.0,
              "y": 343.0
            },
            {
              "x": 144.0,
              "y": 338.0
            },
            {
              "x": 144.0,
              "y": 336.0
            },
            {
              "x": 146.0,
              "y": 333.0
            },
            {
              "x": 146.0,
              "y": 331.0
            },
            {
              "x": 153.0,
              "y": 317.0
            },
            {
              "x": 155.0,
              "y": 315.0
            },
            {
              "x": 155.0,
              "y": 313.0
            },
            {
              "x": 157.0,
              "y": 311.0
            },
            {
              "x": 157.0,
              "y": 309.0
            },
            {
              "x": 159.0,
              "y": 307.0
            },
            {
              "x": 164.0,
              "y": 297.0
            },
            {
              "x": 174.0,
              "y": 283.0
            },
            {
              "x": 175.0,
              "y": 280.0
            },
            {
              "x": 177.0,
              "y": 278.0
            },
            {
              "x": 179.0,
              "y": 274.0
            },
            {
              "x": 183.0,
              "y": 270.0
            },
            {
              "x": 187.0,
              "y": 263.0
            },
            {
              "x": 195.0,
              "y": 254.0
            },
            {
              "x": 195.0,
              "y": 253.0
            },
            {
              "x": 204.0,
              "y": 244.0
            },
            {
              "x": 204.0,
              "y": 243.0
            },
            {
              "x": 212.0,
              "y": 235.0
            },
            {
              "x": 212.0,
              "y": 234.0
            },
            {
              "x": 214.0,
              "y": 233.0
            },
            {
              "x": 214.0,
              "y": 232.0
            },
            {
              "x": 224.0,
              "y": 222.0
            },
            {
              "x": 225.0,
              "y": 222.0
            },
            {
              "x": 225.0,
              "y": 221.0
            },
            {
              "x": 235.0,
              "y": 211.0
            },
            {
              "x": 236.0,
              "y": 211.0
            },
            {
              "x": 237.0,
              "y": 209.0
            },
            {
              "x": 237.0,
              "y": 206.0
            },
            {
              "x": 235.0,
              "y": 202.0
            },
            {
              "x": 231.0,
              "y": 197.0
            },
            {
              "x": 231.0,
              "y": 196.0
            },
            {
              "x": 223.0,
              "y": 188.0
            },
            {
              "x": 222.0,
              "y": 188.0
            }
          ]
        ]
      },
      "properties": [],
      "slot_names": [
        "0"
      ]
    },
    {
      "bounding_box": {
        "h": 194.0,
        "w": 93.0,
        "x": 337.0,
        "y": 215.0
      },
      "id": "adbb74e2-f6d0-4faa-a29f-6c7ba992008c",
      "name": "Sedani",
      "polygon": {
        "paths": [
          [
            {
              "x": 370.0,
              "y": 215.0
            },
            {
              "x": 369.0,
              "y": 216.0
            },
            {
              "x": 359.0,
              "y": 217.0
            },
            {
              "x": 358.0,
              "y": 218.0
            },
            {
              "x": 350.0,
              "y": 220.0
            },
            {
              "x": 346.0,
              "y": 222.0
            },
            {
              "x": 344.0,
              "y": 224.0
            },
            {
              "x": 342.0,
              "y": 224.0
            },
            {
              "x": 337.0,
              "y": 229.0
            },
            {
              "x": 337.0,
              "y": 234.0
            },
            {
              "x": 339.0,
              "y": 237.0
            },
            {
              "x": 339.0,
              "y": 240.0
            },
            {
              "x": 341.0,
              "y": 244.0
            },
            {
              "x": 341.0,
              "y": 247.0
            },
            {
              "x": 342.0,
              "y": 248.0
            },
            {
              "x": 342.0,
              "y": 250.0
            },
            {
              "x": 343.0,
              "y": 251.0
            },
            {
              "x": 343.0,
              "y": 253.0
            },
            {
              "x": 344.0,
              "y": 254.0
            },
            {
              "x": 344.0,
              "y": 256.0
            },
            {
              "x": 346.0,
              "y": 260.0
            },
            {
              "x": 346.0,
              "y": 264.0
            },
            {
              "x": 347.0,
              "y": 265.0
            },
            {
              "x": 348.0,
              "y": 270.0
            },
            {
              "x": 350.0,
              "y": 273.0
            },
            {
              "x": 351.0,
              "y": 280.0
            },
            {
              "x": 352.0,
              "y": 281.0
            },
            {
              "x": 352.0,
              "y": 283.0
            },
            {
              "x": 353.0,
              "y": 284.0
            },
            {
              "x": 353.0,
              "y": 286.0
            },
            {
              "x": 355.0,
              "y": 290.0
            },
            {
              "x": 355.0,
              "y": 294.0
            },
            {
              "x": 358.0,
              "y": 300.0
            },
            {
              "x": 359.0,
              "y": 307.0
            },
            {
              "x": 362.0,
              "y": 313.0
            },
            {
              "x": 363.0,
              "y": 320.0
            },
            {
              "x": 366.0,
              "y": 326.0
            },
            {
              "x": 366.0,
              "y": 329.0
            },
            {
              "x": 367.0,
              "y": 330.0
            },
            {
              "x": 367.0,
              "y": 332.0
            },
            {
              "x": 369.0,
              "y": 336.0
            },
            {
              "x": 369.0,
              "y": 339.0
            },
            {
              "x": 370.0,
              "y": 340.0
            },
            {
              "x": 370.0,
              "y": 342.0
            },
            {
              "x": 372.0,
              "y": 346.0
            },
            {
              "x": 372.0,
              "y": 349.0
            },
            {
              "x": 373.0,
              "y": 350.0
            },
            {
              "x": 374.0,
              "y": 355.0
            },
            {
              "x": 376.0,
              "y": 358.0
            },
            {
              "x": 377.0,
              "y": 364.0
            },
            {
              "x": 378.0,
              "y": 365.0
            },
            {
              "x": 378.0,
              "y": 367.0
            },
            {
              "x": 379.0,
              "y": 368.0
            },
            {
              "x": 379.0,
              "y": 370.0
            },
            {
              "x": 380.0,
              "y": 371.0
            },
            {
              "x": 380.0,
              "y": 373.0
            },
            {
              "x": 381.0,
              "y": 374.0
            },
            {
              "x": 383.0,
              "y": 382.0
            },
            {
              "x": 385.0,
              "y": 385.0
            },
            {
              "x": 386.0,
              "y": 391.0
            },
            {
              "x": 388.0,
              "y": 394.0
            },
            {
              "x": 388.0,
              "y": 396.0
            },
            {
              "x": 389.0,
              "y": 397.0
            },
            {
              "x": 389.0,
              "y": 399.0
            },
            {
              "x": 390.0,
              "y": 400.0
            },
            {
              "x": 390.0,
              "y": 402.0
            },
            {
              "x": 392.0,
              "y": 406.0
            },
            {
              "x": 394.0,
              "y": 408.0
            },
            {
              "x": 396.0,
              "y": 408.0
            },
            {
              "x": 397.0,
              "y": 409.0
            },
            {
              "x": 398.0,
              "y": 408.0
            },
            {
              "x": 402.0,
              "y": 408.0
            },
            {
              "x": 403.0,
              "y": 407.0
            },
            {
              "x": 410.0,
              "y": 406.0
            },
            {
              "x": 411.0,
              "y": 405.0
            },
            {
              "x": 416.0,
              "y": 404.0
            },
            {
              "x": 421.0,
              "y": 401.0
            },
            {
              "x": 423.0,
              "y": 401.0
            },
            {
              "x": 424.0,
              "y": 400.0
            },
            {
              "x": 428.0,
              "y": 399.0
            },
            {
              "x": 430.0,
              "y": 395.0
            },
            {
              "x": 430.0,
              "y": 392.0
            },
            {
              "x": 429.0,
              "y": 391.0
            },
            {
              "x": 429.0,
              "y": 384.0
            },
            {
              "x": 428.0,
              "y": 383.0
            },
            {
              "x": 428.0,
              "y": 380.0
            },
            {
              "x": 427.0,
              "y": 379.0
            },
            {
              "x": 426.0,
              "y": 373.0
            },
            {
              "x": 424.0,
              "y": 369.0
            },
            {
              "x": 424.0,
              "y": 365.0
            },
            {
              "x": 422.0,
              "y": 362.0
            },
            {
              "x": 422.0,
              "y": 360.0
            },
            {
              "x": 420.0,
              "y": 356.0
            },
            {
              "x": 420.0,
              "y": 353.0
            },
            {
              "x": 418.0,
              "y": 350.0
            },
            {
              "x": 418.0,
              "y": 348.0
            },
            {
              "x": 417.0,
              "y": 347.0
            },
            {
              "x": 417.0,
              "y": 345.0
            },
            {
              "x": 415.0,
              "y": 341.0
            },
            {
              "x": 415.0,
              "y": 338.0
            },
            {
              "x": 414.0,
              "y": 337.0
            },
            {
              "x": 414.0,
              "y": 335.0
            },
            {
              "x": 413.0,
              "y": 334.0
            },
            {
              "x": 413.0,
              "y": 332.0
            },
            {
              "x": 411.0,
              "y": 328.0
            },
            {
              "x": 411.0,
              "y": 325.0
            },
            {
              "x": 410.0,
              "y": 324.0
            },
            {
              "x": 410.0,
              "y": 322.0
            },
            {
              "x": 409.0,
              "y": 321.0
            },
            {
              "x": 409.0,
              "y": 319.0
            },
            {
              "x": 408.0,
              "y": 318.0
            },
            {
              "x": 408.0,
              "y": 316.0
            },
            {
              "x": 406.0,
              "y": 312.0
            },
            {
              "x": 406.0,
              "y": 309.0
            },
            {
              "x": 405.0,
              "y": 308.0
            },
            {
              "x": 405.0,
              "y": 306.0
            },
            {
              "x": 404.0,
              "y": 305.0
            },
            {
              "x": 404.0,
              "y": 303.0
            },
            {
              "x": 402.0,
              "y": 299.0
            },
            {
              "x": 402.0,
              "y": 296.0
            },
            {
              "x": 400.0,
              "y": 293.0
            },
            {
              "x": 400.0,
              "y": 291.0
            },
            {
              "x": 398.0,
              "y": 287.0
            },
            {
              "x": 398.0,
              "y": 283.0
            },
            {
              "x": 396.0,
              "y": 280.0
            },
            {
              "x": 396.0,
              "y": 278.0
            },
            {
              "x": 393.0,
              "y": 272.0
            },
            {
              "x": 393.0,
              "y": 268.0
            },
            {
              "x": 391.0,
              "y": 265.0
            },
            {
              "x": 390.0,
              "y": 259.0
            },
            {
              "x": 389.0,
              "y": 258.0
            },
            {
              "x": 389.0,
              "y": 255.0
            },
            {
              "x": 387.0,
              "y": 252.0
            },
            {
              "x": 386.0,
              "y": 247.0
            },
            {
              "x": 384.0,
              "y": 244.0
            },
            {
              "x": 384.0,
              "y": 241.0
            },
            {
              "x": 383.0,
              "y": 240.0
            },
            {
              "x": 383.0,
              "y": 238.0
            },
            {
              "x": 382.0,
              "y": 237.0
            },
            {
              "x": 382.0,
              "y": 235.0
            },
            {
              "x": 380.0,
              "y": 231.0
            },
            {
              "x": 380.0,
              "y": 228.0
            },
            {
              "x": 379.0,
              "y": 227.0
            },
            {
              "x": 377.0,
              "y": 219.0
            },
            {
              "x": 375.0,
              "y": 216.0
            },
            {
              "x": 373.0,
              "y": 216.0
            },
            {
              "x": 372.0,
              "y": 215.0
            }
          ]
        ]
      },
      "properties": [],
      "slot_names": [
        "0"
      ]
    }
  ]
}