{
  "version": "2.0",
  "schema_ref": "https://darwin-public.s3.eu-west-1.amazonaws.com/darwin_json/2.0/schema.json",
  "item": {
    "name": "sedani.4qekour0.ingestion-5fd995d986-fwdsf.jpg",
    "path": "/",
    "source_info": {
      "item_id": "018ea5b6-3851-3724-e498-4cd1bd07ed94",
      "dataset": {
        "name": "Pasta",
        "slug": "pasta",
        "dataset_management_url": "https://darwin.v7labs.com/datasets/735230/dataset-management"
      },
      "team": {
        "name": "Salvino",
        "slug": "salvino"
      },
      "workview_url": "https://darwin.v7labs.com/workview?dataset=735230&item=018ea5b6-3851-3724-e498-4cd1bd07ed94"
    },
    "slots": [
      {
        "type": "image",
        "slot_name": "0",
        "width": 512,
        "height": 512,
        "thumbnail_url": "https://darwin.v7labs.com/api/v2/teams/salvino/files/380bda89-662f-424f-bfcf-044e326b83f0/thumbnail",
        "source_files": [
          {
            "file_name": "sedani.4qekour0.ingestion-5fd995d986-fwdsf.jpg",
            "url": "https://darwin.v7labs.com/api/v2/teams/salvino/uploads/59b478b3-c2ad-4dca-900d-87fec3cc244b"
          }
        ]
      }
    ]
  },
  "annotations": [
    {
      "bounding_box": {
        "h": 208.0,
        "w": 171.0,
        "x": 214.0,
        "y": 120.0
      },
      "id": "84c0196e-284c-4c6b-bdc3-d67c19139005",
      "name": "Sedani",
      "polygon": {
        "paths": [
          [
            {
              "x": 378.0,
              "y": 128.0
            },
            {
              "x": 377.0,
              "y": 128.0
            },
            {
              "x": 374.0,
              "y": 125.0
            },
            {
              "x": 371.0,
              "y": 124.0
            },
            {
              "x": 367.0,
              "y": 121.0
            },
            {
              "x": 363.0,
              "y": 121.0
            },
            {
              "x": 362.0,
              "y": 120.0
            },
            {
              "x": 352.0,
              "y": 120.0
            },
            {
              "x": 351.0,
              "y": 121.0
            },
            {
              "x": 348.0,
              "y": 121.0
            },
            {
              "x": 338.0,
              "y": 128.0
            },
            {
              "x": 337.0,
              "y": 128.0
            },
            {
              "x": 334.0,
              "y": 131.0
            },
            {
              "x": 333.0,
              "y": 131.0
            },
            {
              "x": 330.0,
              "y": 134.0
            },
            {
              "x": 329.0,
              "y": 134.0
            },
            {
              "x": 324.0,
              "y": 139.0
            },
            {
              "x": 323.0,
              "y": 139.0
            },
            {
              "x": 315.0,
              "y": 147.0
            },
            {
              "x": 314.0,
              "y": 147.0
            },
            {
              "x": 292.0,
              "y": 169.0
            },
            {
              "x": 292.0,
              "y": 170.0
            },
            {
              "x": 290.0,
              "y": 172.0
            },
            {
              "x": 289.0,
              "y": 172.0
            },
            {
              "x": 289.0,
              "y": 173.0
            },
            {
              "x": 282.0,
              "y": 180.0
            },
            {
              "x": 281.0,
              "y": 183.0
            },
            {
              "x": 276.0,
              "y": 188.0
            },
            {
              "x": 276.0,
              "y": 189.0
            },
            {
              "x": 264.0,
              "y": 203.0
            },
            {
              "x": 263.0,
              "y": 206.0
            },
            {
              "x": 260.0,
              "y": 209.0
            },
            {
              "x": 256.0,
              "y": 217.0
            },
            {
              "x": 251.0,
              "y": 223.0
            },
            {
              "x": 246.0,
              "y": 233.0
            },
            {
              "x": 244.0,
              "y": 235.0
            },
            {
              "x": 243.0,
              "y": 240.0
            },
            {
              "x": 238.0,
              "y": 247.0
            },
            {
              "x": 238.0,
              "y": 249.0
            },
            {
              "x": 235.0,
              "y": 255.0
            },
            {
              "x": 233.0,
              "y": 257.0
            },
            {
              "x": 230.0,
              "y": 264.0
            },
            {
              "x": 228.0,
              "y": 266.0
            },
            {
              "x": 224.0,
              "y": 274.0
            },
            {
              "x": 224.0,
              "y": 276.0
            },
            {
              "x": 222.0,
              "y": 278.0
            },
            {
              "x": 218.0,
              "y": 286.0
            },
            {
              "x": 218.0,
              "y": 288.0
            },
            {
              "x": 215.0,
              "y": 293.0
            },
            {
              "x": 214.0,
              "y": 299.0
            },
            {
              "x": 215.0,
              "y": 300.0
            },
            {
              "x": 215.0,
              "y": 303.0
            },
            {
              "x": 216.0,
              "y": 305.0
            },
            {
              "x": 220.0,
              "y": 309.0
            },
            {
              "x": 221.0,
              "y": 309.0
            },
            {
              "x": 224.0,
              "y": 312.0
            },
            {
              "x": 230.0,
              "y": 315.0
            },
            {
              "x": 232.0,
              "y": 317.0
            },
            {
              "x": 242.0,
              "y": 322.0
            },
            {
              "x": 244.0,
              "y": 322.0
            },
            {
              "x": 245.0,
              "y": 323.0
            },
            {
              "x": 247.0,
              "y": 323.0
            },
            {
              "x": 248.0,
              "y": 324.0
            },
            {
              "x": 250.0,
              "y": 324.0
            },
            {
              "x": 254.0,
              "y": 326.0
            },
            {
              "x": 258.0,
              "y": 326.0
            },
            {
              "x": 262.0,
              "y": 328.0
            },
            {
              "x": 275.0,
              "y": 328.0
            },
            {
              "x": 277.0,
              "y": 327.0
            },
            {
              "x": 281.0,
              "y": 323.0
            },
            {
              "x": 282.0,
              "y": 319.0
            },
            {
              "x": 283.0,
              "y": 318.0
            },
            {
              "x": 283.0,
              "y": 315.0
            },
            {
              "x": 284.0,
              "y": 314.0
            },
            {
              "x": 284.0,
              "y": 311.0
            },
            {
              "x": 285.0,
              "y": 310.0
            },
            {
              "x": 286.0,
              "y": 303.0
            },
            {
              "x": 287.0,
              "y": 302.0
            },
            {
              "x": 287.0,
              "y": 296.0
            },
            {
              "x": 288.0,
              "y": 295.0
            },
            {
              "x": 290.0,
              "y": 287.0
            },
            {
              "x": 292.0,
              "y": 284.0
            },
            {
              "x": 292.0,
              "y": 281.0
            },
            {
              "x": 294.0,
              "y": 278.0
            },
            {
              "x": 294.0,
              "y": 275.0
            },
            {
              "x": 298.0,
              "y": 268.0
            },
            {
              "x": 298.0,
              "y": 266.0
            },
            {
              "x": 300.0,
              "y": 264.0
            },
            {
              "x": 300.0,
              "y": 261.0
            },
            {
              "x": 304.0,
              "y": 253.0
            },
            {
              "x": 306.0,
              "y": 251.0
            },
            {
              "x": 309.0,
              "y": 244.0
            },
            {
              "x": 313.0,
              "y": 239.0
            },
            {
              "x": 314.0,
              "y": 236.0
            },
            {
              "x": 318.0,
              "y": 231.0
            },
            {
              "x": 319.0,
              "y": 228.0
            },
            {
              "x": 322.0,
              "y": 225.0
            },
            {
              "x": 323.0,
              "y": 222.0
            },
            {
              "x": 325.0,
              "y": 220.0
            },
            {
              "x": 325.0,
              "y": 219.0
            },
            {
              "x": 327.0,
              "y": 217.0
            },
            {
              "x": 331.0,
              "y": 210.0
            },
            {
              "x": 335.0,
              "y": 206.0
            },
            {
              "x": 335.0,
              "y": 205.0
            },
            {
              "x": 338.0,
              "y": 202.0
            },
            {
              "x": 338.0,
              "y": 201.0
            },
            {
              "x": 344.0,
              "y": 195.0
            },
            {
              "x": 344.0,
              "y": 194.0
            },
            {
              "x": 350.0,
              "y": 188.0
            },
            {
              "x": 350.0,
              "y": 187.0
            },
            {
              "x": 354.0,
              "y": 183.0
            },
            {
              "x": 355.0,
              "y": 183.0
            },
            {
              "x": 360.0,
              "y": 177.0
            },
            {
              "x": 361.0,
              "y": 177.0
            },
            {
              "x": 366.0,
              "y": 172.0
            },
            {
              "x": 367.0,
              "y": 172.0
            },
            {
              "x": 370.0,
              "y": 169.0
            },
            {
              "x": 371.0,
              "y": 169.0
            },
            {
              "x": 381.0,
              "y": 160.0
            },
            {
              "x": 383.0,
              "y": 156.0
            },
            {
              "x": 383.0,
              "y": 154.0
            },
            {
              "x": 384.0,
              "y": 153.0
            },
            {
              "x": 384.0,
              "y": 147.0
            },
            {
              "x": 385.0,
              "y": 146.0
            },
            {
              "x": 385.0,
              "y": 142.0
            },
            {
              "x": 384.0,
              "y": 141.0
            },
            {
              "x": 382.0,
              "y": 133.0
            },
            {
              "x": 379.0,
              "y": 130.0
            },
            {
              "x": 379.0,
              "y": 129.0
            }
          ]
        ]
      },
      "properties": [],
      "slot_names": [
        "0"
      ]
    }
  ]
}