{
  "version": "2.0",
  "schema_ref": "https://darwin-public.s3.eu-west-1.amazonaws.com/darwin_json/2.0/schema.json",
  "item": {
    "name": "sedani.4qekl1gu.ingestion-5fd995d986-l5rgx.jpg",
    "path": "/",
    "source_info": {
      "item_id": "018ea5b6-384f-bead-5698-38406e00b5bb",
      "dataset": {
        "name": "Pasta",
        "slug": "pasta",
        "dataset_management_url": "https://darwin.v7labs.com/datasets/735230/dataset-management"
      },
      "team": {
        "name": "Salvino",
        "slug": "salvino"
      },
      "workview_url": "https://darwin.v7labs.com/workview?dataset=735230&item=018ea5b6-384f-bead-5698-38406e00b5bb"
    },
    "slots": [
      {
        "type": "image",
        "slot_name": "0",
        "width": 512,
        "height": 512,
        "thumbnail_url": "https://darwin.v7labs.com/api/v2/teams/salvino/files/793d095f-431b-4736-b1c4-26336a977542/thumbnail",
        "source_files": [
          {
            "file_name": "sedani.4qekl1gu.ingestion-5fd995d986-l5rgx.jpg",
            "url": "https://darwin.v7labs.com/api/v2/teams/salvino/uploads/0a64e173-0afd-470c-be7e-08629b9ebe23"
          }
        ]
      }
    ]
  },
  "annotations": [
    {
      "bounding_box": {
        "h": 223.0,
        "w": 176.0,
        "x": 194.0,
        "y": 59.0
      },
      "id": "e7f09e23-a965-40c7-bba2-b27238b18572",
      "name": "Sedani",
      "polygon": {
        "paths": [
          [
            {
              "x": 352.0,
              "y": 62.0
            },
            {
              "x": 348.0,
              "y": 62.0
            },
            {
              "x": 342.0,
              "y": 59.0
            },
            {
              "x": 338.0,
              "y": 59.0
            },
            {
              "x": 337.0,
              "y": 60.0
            },
            {
              "x": 330.0,
              "y": 60.0
            },
            {
              "x": 320.0,
              "y": 69.0
            },
            {
              "x": 318.0,
              "y": 73.0
            },
            {
              "x": 315.0,
              "y": 76.0
            },
            {
              "x": 314.0,
              "y": 79.0
            },
            {
              "x": 306.0,
              "y": 89.0
            },
            {
              "x": 305.0,
              "y": 92.0
            },
            {
              "x": 302.0,
              "y": 95.0
            },
            {
              "x": 300.0,
              "y": 99.0
            },
            {
              "x": 296.0,
              "y": 103.0
            },
            {
              "x": 295.0,
              "y": 106.0
            },
            {
              "x": 287.0,
              "y": 116.0
            },
            {
              "x": 286.0,
              "y": 119.0
            },
            {
              "x": 283.0,
              "y": 121.0
            },
            {
              "x": 283.0,
              "y": 122.0
            },
            {
              "x": 280.0,
              "y": 125.0
            },
            {
              "x": 280.0,
              "y": 126.0
            },
            {
              "x": 278.0,
              "y": 128.0
            },
            {
              "x": 274.0,
              "y": 135.0
            },
            {
              "x": 268.0,
              "y": 141.0
            },
            {
              "x": 265.0,
              "y": 147.0
            },
            {
              "x": 262.0,
              "y": 150.0
            },
            {
              "x": 262.0,
              "y": 151.0
            },
            {
              "x": 259.0,
              "y": 154.0
            },
            {
              "x": 259.0,
              "y": 155.0
            },
            {
              "x": 256.0,
              "y": 157.0
            },
            {
              "x": 255.0,
              "y": 160.0
            },
            {
              "x": 249.0,
              "y": 167.0
            },
            {
              "x": 247.0,
              "y": 171.0
            },
            {
              "x": 243.0,
              "y": 175.0
            },
            {
              "x": 241.0,
              "y": 179.0
            },
            {
              "x": 237.0,
              "y": 183.0
            },
            {
              "x": 237.0,
              "y": 184.0
            },
            {
              "x": 232.0,
              "y": 190.0
            },
            {
              "x": 232.0,
              "y": 191.0
            },
            {
              "x": 229.0,
              "y": 193.0
            },
            {
              "x": 227.0,
              "y": 197.0
            },
            {
              "x": 224.0,
              "y": 200.0
            },
            {
              "x": 224.0,
              "y": 201.0
            },
            {
              "x": 221.0,
              "y": 204.0
            },
            {
              "x": 221.0,
              "y": 205.0
            },
            {
              "x": 216.0,
              "y": 210.0
            },
            {
              "x": 216.0,
              "y": 211.0
            },
            {
              "x": 213.0,
              "y": 214.0
            },
            {
              "x": 211.0,
              "y": 218.0
            },
            {
              "x": 208.0,
              "y": 221.0
            },
            {
              "x": 205.0,
              "y": 227.0
            },
            {
              "x": 203.0,
              "y": 228.0
            },
            {
              "x": 203.0,
              "y": 229.0
            },
            {
              "x": 198.0,
              "y": 235.0
            },
            {
              "x": 195.0,
              "y": 241.0
            },
            {
              "x": 195.0,
              "y": 244.0
            },
            {
              "x": 194.0,
              "y": 245.0
            },
            {
              "x": 194.0,
              "y": 254.0
            },
            {
              "x": 199.0,
              "y": 263.0
            },
            {
              "x": 203.0,
              "y": 267.0
            },
            {
              "x": 204.0,
              "y": 267.0
            },
            {
              "x": 207.0,
              "y": 270.0
            },
            {
              "x": 211.0,
              "y": 272.0
            },
            {
              "x": 214.0,
              "y": 275.0
            },
            {
              "x": 218.0,
              "y": 277.0
            },
            {
              "x": 220.0,
              "y": 277.0
            },
            {
              "x": 224.0,
              "y": 280.0
            },
            {
              "x": 226.0,
              "y": 280.0
            },
            {
              "x": 227.0,
              "y": 281.0
            },
            {
              "x": 231.0,
              "y": 281.0
            },
            {
              "x": 232.0,
              "y": 282.0
            },
            {
              "x": 235.0,
              "y": 282.0
            },
            {
              "x": 236.0,
              "y": 281.0
            },
            {
              "x": 239.0,
              "y": 281.0
            },
            {
              "x": 241.0,
              "y": 280.0
            },
            {
              "x": 244.0,
              "y": 277.0
            },
            {
              "x": 245.0,
              "y": 277.0
            },
            {
              "x": 255.0,
              "y": 267.0
            },
            {
              "x": 255.0,
              "y": 266.0
            },
            {
              "x": 264.0,
              "y": 255.0
            },
            {
              "x": 269.0,
              "y": 246.0
            },
            {
              "x": 274.0,
              "y": 241.0
            },
            {
              "x": 274.0,
              "y": 240.0
            },
            {
              "x": 276.0,
              "y": 238.0
            },
            {
              "x": 276.0,
              "y": 237.0
            },
            {
              "x": 278.0,
              "y": 235.0
            },
            {
              "x": 282.0,
              "y": 228.0
            },
            {
              "x": 288.0,
              "y": 221.0
            },
            {
              "x": 289.0,
              "y": 218.0
            },
            {
              "x": 292.0,
              "y": 215.0
            },
            {
              "x": 295.0,
              "y": 209.0
            },
            {
              "x": 302.0,
              "y": 201.0
            },
            {
              "x": 305.0,
              "y": 195.0
            },
            {
              "x": 308.0,
              "y": 192.0
            },
            {
              "x": 309.0,
              "y": 189.0
            },
            {
              "x": 313.0,
              "y": 185.0
            },
            {
              "x": 313.0,
              "y": 183.0
            },
            {
              "x": 316.0,
              "y": 180.0
            },
            {
              "x": 317.0,
              "y": 177.0
            },
            {
              "x": 321.0,
              "y": 172.0
            },
            {
              "x": 322.0,
              "y": 169.0
            },
            {
              "x": 327.0,
              "y": 163.0
            },
            {
              "x": 328.0,
              "y": 160.0
            },
            {
              "x": 330.0,
              "y": 158.0
            },
            {
              "x": 331.0,
              "y": 155.0
            },
            {
              "x": 333.0,
              "y": 153.0
            },
            {
              "x": 337.0,
              "y": 146.0
            },
            {
              "x": 339.0,
              "y": 145.0
            },
            {
              "x": 340.0,
              "y": 142.0
            },
            {
              "x": 347.0,
              "y": 132.0
            },
            {
              "x": 348.0,
              "y": 129.0
            },
            {
              "x": 353.0,
              "y": 123.0
            },
            {
              "x": 354.0,
              "y": 120.0
            },
            {
              "x": 356.0,
              "y": 118.0
            },
            {
              "x": 356.0,
              "y": 116.0
            },
            {
              "x": 360.0,
              "y": 111.0
            },
            {
              "x": 364.0,
              "y": 103.0
            },
            {
              "x": 367.0,
              "y": 100.0
            },
            {
              "x": 369.0,
              "y": 96.0
            },
            {
              "x": 369.0,
              "y": 89.0
            },
            {
              "x": 370.0,
              "y": 88.0
            },
            {
              "x": 370.0,
              "y": 85.0
            },
            {
              "x": 367.0,
              "y": 80.0
            },
            {
              "x": 367.0,
              "y": 76.0
            },
            {
              "x": 362.0,
              "y": 72.0
            },
            {
              "x": 360.0,
              "y": 68.0
            },
            {
              "x": 356.0,
              "y": 66.0
            }
          ]
        ]
      },
      "properties": [],
      "slot_names": [
        "0"
      ]
    }
  ]
}