{
  "version": "2.0",
  "schema_ref": "https://darwin-public.s3.eu-west-1.amazonaws.com/darwin_json/2.0/schema.json",
  "item": {
    "name": "sedani.4qekooo4.ingestion-5fd995d986-9zbdz.jpg",
    "path": "/",
    "source_info": {
      "item_id": "018ea5b6-3846-470b-6e8a-8737669f6e33",
      "dataset": {
        "name": "Pasta",
        "slug": "pasta",
        "dataset_management_url": "https://darwin.v7labs.com/datasets/735230/dataset-management"
      },
      "team": {
        "name": "Salvino",
        "slug": "salvino"
      },
      "workview_url": "https://darwin.v7labs.com/workview?dataset=735230&item=018ea5b6-3846-470b-6e8a-8737669f6e33"
    },
    "slots": [
      {
        "type": "image",
        "slot_name": "0",
        "width": 512,
        "height": 512,
        "thumbnail_url": "https://darwin.v7labs.com/api/v2/teams/salvino/files/a7f15722-0282-4b79-86cb-7d74fb916418/thumbnail",
        "source_files": [
          {
            "file_name": "sedani.4qekooo4.ingestion-5fd995d986-9zbdz.jpg",
            "url": "https://darwin.v7labs.com/api/v2/teams/salvino/uploads/fa033201-6253-4889-8c5e-f125a2918e61"
          }
        ]
      }
    ]
  },
  "annotations": [
    {
      "bounding_box": {
        "h": 175.0,
        "w": 234.0,
        "x": 142.0,
        "y": 83.0
      },
      "id": "c110fcb1-e284-41fe-be4f-e1ed44dc2d65",
      "name": "Sedani",
      "polygon": {
        "paths": [
          [
            {
              "x": 371.0,
              "y": 92.0
            },
            {
              "x": 370.0,
              "y": 92.0
            },
            {
              "x": 361.0,
              "y": 84.0
            },
            {
              "x": 358.0,
              "y": 84.0
            },
            {
              "x": 357.0,
              "y": 83.0
            },
            {
              "x": 350.0,
              "y": 83.0
            },
            {
              "x": 349.0,
              "y": 84.0
            },
            {
              "x": 341.0,
              "y": 85.0
            },
            {
              "x": 339.0,
              "y": 87.0
            },
            {
              "x": 336.0,
              "y": 87.0
            },
            {
              "x": 330.0,
              "y": 90.0
            },
            {
              "x": 322.0,
              "y": 92.0
            },
            {
              "x": 320.0,
              "y": 94.0
            },
            {
              "x": 317.0,
              "y": 94.0
            },
            {
              "x": 314.0,
              "y": 96.0
            },
            {
              "x": 312.0,
              "y": 96.0
            },
            {
              "x": 310.0,
              "y": 98.0
            },
            {
              "x": 308.0,
              "y": 98.0
            },
            {
              "x": 303.0,
              "y": 101.0
            },
            {
              "x": 301.0,
              "y": 101.0
            },
            {
              "x": 298.0,
              "y": 103.0
            },
            {
              "x": 296.0,
              "y": 103.0
            },
            {
              "x": 292.0,
              "y": 106.0
            },
            {
              "x": 287.0,
              "y": 107.0
            },
            {
              "x": 285.0,
              "y": 109.0
            },
            {
              "x": 281.0,
              "y": 110.0
            },
            {
              "x": 279.0,
              "y": 112.0
            },
            {
              "x": 274.0,
              "y": 114.0
            },
            {
              "x": 272.0,
              "y": 116.0
            },
            {
              "x": 270.0,
              "y": 116.0
            },
            {
              "x": 266.0,
              "y": 118.0
            },
            {
              "x": 259.0,
              "y": 123.0
            },
            {
              "x": 255.0,
              "y": 125.0
            },
            {
              "x": 253.0,
              "y": 125.0
            },
            {
              "x": 252.0,
              "y": 127.0
            },
            {
              "x": 247.0,
              "y": 129.0
            },
            {
              "x": 245.0,
              "y": 131.0
            },
            {
              "x": 242.0,
              "y": 132.0
            },
            {
              "x": 239.0,
              "y": 135.0
            },
            {
              "x": 231.0,
              "y": 139.0
            },
            {
              "x": 224.0,
              "y": 145.0
            },
            {
              "x": 223.0,
              "y": 145.0
            },
            {
              "x": 213.0,
              "y": 153.0
            },
            {
              "x": 212.0,
              "y": 153.0
            },
            {
              "x": 210.0,
              "y": 156.0
            },
            {
              "x": 206.0,
              "y": 158.0
            },
            {
              "x": 203.0,
              "y": 161.0
            },
            {
              "x": 202.0,
              "y": 161.0
            },
            {
              "x": 199.0,
              "y": 164.0
            },
            {
              "x": 198.0,
              "y": 164.0
            },
            {
              "x": 194.0,
              "y": 168.0
            },
            {
              "x": 193.0,
              "y": 168.0
            },
            {
              "x": 188.0,
              "y": 173.0
            },
            {
              "x": 187.0,
              "y": 173.0
            },
            {
              "x": 187.0,
              "y": 174.0
            },
            {
              "x": 185.0,
              "y": 176.0
            },
            {
              "x": 184.0,
              "y": 176.0
            },
            {
              "x": 181.0,
              "y": 179.0
            },
            {
              "x": 180.0,
              "y": 179.0
            },
            {
              "x": 177.0,
              "y": 183.0
            },
            {
              "x": 176.0,
              "y": 183.0
            },
            {
              "x": 173.0,
              "y": 186.0
            },
            {
              "x": 172.0,
              "y": 186.0
            },
            {
              "x": 170.0,
              "y": 189.0
            },
            {
              "x": 167.0,
              "y": 190.0
            },
            {
              "x": 162.0,
              "y": 195.0
            },
            {
              "x": 161.0,
              "y": 195.0
            },
            {
              "x": 161.0,
              "y": 196.0
            },
            {
              "x": 159.0,
              "y": 197.0
            },
            {
              "x": 146.0,
              "y": 210.0
            },
            {
              "x": 146.0,
              "y": 211.0
            },
            {
              "x": 142.0,
              "y": 216.0
            },
            {
              "x": 142.0,
              "y": 220.0
            },
            {
              "x": 145.0,
              "y": 224.0
            },
            {
              "x": 146.0,
              "y": 227.0
            },
            {
              "x": 154.0,
              "y": 235.0
            },
            {
              "x": 155.0,
              "y": 235.0
            },
            {
              "x": 158.0,
              "y": 238.0
            },
            {
              "x": 159.0,
              "y": 238.0
            },
            {
              "x": 161.0,
              "y": 241.0
            },
            {
              "x": 162.0,
              "y": 241.0
            },
            {
              "x": 172.0,
              "y": 249.0
            },
            {
              "x": 174.0,
              "y": 249.0
            },
            {
              "x": 175.0,
              "y": 251.0
            },
            {
              "x": 177.0,
              "y": 251.0
            },
            {
              "x": 182.0,
              "y": 254.0
            },
            {
              "x": 184.0,
              "y": 254.0
            },
            {
              "x": 192.0,
              "y": 258.0
            },
            {
              "x": 197.0,
              "y": 258.0
            },
            {
              "x": 199.0,
              "y": 256.0
            },
            {
              "x": 200.0,
              "y": 256.0
            },
            {
              "x": 201.0,
              "y": 254.0
            },
            {
              "x": 208.0,
              "y": 247.0
            },
            {
              "x": 208.0,
              "y": 246.0
            },
            {
              "x": 211.0,
              "y": 243.0
            },
            {
              "x": 212.0,
              "y": 240.0
            },
            {
              "x": 215.0,
              "y": 237.0
            },
            {
              "x": 215.0,
              "y": 236.0
            },
            {
              "x": 218.0,
              "y": 233.0
            },
            {
              "x": 218.0,
              "y": 232.0
            },
            {
              "x": 222.0,
              "y": 228.0
            },
            {
              "x": 222.0,
              "y": 227.0
            },
            {
              "x": 224.0,
              "y": 225.0
            },
            {
              "x": 225.0,
              "y": 225.0
            },
            {
              "x": 225.0,
              "y": 224.0
            },
            {
              "x": 229.0,
              "y": 220.0
            },
            {
              "x": 229.0,
              "y": 219.0
            },
            {
              "x": 231.0,
              "y": 218.0
            },
            {
              "x": 231.0,
              "y": 217.0
            },
            {
              "x": 233.0,
              "y": 216.0
            },
            {
              "x": 233.0,
              "y": 215.0
            },
            {
              "x": 237.0,
              "y": 211.0
            },
            {
              "x": 238.0,
              "y": 211.0
            },
            {
              "x": 242.0,
              "y": 207.0
            },
            {
              "x": 243.0,
              "y": 207.0
            },
            {
              "x": 243.0,
              "y": 206.0
            },
            {
              "x": 246.0,
              "y": 203.0
            },
            {
              "x": 247.0,
              "y": 203.0
            },
            {
              "x": 248.0,
              "y": 201.0
            },
            {
              "x": 249.0,
              "y": 201.0
            },
            {
              "x": 254.0,
              "y": 196.0
            },
            {
              "x": 255.0,
              "y": 196.0
            },
            {
              "x": 255.0,
              "y": 195.0
            },
            {
              "x": 257.0,
              "y": 193.0
            },
            {
              "x": 260.0,
              "y": 192.0
            },
            {
              "x": 264.0,
              "y": 188.0
            },
            {
              "x": 265.0,
              "y": 188.0
            },
            {
              "x": 276.0,
              "y": 179.0
            },
            {
              "x": 283.0,
              "y": 175.0
            },
            {
              "x": 286.0,
              "y": 172.0
            },
            {
              "x": 291.0,
              "y": 170.0
            },
            {
              "x": 292.0,
              "y": 168.0
            },
            {
              "x": 297.0,
              "y": 166.0
            },
            {
              "x": 307.0,
              "y": 159.0
            },
            {
              "x": 309.0,
              "y": 159.0
            },
            {
              "x": 311.0,
              "y": 157.0
            },
            {
              "x": 316.0,
              "y": 155.0
            },
            {
              "x": 318.0,
              "y": 153.0
            },
            {
              "x": 320.0,
              "y": 153.0
            },
            {
              "x": 324.0,
              "y": 150.0
            },
            {
              "x": 332.0,
              "y": 147.0
            },
            {
              "x": 334.0,
              "y": 145.0
            },
            {
              "x": 339.0,
              "y": 144.0
            },
            {
              "x": 341.0,
              "y": 142.0
            },
            {
              "x": 346.0,
              "y": 141.0
            },
            {
              "x": 351.0,
              "y": 138.0
            },
            {
              "x": 357.0,
              "y": 137.0
            },
            {
              "x": 369.0,
              "y": 131.0
            },
            {
              "x": 373.0,
              "y": 127.0
            },
            {
              "x": 373.0,
              "y": 125.0
            },
            {
              "x": 375.0,
              "y": 123.0
            },
            {
              "x": 375.0,
              "y": 120.0
            },
            {
              "x": 376.0,
              "y": 119.0
            },
            {
              "x": 376.0,
              "y": 107.0
            },
            {
              "x": 375.0,
              "y": 106.0
            },
            {
              "x": 375.0,
              "y": 102.0
            },
            {
              "x": 373.0,
              "y": 99.0
            },
            {
              "x": 373.0,
              "y": 96.0
            },
            {
              "x": 371.0,
              "y": 94.0
            }
          ]
        ]
      },
      "properties": [],
      "slot_names": [
        "0"
      ]
    }
  ]
}