{
  "version": "2.0",
  "schema_ref": "https://darwin-public.s3.eu-west-1.amazonaws.com/darwin_json/2.0/schema.json",
  "item": {
    "name": "sedani.4qekppbq.ingestion-5fd995d986-l5rgx.jpg",
    "path": "/",
    "source_info": {
      "item_id": "018ea5b6-3852-82ae-02c3-8f270c4e82c0",
      "dataset": {
        "name": "Pasta",
        "slug": "pasta",
        "dataset_management_url": "https://darwin.v7labs.com/datasets/735230/dataset-management"
      },
      "team": {
        "name": "Salvino",
        "slug": "salvino"
      },
      "workview_url": "https://darwin.v7labs.com/workview?dataset=735230&item=018ea5b6-3852-82ae-02c3-8f270c4e82c0"
    },
    "slots": [
      {
        "type": "image",
        "slot_name": "0",
        "width": 512,
        "height": 512,
        "thumbnail_url": "https://darwin.v7labs.com/api/v2/teams/salvino/files/2e9046f5-93a4-44e6-bd1b-8c189ab1d4c9/thumbnail",
        "source_files": [
          {
            "file_name": "sedani.4qekppbq.ingestion-5fd995d986-l5rgx.jpg",
            "url": "https://darwin.v7labs.com/api/v2/teams/salvino/uploads/f600e9d2-f24d-4366-8646-1633d76964f6"
          }
        ]
      }
    ]
  },
  "annotations": [
    {
      "bounding_box": {
        "h": 210.0,
        "w": 146.0,
        "x": 149.0,
        "y": 138.0
      },
      "id": "5b2b128b-e028-4a7e-b9a3-bff8089ee03a",
      "name": "Sedani",
      "polygon": {
        "paths": [
          [
            {
              "x": 159.0,
              "y": 144.0
            },
            {
              "x": 152.0,
              "y": 151.0
            },
            {
              "x": 152.0,
              "y": 153.0
            },
            {
              "x": 149.0,
              "y": 157.0
            },
            {
              "x": 149.0,
              "y": 164.0
            },
            {
              "x": 150.0,
              "y": 165.0
            },
            {
              "x": 150.0,
              "y": 167.0
            },
            {
              "x": 151.0,
              "y": 167.0
            },
            {
              "x": 153.0,
              "y": 171.0
            },
            {
              "x": 159.0,
              "y": 176.0
            },
            {
              "x": 159.0,
              "y": 177.0
            },
            {
              "x": 162.0,
              "y": 180.0
            },
            {
              "x": 162.0,
              "y": 181.0
            },
            {
              "x": 164.0,
              "y": 182.0
            },
            {
              "x": 164.0,
              "y": 183.0
            },
            {
              "x": 168.0,
              "y": 187.0
            },
            {
              "x": 168.0,
              "y": 188.0
            },
            {
              "x": 171.0,
              "y": 191.0
            },
            {
              "x": 171.0,
              "y": 192.0
            },
            {
              "x": 173.0,
              "y": 193.0
            },
            {
              "x": 173.0,
              "y": 194.0
            },
            {
              "x": 177.0,
              "y": 198.0
            },
            {
              "x": 177.0,
              "y": 199.0
            },
            {
              "x": 180.0,
              "y": 202.0
            },
            {
              "x": 180.0,
              "y": 203.0
            },
            {
              "x": 184.0,
              "y": 207.0
            },
            {
              "x": 184.0,
              "y": 208.0
            },
            {
              "x": 187.0,
              "y": 211.0
            },
            {
              "x": 187.0,
              "y": 212.0
            },
            {
              "x": 191.0,
              "y": 217.0
            },
            {
              "x": 192.0,
              "y": 220.0
            },
            {
              "x": 194.0,
              "y": 222.0
            },
            {
              "x": 194.0,
              "y": 224.0
            },
            {
              "x": 197.0,
              "y": 227.0
            },
            {
              "x": 200.0,
              "y": 234.0
            },
            {
              "x": 202.0,
              "y": 236.0
            },
            {
              "x": 202.0,
              "y": 238.0
            },
            {
              "x": 204.0,
              "y": 240.0
            },
            {
              "x": 205.0,
              "y": 244.0
            },
            {
              "x": 209.0,
              "y": 250.0
            },
            {
              "x": 209.0,
              "y": 253.0
            },
            {
              "x": 212.0,
              "y": 257.0
            },
            {
              "x": 213.0,
              "y": 262.0
            },
            {
              "x": 216.0,
              "y": 266.0
            },
            {
              "x": 216.0,
              "y": 268.0
            },
            {
              "x": 219.0,
              "y": 273.0
            },
            {
              "x": 220.0,
              "y": 279.0
            },
            {
              "x": 223.0,
              "y": 284.0
            },
            {
              "x": 223.0,
              "y": 288.0
            },
            {
              "x": 227.0,
              "y": 296.0
            },
            {
              "x": 227.0,
              "y": 299.0
            },
            {
              "x": 229.0,
              "y": 303.0
            },
            {
              "x": 230.0,
              "y": 310.0
            },
            {
              "x": 231.0,
              "y": 311.0
            },
            {
              "x": 232.0,
              "y": 317.0
            },
            {
              "x": 234.0,
              "y": 321.0
            },
            {
              "x": 234.0,
              "y": 325.0
            },
            {
              "x": 236.0,
              "y": 329.0
            },
            {
              "x": 236.0,
              "y": 333.0
            },
            {
              "x": 237.0,
              "y": 334.0
            },
            {
              "x": 237.0,
              "y": 336.0
            },
            {
              "x": 241.0,
              "y": 340.0
            },
            {
              "x": 242.0,
              "y": 342.0
            },
            {
              "x": 245.0,
              "y": 343.0
            },
            {
              "x": 248.0,
              "y": 346.0
            },
            {
              "x": 250.0,
              "y": 346.0
            },
            {
              "x": 251.0,
              "y": 347.0
            },
            {
              "x": 256.0,
              "y": 347.0
            },
            {
              "x": 257.0,
              "y": 348.0
            },
            {
              "x": 262.0,
              "y": 348.0
            },
            {
              "x": 263.0,
              "y": 347.0
            },
            {
              "x": 271.0,
              "y": 347.0
            },
            {
              "x": 272.0,
              "y": 346.0
            },
            {
              "x": 274.0,
              "y": 346.0
            },
            {
              "x": 275.0,
              "y": 345.0
            },
            {
              "x": 277.0,
              "y": 345.0
            },
            {
              "x": 278.0,
              "y": 344.0
            },
            {
              "x": 282.0,
              "y": 343.0
            },
            {
              "x": 285.0,
              "y": 340.0
            },
            {
              "x": 286.0,
              "y": 340.0
            },
            {
              "x": 290.0,
              "y": 337.0
            },
            {
              "x": 291.0,
              "y": 334.0
            },
            {
              "x": 294.0,
              "y": 331.0
            },
            {
              "x": 294.0,
              "y": 325.0
            },
            {
              "x": 295.0,
              "y": 324.0
            },
            {
              "x": 295.0,
              "y": 320.0
            },
            {
              "x": 293.0,
              "y": 317.0
            },
            {
              "x": 293.0,
              "y": 314.0
            },
            {
              "x": 291.0,
              "y": 310.0
            },
            {
              "x": 291.0,
              "y": 306.0
            },
            {
              "x": 287.0,
              "y": 299.0
            },
            {
              "x": 285.0,
              "y": 291.0
            },
            {
              "x": 280.0,
              "y": 281.0
            },
            {
              "x": 279.0,
              "y": 276.0
            },
            {
              "x": 276.0,
              "y": 272.0
            },
            {
              "x": 276.0,
              "y": 269.0
            },
            {
              "x": 274.0,
              "y": 265.0
            },
            {
              "x": 272.0,
              "y": 263.0
            },
            {
              "x": 272.0,
              "y": 261.0
            },
            {
              "x": 265.0,
              "y": 247.0
            },
            {
              "x": 265.0,
              "y": 245.0
            },
            {
              "x": 261.0,
              "y": 238.0
            },
            {
              "x": 261.0,
              "y": 236.0
            },
            {
              "x": 258.0,
              "y": 233.0
            },
            {
              "x": 257.0,
              "y": 229.0
            },
            {
              "x": 251.0,
              "y": 221.0
            },
            {
              "x": 251.0,
              "y": 219.0
            },
            {
              "x": 249.0,
              "y": 217.0
            },
            {
              "x": 248.0,
              "y": 214.0
            },
            {
              "x": 243.0,
              "y": 208.0
            },
            {
              "x": 243.0,
              "y": 206.0
            },
            {
              "x": 241.0,
              "y": 204.0
            },
            {
              "x": 240.0,
              "y": 201.0
            },
            {
              "x": 237.0,
              "y": 198.0
            },
            {
              "x": 233.0,
              "y": 191.0
            },
            {
              "x": 229.0,
              "y": 187.0
            },
            {
              "x": 226.0,
              "y": 181.0
            },
            {
              "x": 216.0,
              "y": 170.0
            },
            {
              "x": 216.0,
              "y": 169.0
            },
            {
              "x": 208.0,
              "y": 160.0
            },
            {
              "x": 208.0,
              "y": 159.0
            },
            {
              "x": 204.0,
              "y": 155.0
            },
            {
              "x": 204.0,
              "y": 154.0
            },
            {
              "x": 203.0,
              "y": 154.0
            },
            {
              "x": 202.0,
              "y": 152.0
            },
            {
              "x": 193.0,
              "y": 143.0
            },
            {
              "x": 186.0,
              "y": 139.0
            },
            {
              "x": 173.0,
              "y": 138.0
            },
            {
              "x": 172.0,
              "y": 139.0
            },
            {
              "x": 169.0,
              "y": 139.0
            },
            {
              "x": 160.0,
              "y": 144.0
            }
          ]
        ]
      },
      "properties": [],
      "slot_names": [
        "0"
      ]
    }
  ]
}