{
  "version": "2.0",
  "schema_ref": "https://darwin-public.s3.eu-west-1.amazonaws.com/darwin_json/2.0/schema.json",
  "item": {
    "name": "sedani.4qeko5ge.ingestion-5fd995d986-fwdsf.jpg",
    "path": "/",
    "source_info": {
      "item_id": "018ea5b6-3851-f144-cfd6-8545047b9cc7",
      "dataset": {
        "name": "Pasta",
        "slug": "pasta",
        "dataset_management_url": "https://darwin.v7labs.com/datasets/735230/dataset-management"
      },
      "team": {
        "name": "Salvino",
        "slug": "salvino"
      },
      "workview_url": "https://darwin.v7labs.com/workview?dataset=735230&item=018ea5b6-3851-f144-cfd6-8545047b9cc7"
    },
    "slots": [
      {
        "type": "image",
        "slot_name": "0",
        "width": 512,
        "height": 512,
        "thumbnail_url": "https://darwin.v7labs.com/api/v2/teams/salvino/files/e2d98f1c-5486-4dda-ba50-12101b1bd267/thumbnail",
        "source_files": [
          {
            "file_name": "sedani.4qeko5ge.ingestion-5fd995d986-fwdsf.jpg",
            "url": "https://darwin.v7labs.com/api/v2/teams/salvino/uploads/1770ff5f-db98-4f50-9997-50ec9656bf91"
          }
        ]
      }
    ]
  },
  "annotations": [
    {
      "bounding_box": {
        "h": 325.0,
        "w": 279.0,
        "x": 115.0,
        "y": 94.0
      },
      "id": "76569417-88af-46d8-a198-60cf81a37be8",
      "name": "Sedani",
      "polygon": {
        "paths": [
          [
            {
              "x": 379.0,
              "y": 109.0
            },
            {
              "x": 375.0,
              "y": 107.0
            },
            {
              "x": 366.0,
              "y": 98.0
            },
            {
              "x": 365.0,
              "y": 98.0
            },
            {
              "x": 363.0,
              "y": 96.0
            },
            {
              "x": 361.0,
              "y": 96.0
            },
            {
              "x": 358.0,
              "y": 94.0
            },
            {
              "x": 349.0,
              "y": 94.0
            },
            {
              "x": 347.0,
              "y": 96.0
            },
            {
              "x": 343.0,
              "y": 98.0
            },
            {
              "x": 341.0,
              "y": 101.0
            },
            {
              "x": 340.0,
              "y": 101.0
            },
            {
              "x": 338.0,
              "y": 103.0
            },
            {
              "x": 334.0,
              "y": 105.0
            },
            {
              "x": 330.0,
              "y": 109.0
            },
            {
              "x": 329.0,
              "y": 109.0
            },
            {
              "x": 329.0,
              "y": 110.0
            },
            {
              "x": 327.0,
              "y": 112.0
            },
            {
              "x": 326.0,
              "y": 112.0
            },
            {
              "x": 322.0,
              "y": 116.0
            },
            {
              "x": 321.0,
              "y": 116.0
            },
            {
              "x": 317.0,
              "y": 120.0
            },
            {
              "x": 316.0,
              "y": 120.0
            },
            {
              "x": 316.0,
              "y": 121.0
            },
            {
              "x": 313.0,
              "y": 124.0
            },
            {
              "x": 312.0,
              "y": 124.0
            },
            {
              "x": 307.0,
              "y": 129.0
            },
            {
              "x": 306.0,
              "y": 129.0
            },
            {
              "x": 302.0,
              "y": 134.0
            },
            {
              "x": 298.0,
              "y": 136.0
            },
            {
              "x": 298.0,
              "y": 137.0
            },
            {
              "x": 296.0,
              "y": 138.0
            },
            {
              "x": 295.0,
              "y": 140.0
            },
            {
              "x": 294.0,
              "y": 140.0
            },
            {
              "x": 279.0,
              "y": 155.0
            },
            {
              "x": 278.0,
              "y": 155.0
            },
            {
              "x": 278.0,
              "y": 156.0
            },
            {
              "x": 276.0,
              "y": 157.0
            },
            {
              "x": 275.0,
              "y": 159.0
            },
            {
              "x": 273.0,
              "y": 160.0
            },
            {
              "x": 262.0,
              "y": 171.0
            },
            {
              "x": 262.0,
              "y": 172.0
            },
            {
              "x": 259.0,
              "y": 175.0
            },
            {
              "x": 258.0,
              "y": 175.0
            },
            {
              "x": 256.0,
              "y": 179.0
            },
            {
              "x": 254.0,
              "y": 180.0
            },
            {
              "x": 254.0,
              "y": 181.0
            },
            {
              "x": 252.0,
              "y": 182.0
            },
            {
              "x": 251.0,
              "y": 184.0
            },
            {
              "x": 250.0,
              "y": 184.0
            },
            {
              "x": 250.0,
              "y": 185.0
            },
            {
              "x": 242.0,
              "y": 193.0
            },
            {
              "x": 242.0,
              "y": 194.0
            },
            {
              "x": 238.0,
              "y": 198.0
            },
            {
              "x": 238.0,
              "y": 199.0
            },
            {
              "x": 236.0,
              "y": 200.0
            },
            {
              "x": 235.0,
              "y": 202.0
            },
            {
              "x": 234.0,
              "y": 202.0
            },
            {
              "x": 234.0,
              "y": 203.0
            },
            {
              "x": 231.0,
              "y": 206.0
            },
            {
              "x": 231.0,
              "y": 207.0
            },
            {
              "x": 228.0,
              "y": 210.0
            },
            {
              "x": 228.0,
              "y": 211.0
            },
            {
              "x": 226.0,
              "y": 213.0
            },
            {
              "x": 225.0,
              "y": 213.0
            },
            {
              "x": 224.0,
              "y": 215.0
            },
            {
              "x": 223.0,
              "y": 215.0
            },
            {
              "x": 223.0,
              "y": 216.0
            },
            {
              "x": 219.0,
              "y": 220.0
            },
            {
              "x": 217.0,
              "y": 224.0
            },
            {
              "x": 215.0,
              "y": 226.0
            },
            {
              "x": 214.0,
              "y": 226.0
            },
            {
              "x": 214.0,
              "y": 227.0
            },
            {
              "x": 212.0,
              "y": 229.0
            },
            {
              "x": 208.0,
              "y": 236.0
            },
            {
              "x": 206.0,
              "y": 237.0
            },
            {
              "x": 205.0,
              "y": 239.0
            },
            {
              "x": 204.0,
              "y": 239.0
            },
            {
              "x": 204.0,
              "y": 240.0
            },
            {
              "x": 201.0,
              "y": 243.0
            },
            {
              "x": 199.0,
              "y": 247.0
            },
            {
              "x": 197.0,
              "y": 248.0
            },
            {
              "x": 194.0,
              "y": 254.0
            },
            {
              "x": 192.0,
              "y": 255.0
            },
            {
              "x": 192.0,
              "y": 256.0
            },
            {
              "x": 190.0,
              "y": 258.0
            },
            {
              "x": 186.0,
              "y": 265.0
            },
            {
              "x": 184.0,
              "y": 266.0
            },
            {
              "x": 183.0,
              "y": 269.0
            },
            {
              "x": 181.0,
              "y": 270.0
            },
            {
              "x": 177.0,
              "y": 278.0
            },
            {
              "x": 175.0,
              "y": 279.0
            },
            {
              "x": 173.0,
              "y": 284.0
            },
            {
              "x": 170.0,
              "y": 287.0
            },
            {
              "x": 170.0,
              "y": 288.0
            },
            {
              "x": 166.0,
              "y": 293.0
            },
            {
              "x": 164.0,
              "y": 298.0
            },
            {
              "x": 162.0,
              "y": 300.0
            },
            {
              "x": 159.0,
              "y": 306.0
            },
            {
              "x": 155.0,
              "y": 311.0
            },
            {
              "x": 155.0,
              "y": 313.0
            },
            {
              "x": 153.0,
              "y": 315.0
            },
            {
              "x": 151.0,
              "y": 320.0
            },
            {
              "x": 149.0,
              "y": 321.0
            },
            {
              "x": 148.0,
              "y": 324.0
            },
            {
              "x": 146.0,
              "y": 325.0
            },
            {
              "x": 146.0,
              "y": 327.0
            },
            {
              "x": 140.0,
              "y": 335.0
            },
            {
              "x": 140.0,
              "y": 337.0
            },
            {
              "x": 138.0,
              "y": 338.0
            },
            {
              "x": 137.0,
              "y": 341.0
            },
            {
              "x": 133.0,
              "y": 346.0
            },
            {
              "x": 133.0,
              "y": 348.0
            },
            {
              "x": 131.0,
              "y": 350.0
            },
            {
              "x": 129.0,
              "y": 355.0
            },
            {
              "x": 124.0,
              "y": 361.0
            },
            {
              "x": 124.0,
              "y": 363.0
            },
            {
              "x": 122.0,
              "y": 365.0
            },
            {
              "x": 122.0,
              "y": 367.0
            },
            {
              "x": 120.0,
              "y": 369.0
            },
            {
              "x": 120.0,
              "y": 371.0
            },
            {
              "x": 118.0,
              "y": 374.0
            },
            {
              "x": 118.0,
              "y": 376.0
            },
            {
              "x": 115.0,
              "y": 380.0
            },
            {
              "x": 115.0,
              "y": 387.0
            },
            {
              "x": 117.0,
              "y": 389.0
            },
            {
              "x": 117.0,
              "y": 390.0
            },
            {
              "x": 124.0,
              "y": 397.0
            },
            {
              "x": 142.0,
              "y": 406.0
            },
            {
              "x": 144.0,
              "y": 408.0
            },
            {
              "x": 147.0,
              "y": 408.0
            },
            {
              "x": 149.0,
              "y": 410.0
            },
            {
              "x": 152.0,
              "y": 410.0
            },
            {
              "x": 155.0,
              "y": 412.0
            },
            {
              "x": 158.0,
              "y": 412.0
            },
            {
              "x": 161.0,
              "y": 414.0
            },
            {
              "x": 166.0,
              "y": 415.0
            },
            {
              "x": 169.0,
              "y": 417.0
            },
            {
              "x": 174.0,
              "y": 417.0
            },
            {
              "x": 175.0,
              "y": 418.0
            },
            {
              "x": 178.0,
              "y": 418.0
            },
            {
              "x": 179.0,
              "y": 419.0
            },
            {
              "x": 187.0,
              "y": 419.0
            },
            {
              "x": 191.0,
              "y": 417.0
            },
            {
              "x": 191.0,
              "y": 416.0
            },
            {
              "x": 194.0,
              "y": 413.0
            },
            {
              "x": 194.0,
              "y": 411.0
            },
            {
              "x": 196.0,
              "y": 410.0
            },
            {
              "x": 196.0,
              "y": 408.0
            },
            {
              "x": 198.0,
              "y": 406.0
            },
            {
              "x": 198.0,
              "y": 404.0
            },
            {
              "x": 202.0,
              "y": 396.0
            },
            {
              "x": 202.0,
              "y": 393.0
            },
            {
              "x": 204.0,
              "y": 391.0
            },
            {
              "x": 205.0,
              "y": 389.0
            },
            {
              "x": 205.0,
              "y": 386.0
            },
            {
              "x": 207.0,
              "y": 384.0
            },
            {
              "x": 207.0,
              "y": 381.0
            },
            {
              "x": 209.0,
              "y": 378.0
            },
            {
              "x": 209.0,
              "y": 376.0
            },
            {
              "x": 211.0,
              "y": 374.0
            },
            {
              "x": 211.0,
              "y": 372.0
            },
            {
              "x": 213.0,
              "y": 369.0
            },
            {
              "x": 213.0,
              "y": 367.0
            },
            {
              "x": 216.0,
              "y": 363.0
            },
            {
              "x": 216.0,
              "y": 361.0
            },
            {
              "x": 218.0,
              "y": 359.0
            },
            {
              "x": 218.0,
              "y": 357.0
            },
            {
              "x": 220.0,
              "y": 355.0
            },
            {
              "x": 220.0,
              "y": 353.0
            },
            {
              "x": 222.0,
              "y": 351.0
            },
            {
              "x": 222.0,
              "y": 349.0
            },
            {
              "x": 224.0,
              "y": 345.0
            },
            {
              "x": 227.0,
              "y": 342.0
            },
            {
              "x": 227.0,
              "y": 340.0
            },
            {
              "x": 229.0,
              "y": 336.0
            },
            {
              "x": 233.0,
              "y": 331.0
            },
            {
              "x": 238.0,
              "y": 321.0
            },
            {
              "x": 244.0,
              "y": 313.0
            },
            {
              "x": 246.0,
              "y": 308.0
            },
            {
              "x": 249.0,
              "y": 305.0
            },
            {
              "x": 249.0,
              "y": 304.0
            },
            {
              "x": 255.0,
              "y": 296.0
            },
            {
              "x": 255.0,
              "y": 294.0
            },
            {
              "x": 257.0,
              "y": 293.0
            },
            {
              "x": 257.0,
              "y": 292.0
            },
            {
              "x": 260.0,
              "y": 289.0
            },
            {
              "x": 260.0,
              "y": 288.0
            },
            {
              "x": 262.0,
              "y": 287.0
            },
            {
              "x": 266.0,
              "y": 279.0
            },
            {
              "x": 268.0,
              "y": 278.0
            },
            {
              "x": 268.0,
              "y": 277.0
            },
            {
              "x": 271.0,
              "y": 274.0
            },
            {
              "x": 273.0,
              "y": 270.0
            },
            {
              "x": 275.0,
              "y": 269.0
            },
            {
              "x": 277.0,
              "y": 265.0
            },
            {
              "x": 279.0,
              "y": 263.0
            },
            {
              "x": 280.0,
              "y": 263.0
            },
            {
              "x": 280.0,
              "y": 261.0
            },
            {
              "x": 282.0,
              "y": 260.0
            },
            {
              "x": 282.0,
              "y": 259.0
            },
            {
              "x": 284.0,
              "y": 257.0
            },
            {
              "x": 288.0,
              "y": 250.0
            },
            {
              "x": 291.0,
              "y": 248.0
            },
            {
              "x": 293.0,
              "y": 244.0
            },
            {
              "x": 295.0,
              "y": 243.0
            },
            {
              "x": 295.0,
              "y": 242.0
            },
            {
              "x": 299.0,
              "y": 238.0
            },
            {
              "x": 299.0,
              "y": 237.0
            },
            {
              "x": 302.0,
              "y": 235.0
            },
            {
              "x": 302.0,
              "y": 234.0
            },
            {
              "x": 307.0,
              "y": 229.0
            },
            {
              "x": 307.0,
              "y": 228.0
            },
            {
              "x": 312.0,
              "y": 223.0
            },
            {
              "x": 313.0,
              "y": 223.0
            },
            {
              "x": 314.0,
              "y": 221.0
            },
            {
              "x": 315.0,
              "y": 221.0
            },
            {
              "x": 315.0,
              "y": 219.0
            },
            {
              "x": 317.0,
              "y": 218.0
            },
            {
              "x": 317.0,
              "y": 217.0
            },
            {
              "x": 319.0,
              "y": 216.0
            },
            {
              "x": 319.0,
              "y": 215.0
            },
            {
              "x": 321.0,
              "y": 214.0
            },
            {
              "x": 321.0,
              "y": 213.0
            },
            {
              "x": 323.0,
              "y": 212.0
            },
            {
              "x": 326.0,
              "y": 209.0
            },
            {
              "x": 326.0,
              "y": 208.0
            },
            {
              "x": 328.0,
              "y": 207.0
            },
            {
              "x": 328.0,
              "y": 206.0
            },
            {
              "x": 331.0,
              "y": 203.0
            },
            {
              "x": 332.0,
              "y": 203.0
            },
            {
              "x": 333.0,
              "y": 201.0
            },
            {
              "x": 337.0,
              "y": 199.0
            },
            {
              "x": 337.0,
              "y": 198.0
            },
            {
              "x": 345.0,
              "y": 190.0
            },
            {
              "x": 346.0,
              "y": 190.0
            },
            {
              "x": 346.0,
              "y": 189.0
            },
            {
              "x": 348.0,
              "y": 188.0
            },
            {
              "x": 348.0,
              "y": 187.0
            },
            {
              "x": 352.0,
              "y": 183.0
            },
            {
              "x": 353.0,
              "y": 183.0
            },
            {
              "x": 357.0,
              "y": 179.0
            },
            {
              "x": 358.0,
              "y": 179.0
            },
            {
              "x": 362.0,
              "y": 174.0
            },
            {
              "x": 363.0,
              "y": 174.0
            },
            {
              "x": 367.0,
              "y": 170.0
            },
            {
              "x": 368.0,
              "y": 170.0
            },
            {
              "x": 372.0,
              "y": 166.0
            },
            {
              "x": 373.0,
              "y": 166.0
            },
            {
              "x": 375.0,
              "y": 163.0
            },
            {
              "x": 376.0,
              "y": 163.0
            },
            {
              "x": 382.0,
              "y": 158.0
            },
            {
              "x": 383.0,
              "y": 158.0
            },
            {
              "x": 387.0,
              "y": 154.0
            },
            {
              "x": 387.0,
              "y": 153.0
            },
            {
              "x": 390.0,
              "y": 151.0
            },
            {
              "x": 390.0,
              "y": 150.0
            },
            {
              "x": 392.0,
              "y": 148.0
            },
            {
              "x": 392.0,
              "y": 145.0
            },
            {
              "x": 394.0,
              "y": 142.0
            },
            {
              "x": 394.0,
              "y": 140.0
            },
            {
              "x": 393.0,
              "y": 139.0
            },
            {
              "x": 393.0,
              "y": 136.0
            },
            {
              "x": 392.0,
              "y": 135.0
            },
            {
              "x": 392.0,
              "y": 131.0
            },
            {
              "x": 390.0,
              "y": 128.0
            },
            {
              "x": 390.0,
              "y": 125.0
            },
            {
              "x": 387.0,
              "y": 122.0
            },
            {
              "x": 387.0,
              "y": 120.0
            },
            {
              "x": 385.0,
              "y": 118.0
            },
            {
              "x": 383.0,
              "y": 114.0
            },
            {
              "x": 382.0,
              "y": 114.0
            },
            {
              "x": 379.0,
              "y": 110.0
            }
          ]
        ]
      },
      "properties": [],
      "slot_names": [
        "0"
      ]
    }
  ]
}