{
  "version": "2.0",
  "schema_ref": "https://darwin-public.s3.eu-west-1.amazonaws.com/darwin_json/2.0/schema.json",
  "item": {
    "name": "sedani.4qeko1q4.ingestion-5fd995d986-l5rgx.jpg",
    "path": "/",
    "source_info": {
      "item_id": "018ea5b6-3851-4e02-990f-ff4e9124f9a5",
      "dataset": {
        "name": "Pasta",
        "slug": "pasta",
        "dataset_management_url": "https://darwin.v7labs.com/datasets/735230/dataset-management"
      },
      "team": {
        "name": "Salvino",
        "slug": "salvino"
      },
      "workview_url": "https://darwin.v7labs.com/workview?dataset=735230&item=018ea5b6-3851-4e02-990f-ff4e9124f9a5"
    },
    "slots": [
      {
        "type": "image",
        "slot_name": "0",
        "width": 512,
        "height": 512,
        "thumbnail_url": "https://darwin.v7labs.com/api/v2/teams/salvino/files/5f1a31f2-f6d7-4f49-b8b5-594cb12c9474/thumbnail",
        "source_files": [
          {
            "file_name": "sedani.4qeko1q4.ingestion-5fd995d986-l5rgx.jpg",
            "url": "https://darwin.v7labs.com/api/v2/teams/salvino/uploads/5167c9be-abad-4cd9-a99a-717141fcd134"
          }
        ]
      }
    ]
  },
  "annotations": [
    {
      "bounding_box": {
        "h": 258.0,
        "w": 278.0,
        "x": 146.0,
        "y": 126.0
      },
      "id": "640ad496-436e-47fb-bcf7-74be2628276a",
      "name": "Sedani",
      "polygon": {
        "paths": [
          [
            {
              "x": 417.0,
              "y": 139.0
            },
            {
              "x": 414.0,
              "y": 136.0
            },
            {
              "x": 411.0,
              "y": 135.0
            },
            {
              "x": 406.0,
              "y": 131.0
            },
            {
              "x": 404.0,
              "y": 130.0
            },
            {
              "x": 401.0,
              "y": 130.0
            },
            {
              "x": 393.0,
              "y": 126.0
            },
            {
              "x": 388.0,
              "y": 126.0
            },
            {
              "x": 387.0,
              "y": 127.0
            },
            {
              "x": 384.0,
              "y": 127.0
            },
            {
              "x": 383.0,
              "y": 128.0
            },
            {
              "x": 377.0,
              "y": 128.0
            },
            {
              "x": 375.0,
              "y": 130.0
            },
            {
              "x": 370.0,
              "y": 130.0
            },
            {
              "x": 364.0,
              "y": 133.0
            },
            {
              "x": 361.0,
              "y": 133.0
            },
            {
              "x": 359.0,
              "y": 135.0
            },
            {
              "x": 356.0,
              "y": 135.0
            },
            {
              "x": 354.0,
              "y": 137.0
            },
            {
              "x": 348.0,
              "y": 138.0
            },
            {
              "x": 345.0,
              "y": 140.0
            },
            {
              "x": 343.0,
              "y": 140.0
            },
            {
              "x": 341.0,
              "y": 142.0
            },
            {
              "x": 337.0,
              "y": 143.0
            },
            {
              "x": 335.0,
              "y": 145.0
            },
            {
              "x": 333.0,
              "y": 145.0
            },
            {
              "x": 325.0,
              "y": 150.0
            },
            {
              "x": 323.0,
              "y": 150.0
            },
            {
              "x": 318.0,
              "y": 154.0
            },
            {
              "x": 314.0,
              "y": 155.0
            },
            {
              "x": 306.0,
              "y": 161.0
            },
            {
              "x": 302.0,
              "y": 162.0
            },
            {
              "x": 301.0,
              "y": 164.0
            },
            {
              "x": 298.0,
              "y": 165.0
            },
            {
              "x": 296.0,
              "y": 167.0
            },
            {
              "x": 292.0,
              "y": 169.0
            },
            {
              "x": 291.0,
              "y": 171.0
            },
            {
              "x": 286.0,
              "y": 173.0
            },
            {
              "x": 282.0,
              "y": 177.0
            },
            {
              "x": 278.0,
              "y": 179.0
            },
            {
              "x": 277.0,
              "y": 181.0
            },
            {
              "x": 273.0,
              "y": 183.0
            },
            {
              "x": 272.0,
              "y": 185.0
            },
            {
              "x": 269.0,
              "y": 186.0
            },
            {
              "x": 268.0,
              "y": 188.0
            },
            {
              "x": 264.0,
              "y": 190.0
            },
            {
              "x": 256.0,
              "y": 198.0
            },
            {
              "x": 255.0,
              "y": 198.0
            },
            {
              "x": 251.0,
              "y": 202.0
            },
            {
              "x": 250.0,
              "y": 202.0
            },
            {
              "x": 248.0,
              "y": 205.0
            },
            {
              "x": 247.0,
              "y": 205.0
            },
            {
              "x": 242.0,
              "y": 210.0
            },
            {
              "x": 241.0,
              "y": 210.0
            },
            {
              "x": 229.0,
              "y": 222.0
            },
            {
              "x": 228.0,
              "y": 222.0
            },
            {
              "x": 228.0,
              "y": 223.0
            },
            {
              "x": 226.0,
              "y": 224.0
            },
            {
              "x": 226.0,
              "y": 225.0
            },
            {
              "x": 220.0,
              "y": 231.0
            },
            {
              "x": 220.0,
              "y": 232.0
            },
            {
              "x": 218.0,
              "y": 233.0
            },
            {
              "x": 211.0,
              "y": 240.0
            },
            {
              "x": 209.0,
              "y": 244.0
            },
            {
              "x": 207.0,
              "y": 246.0
            },
            {
              "x": 206.0,
              "y": 246.0
            },
            {
              "x": 206.0,
              "y": 247.0
            },
            {
              "x": 190.0,
              "y": 263.0
            },
            {
              "x": 190.0,
              "y": 264.0
            },
            {
              "x": 187.0,
              "y": 267.0
            },
            {
              "x": 187.0,
              "y": 268.0
            },
            {
              "x": 185.0,
              "y": 269.0
            },
            {
              "x": 184.0,
              "y": 271.0
            },
            {
              "x": 182.0,
              "y": 272.0
            },
            {
              "x": 182.0,
              "y": 273.0
            },
            {
              "x": 180.0,
              "y": 274.0
            },
            {
              "x": 177.0,
              "y": 277.0
            },
            {
              "x": 177.0,
              "y": 278.0
            },
            {
              "x": 163.0,
              "y": 292.0
            },
            {
              "x": 163.0,
              "y": 293.0
            },
            {
              "x": 161.0,
              "y": 294.0
            },
            {
              "x": 160.0,
              "y": 297.0
            },
            {
              "x": 157.0,
              "y": 299.0
            },
            {
              "x": 157.0,
              "y": 300.0
            },
            {
              "x": 152.0,
              "y": 306.0
            },
            {
              "x": 151.0,
              "y": 309.0
            },
            {
              "x": 148.0,
              "y": 313.0
            },
            {
              "x": 148.0,
              "y": 316.0
            },
            {
              "x": 146.0,
              "y": 318.0
            },
            {
              "x": 146.0,
              "y": 324.0
            },
            {
              "x": 148.0,
              "y": 327.0
            },
            {
              "x": 148.0,
              "y": 329.0
            },
            {
              "x": 153.0,
              "y": 336.0
            },
            {
              "x": 154.0,
              "y": 339.0
            },
            {
              "x": 157.0,
              "y": 342.0
            },
            {
              "x": 157.0,
              "y": 343.0
            },
            {
              "x": 167.0,
              "y": 353.0
            },
            {
              "x": 168.0,
              "y": 353.0
            },
            {
              "x": 169.0,
              "y": 355.0
            },
            {
              "x": 170.0,
              "y": 355.0
            },
            {
              "x": 175.0,
              "y": 360.0
            },
            {
              "x": 176.0,
              "y": 360.0
            },
            {
              "x": 177.0,
              "y": 362.0
            },
            {
              "x": 179.0,
              "y": 363.0
            },
            {
              "x": 185.0,
              "y": 369.0
            },
            {
              "x": 188.0,
              "y": 370.0
            },
            {
              "x": 196.0,
              "y": 376.0
            },
            {
              "x": 200.0,
              "y": 377.0
            },
            {
              "x": 205.0,
              "y": 381.0
            },
            {
              "x": 209.0,
              "y": 381.0
            },
            {
              "x": 210.0,
              "y": 382.0
            },
            {
              "x": 220.0,
              "y": 382.0
            },
            {
              "x": 221.0,
              "y": 383.0
            },
            {
              "x": 227.0,
              "y": 383.0
            },
            {
              "x": 228.0,
              "y": 384.0
            },
            {
              "x": 233.0,
              "y": 384.0
            },
            {
              "x": 234.0,
              "y": 383.0
            },
            {
              "x": 236.0,
              "y": 383.0
            },
            {
              "x": 237.0,
              "y": 382.0
            },
            {
              "x": 241.0,
              "y": 381.0
            },
            {
              "x": 241.0,
              "y": 380.0
            },
            {
              "x": 243.0,
              "y": 379.0
            },
            {
              "x": 247.0,
              "y": 374.0
            },
            {
              "x": 248.0,
              "y": 374.0
            },
            {
              "x": 249.0,
              "y": 371.0
            },
            {
              "x": 251.0,
              "y": 369.0
            },
            {
              "x": 253.0,
              "y": 365.0
            },
            {
              "x": 253.0,
              "y": 363.0
            },
            {
              "x": 255.0,
              "y": 360.0
            },
            {
              "x": 256.0,
              "y": 355.0
            },
            {
              "x": 258.0,
              "y": 353.0
            },
            {
              "x": 258.0,
              "y": 351.0
            },
            {
              "x": 260.0,
              "y": 348.0
            },
            {
              "x": 261.0,
              "y": 343.0
            },
            {
              "x": 263.0,
              "y": 341.0
            },
            {
              "x": 263.0,
              "y": 338.0
            },
            {
              "x": 265.0,
              "y": 336.0
            },
            {
              "x": 265.0,
              "y": 334.0
            },
            {
              "x": 270.0,
              "y": 325.0
            },
            {
              "x": 270.0,
              "y": 323.0
            },
            {
              "x": 273.0,
              "y": 319.0
            },
            {
              "x": 273.0,
              "y": 317.0
            },
            {
              "x": 275.0,
              "y": 315.0
            },
            {
              "x": 275.0,
              "y": 313.0
            },
            {
              "x": 277.0,
              "y": 312.0
            },
            {
              "x": 277.0,
              "y": 310.0
            },
            {
              "x": 279.0,
              "y": 308.0
            },
            {
              "x": 280.0,
              "y": 305.0
            },
            {
              "x": 282.0,
              "y": 303.0
            },
            {
              "x": 286.0,
              "y": 296.0
            },
            {
              "x": 291.0,
              "y": 290.0
            },
            {
              "x": 292.0,
              "y": 287.0
            },
            {
              "x": 294.0,
              "y": 286.0
            },
            {
              "x": 294.0,
              "y": 285.0
            },
            {
              "x": 299.0,
              "y": 279.0
            },
            {
              "x": 301.0,
              "y": 275.0
            },
            {
              "x": 303.0,
              "y": 274.0
            },
            {
              "x": 305.0,
              "y": 270.0
            },
            {
              "x": 307.0,
              "y": 268.0
            },
            {
              "x": 308.0,
              "y": 268.0
            },
            {
              "x": 309.0,
              "y": 265.0
            },
            {
              "x": 315.0,
              "y": 259.0
            },
            {
              "x": 315.0,
              "y": 258.0
            },
            {
              "x": 317.0,
              "y": 256.0
            },
            {
              "x": 318.0,
              "y": 256.0
            },
            {
              "x": 318.0,
              "y": 255.0
            },
            {
              "x": 321.0,
              "y": 252.0
            },
            {
              "x": 321.0,
              "y": 251.0
            },
            {
              "x": 323.0,
              "y": 250.0
            },
            {
              "x": 333.0,
              "y": 240.0
            },
            {
              "x": 334.0,
              "y": 238.0
            },
            {
              "x": 337.0,
              "y": 237.0
            },
            {
              "x": 337.0,
              "y": 236.0
            },
            {
              "x": 339.0,
              "y": 235.0
            },
            {
              "x": 339.0,
              "y": 234.0
            },
            {
              "x": 341.0,
              "y": 232.0
            },
            {
              "x": 342.0,
              "y": 232.0
            },
            {
              "x": 355.0,
              "y": 220.0
            },
            {
              "x": 359.0,
              "y": 218.0
            },
            {
              "x": 360.0,
              "y": 216.0
            },
            {
              "x": 366.0,
              "y": 213.0
            },
            {
              "x": 368.0,
              "y": 211.0
            },
            {
              "x": 369.0,
              "y": 211.0
            },
            {
              "x": 370.0,
              "y": 209.0
            },
            {
              "x": 377.0,
              "y": 206.0
            },
            {
              "x": 382.0,
              "y": 202.0
            },
            {
              "x": 388.0,
              "y": 199.0
            },
            {
              "x": 390.0,
              "y": 199.0
            },
            {
              "x": 394.0,
              "y": 196.0
            },
            {
              "x": 396.0,
              "y": 196.0
            },
            {
              "x": 401.0,
              "y": 192.0
            },
            {
              "x": 404.0,
              "y": 191.0
            },
            {
              "x": 406.0,
              "y": 189.0
            },
            {
              "x": 407.0,
              "y": 189.0
            },
            {
              "x": 409.0,
              "y": 187.0
            },
            {
              "x": 416.0,
              "y": 183.0
            },
            {
              "x": 417.0,
              "y": 180.0
            },
            {
              "x": 423.0,
              "y": 172.0
            },
            {
              "x": 423.0,
              "y": 166.0
            },
            {
              "x": 424.0,
              "y": 165.0
            },
            {
              "x": 424.0,
              "y": 156.0
            },
            {
              "x": 423.0,
              "y": 155.0
            },
            {
              "x": 423.0,
              "y": 149.0
            },
            {
              "x": 421.0,
              "y": 145.0
            },
            {
              "x": 417.0,
              "y": 140.0
            }
          ]
        ]
      },
      "properties": [],
      "slot_names": [
        "0"
      ]
    }
  ]
}