{
  "version": "2.0",
  "schema_ref": "https://darwin-public.s3.eu-west-1.amazonaws.com/darwin_json/2.0/schema.json",
  "item": {
    "name": "sedani.4qekkul3.ingestion-5fd995d986-fwdsf.jpg",
    "path": "/",
    "source_info": {
      "item_id": "018ea5b6-384f-bfd3-87d9-f9bfe68b29cc",
      "dataset": {
        "name": "Pasta",
        "slug": "pasta",
        "dataset_management_url": "https://darwin.v7labs.com/datasets/735230/dataset-management"
      },
      "team": {
        "name": "Salvino",
        "slug": "salvino"
      },
      "workview_url": "https://darwin.v7labs.com/workview?dataset=735230&item=018ea5b6-384f-bfd3-87d9-f9bfe68b29cc"
    },
    "slots": [
      {
        "type": "image",
        "slot_name": "0",
        "width": 512,
        "height": 512,
        "thumbnail_url": "https://darwin.v7labs.com/api/v2/teams/salvino/files/9cb1e2d8-a2d4-4958-883e-a23509cff485/thumbnail",
        "source_files": [
          {
            "file_name": "sedani.4qekkul3.ingestion-5fd995d986-fwdsf.jpg",
            "url": "https://darwin.v7labs.com/api/v2/teams/salvino/uploads/74d67b1d-f1b5-48fb-a919-6baabbe75972"
          }
        ]
      }
    ]
  },
  "annotations": [
    {
      "bounding_box": {
        "h": 311.0,
        "w": 208.0,
        "x": 174.0,
        "y": 15.0
      },
      "id": "51f3a33b-76c0-419a-8160-3370567fdce9",
      "name": "Sedani",
      "polygon": {
        "paths": [
          [
            {
              "x": 357.0,
              "y": 19.0
            },
            {
              "x": 352.0,
              "y": 19.0
            },
            {
              "x": 348.0,
              "y": 17.0
            },
            {
              "x": 346.0,
              "y": 15.0
            },
            {
              "x": 330.0,
              "y": 15.0
            },
            {
              "x": 321.0,
              "y": 23.0
            },
            {
              "x": 315.0,
              "y": 36.0
            },
            {
              "x": 313.0,
              "y": 38.0
            },
            {
              "x": 313.0,
              "y": 40.0
            },
            {
              "x": 311.0,
              "y": 42.0
            },
            {
              "x": 311.0,
              "y": 44.0
            },
            {
              "x": 307.0,
              "y": 49.0
            },
            {
              "x": 307.0,
              "y": 51.0
            },
            {
              "x": 305.0,
              "y": 53.0
            },
            {
              "x": 305.0,
              "y": 55.0
            },
            {
              "x": 303.0,
              "y": 57.0
            },
            {
              "x": 301.0,
              "y": 62.0
            },
            {
              "x": 299.0,
              "y": 64.0
            },
            {
              "x": 299.0,
              "y": 66.0
            },
            {
              "x": 297.0,
              "y": 67.0
            },
            {
              "x": 297.0,
              "y": 69.0
            },
            {
              "x": 295.0,
              "y": 71.0
            },
            {
              "x": 293.0,
              "y": 76.0
            },
            {
              "x": 291.0,
              "y": 78.0
            },
            {
              "x": 291.0,
              "y": 80.0
            },
            {
              "x": 289.0,
              "y": 81.0
            },
            {
              "x": 289.0,
              "y": 83.0
            },
            {
              "x": 287.0,
              "y": 85.0
            },
            {
              "x": 287.0,
              "y": 87.0
            },
            {
              "x": 285.0,
              "y": 89.0
            },
            {
              "x": 283.0,
              "y": 94.0
            },
            {
              "x": 281.0,
              "y": 96.0
            },
            {
              "x": 281.0,
              "y": 98.0
            },
            {
              "x": 279.0,
              "y": 100.0
            },
            {
              "x": 275.0,
              "y": 108.0
            },
            {
              "x": 273.0,
              "y": 110.0
            },
            {
              "x": 273.0,
              "y": 112.0
            },
            {
              "x": 271.0,
              "y": 113.0
            },
            {
              "x": 267.0,
              "y": 122.0
            },
            {
              "x": 265.0,
              "y": 124.0
            },
            {
              "x": 265.0,
              "y": 126.0
            },
            {
              "x": 259.0,
              "y": 134.0
            },
            {
              "x": 259.0,
              "y": 136.0
            },
            {
              "x": 257.0,
              "y": 137.0
            },
            {
              "x": 257.0,
              "y": 139.0
            },
            {
              "x": 255.0,
              "y": 141.0
            },
            {
              "x": 253.0,
              "y": 146.0
            },
            {
              "x": 251.0,
              "y": 148.0
            },
            {
              "x": 251.0,
              "y": 150.0
            },
            {
              "x": 249.0,
              "y": 151.0
            },
            {
              "x": 247.0,
              "y": 156.0
            },
            {
              "x": 243.0,
              "y": 161.0
            },
            {
              "x": 241.0,
              "y": 166.0
            },
            {
              "x": 239.0,
              "y": 168.0
            },
            {
              "x": 235.0,
              "y": 176.0
            },
            {
              "x": 233.0,
              "y": 178.0
            },
            {
              "x": 233.0,
              "y": 180.0
            },
            {
              "x": 231.0,
              "y": 181.0
            },
            {
              "x": 229.0,
              "y": 186.0
            },
            {
              "x": 227.0,
              "y": 188.0
            },
            {
              "x": 227.0,
              "y": 190.0
            },
            {
              "x": 225.0,
              "y": 191.0
            },
            {
              "x": 225.0,
              "y": 193.0
            },
            {
              "x": 221.0,
              "y": 198.0
            },
            {
              "x": 221.0,
              "y": 200.0
            },
            {
              "x": 219.0,
              "y": 201.0
            },
            {
              "x": 219.0,
              "y": 203.0
            },
            {
              "x": 215.0,
              "y": 208.0
            },
            {
              "x": 215.0,
              "y": 210.0
            },
            {
              "x": 213.0,
              "y": 212.0
            },
            {
              "x": 209.0,
              "y": 220.0
            },
            {
              "x": 203.0,
              "y": 228.0
            },
            {
              "x": 203.0,
              "y": 230.0
            },
            {
              "x": 201.0,
              "y": 231.0
            },
            {
              "x": 201.0,
              "y": 233.0
            },
            {
              "x": 195.0,
              "y": 241.0
            },
            {
              "x": 195.0,
              "y": 243.0
            },
            {
              "x": 189.0,
              "y": 251.0
            },
            {
              "x": 187.0,
              "y": 256.0
            },
            {
              "x": 185.0,
              "y": 258.0
            },
            {
              "x": 181.0,
              "y": 266.0
            },
            {
              "x": 179.0,
              "y": 268.0
            },
            {
              "x": 179.0,
              "y": 270.0
            },
            {
              "x": 177.0,
              "y": 272.0
            },
            {
              "x": 177.0,
              "y": 274.0
            },
            {
              "x": 175.0,
              "y": 277.0
            },
            {
              "x": 175.0,
              "y": 282.0
            },
            {
              "x": 174.0,
              "y": 283.0
            },
            {
              "x": 175.0,
              "y": 290.0
            },
            {
              "x": 181.0,
              "y": 296.0
            },
            {
              "x": 182.0,
              "y": 296.0
            },
            {
              "x": 183.0,
              "y": 298.0
            },
            {
              "x": 184.0,
              "y": 298.0
            },
            {
              "x": 187.0,
              "y": 301.0
            },
            {
              "x": 190.0,
              "y": 302.0
            },
            {
              "x": 191.0,
              "y": 304.0
            },
            {
              "x": 196.0,
              "y": 306.0
            },
            {
              "x": 199.0,
              "y": 309.0
            },
            {
              "x": 202.0,
              "y": 310.0
            },
            {
              "x": 203.0,
              "y": 312.0
            },
            {
              "x": 205.0,
              "y": 312.0
            },
            {
              "x": 207.0,
              "y": 314.0
            },
            {
              "x": 212.0,
              "y": 316.0
            },
            {
              "x": 219.0,
              "y": 322.0
            },
            {
              "x": 226.0,
              "y": 326.0
            },
            {
              "x": 231.0,
              "y": 324.0
            },
            {
              "x": 236.0,
              "y": 319.0
            },
            {
              "x": 238.0,
              "y": 315.0
            },
            {
              "x": 240.0,
              "y": 314.0
            },
            {
              "x": 240.0,
              "y": 313.0
            },
            {
              "x": 246.0,
              "y": 305.0
            },
            {
              "x": 246.0,
              "y": 303.0
            },
            {
              "x": 248.0,
              "y": 302.0
            },
            {
              "x": 250.0,
              "y": 297.0
            },
            {
              "x": 252.0,
              "y": 295.0
            },
            {
              "x": 256.0,
              "y": 287.0
            },
            {
              "x": 260.0,
              "y": 282.0
            },
            {
              "x": 262.0,
              "y": 277.0
            },
            {
              "x": 266.0,
              "y": 272.0
            },
            {
              "x": 268.0,
              "y": 267.0
            },
            {
              "x": 270.0,
              "y": 265.0
            },
            {
              "x": 270.0,
              "y": 263.0
            },
            {
              "x": 272.0,
              "y": 262.0
            },
            {
              "x": 272.0,
              "y": 260.0
            },
            {
              "x": 274.0,
              "y": 258.0
            },
            {
              "x": 276.0,
              "y": 253.0
            },
            {
              "x": 278.0,
              "y": 251.0
            },
            {
              "x": 278.0,
              "y": 249.0
            },
            {
              "x": 282.0,
              "y": 244.0
            },
            {
              "x": 284.0,
              "y": 239.0
            },
            {
              "x": 286.0,
              "y": 237.0
            },
            {
              "x": 286.0,
              "y": 235.0
            },
            {
              "x": 288.0,
              "y": 233.0
            },
            {
              "x": 292.0,
              "y": 225.0
            },
            {
              "x": 294.0,
              "y": 223.0
            },
            {
              "x": 294.0,
              "y": 221.0
            },
            {
              "x": 296.0,
              "y": 220.0
            },
            {
              "x": 300.0,
              "y": 211.0
            },
            {
              "x": 302.0,
              "y": 209.0
            },
            {
              "x": 302.0,
              "y": 208.0
            },
            {
              "x": 304.0,
              "y": 206.0
            },
            {
              "x": 304.0,
              "y": 204.0
            },
            {
              "x": 308.0,
              "y": 199.0
            },
            {
              "x": 308.0,
              "y": 197.0
            },
            {
              "x": 310.0,
              "y": 195.0
            },
            {
              "x": 310.0,
              "y": 193.0
            },
            {
              "x": 312.0,
              "y": 191.0
            },
            {
              "x": 312.0,
              "y": 189.0
            },
            {
              "x": 316.0,
              "y": 184.0
            },
            {
              "x": 316.0,
              "y": 182.0
            },
            {
              "x": 318.0,
              "y": 180.0
            },
            {
              "x": 320.0,
              "y": 175.0
            },
            {
              "x": 322.0,
              "y": 173.0
            },
            {
              "x": 322.0,
              "y": 171.0
            },
            {
              "x": 326.0,
              "y": 166.0
            },
            {
              "x": 326.0,
              "y": 164.0
            },
            {
              "x": 328.0,
              "y": 162.0
            },
            {
              "x": 330.0,
              "y": 157.0
            },
            {
              "x": 332.0,
              "y": 155.0
            },
            {
              "x": 332.0,
              "y": 153.0
            },
            {
              "x": 334.0,
              "y": 152.0
            },
            {
              "x": 334.0,
              "y": 150.0
            },
            {
              "x": 336.0,
              "y": 148.0
            },
            {
              "x": 336.0,
              "y": 146.0
            },
            {
              "x": 338.0,
              "y": 144.0
            },
            {
              "x": 340.0,
              "y": 139.0
            },
            {
              "x": 342.0,
              "y": 137.0
            },
            {
              "x": 342.0,
              "y": 135.0
            },
            {
              "x": 344.0,
              "y": 134.0
            },
            {
              "x": 344.0,
              "y": 132.0
            },
            {
              "x": 346.0,
              "y": 130.0
            },
            {
              "x": 346.0,
              "y": 128.0
            },
            {
              "x": 348.0,
              "y": 126.0
            },
            {
              "x": 348.0,
              "y": 124.0
            },
            {
              "x": 350.0,
              "y": 122.0
            },
            {
              "x": 354.0,
              "y": 113.0
            },
            {
              "x": 358.0,
              "y": 108.0
            },
            {
              "x": 358.0,
              "y": 106.0
            },
            {
              "x": 360.0,
              "y": 104.0
            },
            {
              "x": 366.0,
              "y": 92.0
            },
            {
              "x": 366.0,
              "y": 90.0
            },
            {
              "x": 368.0,
              "y": 88.0
            },
            {
              "x": 370.0,
              "y": 83.0
            },
            {
              "x": 372.0,
              "y": 81.0
            },
            {
              "x": 372.0,
              "y": 79.0
            },
            {
              "x": 374.0,
              "y": 78.0
            },
            {
              "x": 374.0,
              "y": 75.0
            },
            {
              "x": 376.0,
              "y": 73.0
            },
            {
              "x": 376.0,
              "y": 71.0
            },
            {
              "x": 378.0,
              "y": 69.0
            },
            {
              "x": 378.0,
              "y": 67.0
            },
            {
              "x": 380.0,
              "y": 64.0
            },
            {
              "x": 380.0,
              "y": 62.0
            },
            {
              "x": 382.0,
              "y": 60.0
            },
            {
              "x": 382.0,
              "y": 47.0
            },
            {
              "x": 381.0,
              "y": 46.0
            },
            {
              "x": 380.0,
              "y": 41.0
            },
            {
              "x": 378.0,
              "y": 39.0
            },
            {
              "x": 378.0,
              "y": 37.0
            },
            {
              "x": 376.0,
              "y": 35.0
            },
            {
              "x": 376.0,
              "y": 34.0
            },
            {
              "x": 372.0,
              "y": 31.0
            },
            {
              "x": 371.0,
              "y": 31.0
            },
            {
              "x": 370.0,
              "y": 29.0
            },
            {
              "x": 366.0,
              "y": 25.0
            },
            {
              "x": 364.0,
              "y": 25.0
            },
            {
              "x": 362.0,
              "y": 23.0
            },
            {
              "x": 361.0,
              "y": 23.0
            },
            {
              "x": 360.0,
              "y": 21.0
            },
            {
              "x": 359.0,
              "y": 21.0
            }
          ]
        ]
      },
      "properties": [],
      "slot_names": [
        "0"
      ]
    }
  ]
}